Case,Permutation_ID,Order1,Order2,Order3,Order4,Order5,Order6,Bus1,Bus2,Bus3,Bus4,Bus5,Bus6,PBESS1_kW,PBESS2_kW,PBESS3_kW,PBESS4_kW,PBESS5_kW,PBESS6_kW,P_BESS_total_kW,Vmin_pu,Lmax_pct,CritFrom,CritTo,BFS_converged,BFS_iterations,BFS_residual_pu,Thermal_feasible,OuterIterations,BisectionSweeps
P1/D3,1,26,22,18,14,10,6,6,10,14,18,22,26,0.190429687499993,0.190429687499993,0.190429687499993,80.9326171875,195,195,471.50390625,0.9142797719931,99.9838423704299,5,6,1,13,3.50529738261028e-13,1,2,1
P1/D3,2,26,22,18,14,6,10,6,10,14,18,22,26,0.190429687499993,0.190429687499993,0.190429687499993,80.9326171875,195,195,471.50390625,0.9142797719931,99.9838423704299,5,6,1,13,3.50529738261028e-13,1,2,1
P1/D3,3,26,22,18,10,14,6,6,10,14,18,22,26,0.190429687499993,0.190429687499993,0.190429687499993,80.9326171875,195,195,471.50390625,0.9142797719931,99.9838423704299,5,6,1,13,3.50529738261028e-13,1,2,1
P1/D3,4,26,22,18,10,6,14,6,10,14,18,22,26,0.190429687499993,0.190429687499993,0.190429687499993,80.9326171875,195,195,471.50390625,0.9142797719931,99.9838423704299,5,6,1,13,3.50529738261028e-13,1,2,1
P1/D3,5,26,22,18,6,14,10,6,10,14,18,22,26,0.190429687499993,0.190429687499993,0.190429687499993,80.9326171875,195,195,471.50390625,0.9142797719931,99.9838423704299,5,6,1,13,3.50529738261028e-13,1,2,1
P1/D3,6,26,22,18,6,10,14,6,10,14,18,22,26,0.190429687499993,0.190429687499993,0.190429687499993,80.9326171875,195,195,471.50390625,0.9142797719931,99.9838423704299,5,6,1,13,3.50529738261028e-13,1,2,1
P1/D3,7,26,22,14,18,10,6,6,10,14,18,22,26,0.190429687499993,0.190429687499993,83.2177734375,0.190429687499993,195,195,473.7890625,0.912397595633145,99.9805029144393,5,6,1,13,4.18981827656828e-13,1,2,1
P1/D3,8,26,22,14,18,6,10,6,10,14,18,22,26,0.190429687499993,0.190429687499993,83.2177734375,0.190429687499993,195,195,473.7890625,0.912397595633145,99.9805029144393,5,6,1,13,4.18981827656828e-13,1,2,1
P1/D3,9,26,22,14,10,18,6,6,10,14,18,22,26,0.190429687499993,0.190429687499993,83.2177734375,0.190429687499993,195,195,473.7890625,0.912397595633145,99.9805029144393,5,6,1,13,4.18981827656828e-13,1,2,1
P1/D3,10,26,22,14,10,6,18,6,10,14,18,22,26,0.190429687499993,0.190429687499993,83.2177734375,0.190429687499993,195,195,473.7890625,0.912397595633145,99.9805029144393,5,6,1,13,4.18981827656828e-13,1,2,1
P1/D3,11,26,22,14,6,18,10,6,10,14,18,22,26,0.190429687499993,0.190429687499993,83.2177734375,0.190429687499993,195,195,473.7890625,0.912397595633145,99.9805029144393,5,6,1,13,4.18981827656828e-13,1,2,1
P1/D3,12,26,22,14,6,10,18,6,10,14,18,22,26,0.190429687499993,0.190429687499993,83.2177734375,0.190429687499993,195,195,473.7890625,0.912397595633145,99.9805029144393,5,6,1,13,4.18981827656828e-13,1,2,1
P1/D3,13,26,22,10,18,14,6,6,10,14,18,22,26,0.190429687499993,87.0263671875,0.190429687499993,0.190429687499993,195,195,477.59765625,0.910881608253479,99.9827080127556,5,6,1,13,5.25344026829497e-13,1,2,1
P1/D3,14,26,22,10,18,6,14,6,10,14,18,22,26,0.190429687499993,87.0263671875,0.190429687499993,0.190429687499993,195,195,477.59765625,0.910881608253479,99.9827080127556,5,6,1,13,5.25344026829497e-13,1,2,1
P1/D3,15,26,22,10,14,18,6,6,10,14,18,22,26,0.190429687499993,87.0263671875,0.190429687499993,0.190429687499993,195,195,477.59765625,0.910881608253479,99.9827080127556,5,6,1,13,5.25344026829497e-13,1,2,1
P1/D3,16,26,22,10,14,6,18,6,10,14,18,22,26,0.190429687499993,87.0263671875,0.190429687499993,0.190429687499993,195,195,477.59765625,0.910881608253479,99.9827080127556,5,6,1,13,5.25344026829497e-13,1,2,1
P1/D3,17,26,22,10,6,18,14,6,10,14,18,22,26,0.190429687499993,87.0263671875,0.190429687499993,0.190429687499993,195,195,477.59765625,0.910881608253479,99.9827080127556,5,6,1,13,5.25344026829497e-13,1,2,1
P1/D3,18,26,22,10,6,14,18,6,10,14,18,22,26,0.190429687499993,87.0263671875,0.190429687499993,0.190429687499993,195,195,477.59765625,0.910881608253479,99.9827080127556,5,6,1,13,5.25344026829497e-13,1,2,1
P1/D3,19,26,22,6,18,14,10,6,10,14,18,22,26,97.880859375,0.190429687499993,0.190429687499993,0.190429687499993,195,195,488.4521484375,0.908361957055172,99.9813340993813,5,6,1,13,7.35429480819727e-13,1,2,1
P1/D3,20,26,22,6,18,10,14,6,10,14,18,22,26,97.880859375,0.190429687499993,0.190429687499993,0.190429687499993,195,195,488.4521484375,0.908361957055172,99.9813340993813,5,6,1,13,7.35429480819727e-13,1,2,1
P1/D3,21,26,22,6,14,18,10,6,10,14,18,22,26,97.880859375,0.190429687499993,0.190429687499993,0.190429687499993,195,195,488.4521484375,0.908361957055172,99.9813340993813,5,6,1,13,7.35429480819727e-13,1,2,1
P1/D3,22,26,22,6,14,10,18,6,10,14,18,22,26,97.880859375,0.190429687499993,0.190429687499993,0.190429687499993,195,195,488.4521484375,0.908361957055172,99.9813340993813,5,6,1,13,7.35429480819727e-13,1,2,1
P1/D3,23,26,22,6,10,18,14,6,10,14,18,22,26,97.880859375,0.190429687499993,0.190429687499993,0.190429687499993,195,195,488.4521484375,0.908361957055172,99.9813340993813,5,6,1,13,7.35429480819727e-13,1,2,1
P1/D3,24,26,22,6,10,14,18,6,10,14,18,22,26,97.880859375,0.190429687499993,0.190429687499993,0.190429687499993,195,195,488.4521484375,0.908361957055172,99.9813340993813,5,6,1,13,7.35429480819727e-13,1,2,1
P1/D3,25,26,18,22,14,10,6,6,10,14,18,22,26,0.190429687499993,0.190429687499993,0.190429687499993,81.123046875,0.190429687499993,195,276.884765625,0.914170678930932,99.979681463028,5,6,1,13,3.51557551954154e-13,1,2,1
P1/D3,26,26,18,22,14,6,10,6,10,14,18,22,26,0.190429687499993,0.190429687499993,0.190429687499993,81.123046875,0.190429687499993,195,276.884765625,0.914170678930932,99.979681463028,5,6,1,13,3.51557551954154e-13,1,2,1
P1/D3,27,26,18,22,10,14,6,6,10,14,18,22,26,0.190429687499993,0.190429687499993,0.190429687499993,81.123046875,0.190429687499993,195,276.884765625,0.914170678930932,99.979681463028,5,6,1,13,3.51557551954154e-13,1,2,1
P1/D3,28,26,18,22,10,6,14,6,10,14,18,22,26,0.190429687499993,0.190429687499993,0.190429687499993,81.123046875,0.190429687499993,195,276.884765625,0.914170678930932,99.979681463028,5,6,1,13,3.51557551954154e-13,1,2,1
P1/D3,29,26,18,22,6,14,10,6,10,14,18,22,26,0.190429687499993,0.190429687499993,0.190429687499993,81.123046875,0.190429687499993,195,276.884765625,0.914170678930932,99.979681463028,5,6,1,13,3.51557551954154e-13,1,2,1
P1/D3,30,26,18,22,6,10,14,6,10,14,18,22,26,0.190429687499993,0.190429687499993,0.190429687499993,81.123046875,0.190429687499993,195,276.884765625,0.914170678930932,99.979681463028,5,6,1,13,3.51557551954154e-13,1,2,1
P1/D3,31,26,18,14,22,10,6,6,10,14,18,22,26,0.190429687499993,0.190429687499993,0.190429687499993,81.123046875,0.190429687499993,195,276.884765625,0.914170678930932,99.979681463028,5,6,1,13,3.51557551954154e-13,1,2,1
P1/D3,32,26,18,14,22,6,10,6,10,14,18,22,26,0.190429687499993,0.190429687499993,0.190429687499993,81.123046875,0.190429687499993,195,276.884765625,0.914170678930932,99.979681463028,5,6,1,13,3.51557551954154e-13,1,2,1
P1/D3,33,26,18,14,10,22,6,6,10,14,18,22,26,0.190429687499993,0.190429687499993,0.190429687499993,81.123046875,0.190429687499993,195,276.884765625,0.914170678930932,99.979681463028,5,6,1,13,3.51557551954154e-13,1,2,1
P1/D3,34,26,18,14,10,6,22,6,10,14,18,22,26,0.190429687499993,0.190429687499993,0.190429687499993,81.123046875,0.190429687499993,195,276.884765625,0.914170678930932,99.979681463028,5,6,1,13,3.51557551954154e-13,1,2,1
P1/D3,35,26,18,14,6,22,10,6,10,14,18,22,26,0.190429687499993,0.190429687499993,0.190429687499993,81.123046875,0.190429687499993,195,276.884765625,0.914170678930932,99.979681463028,5,6,1,13,3.51557551954154e-13,1,2,1
P1/D3,36,26,18,14,6,10,22,6,10,14,18,22,26,0.190429687499993,0.190429687499993,0.190429687499993,81.123046875,0.190429687499993,195,276.884765625,0.914170678930932,99.979681463028,5,6,1,13,3.51557551954154e-13,1,2,1
P1/D3,37,26,18,10,22,14,6,6,10,14,18,22,26,0.190429687499993,0.190429687499993,0.190429687499993,81.123046875,0.190429687499993,195,276.884765625,0.914170678930932,99.979681463028,5,6,1,13,3.51557551954154e-13,1,2,1
P1/D3,38,26,18,10,22,6,14,6,10,14,18,22,26,0.190429687499993,0.190429687499993,0.190429687499993,81.123046875,0.190429687499993,195,276.884765625,0.914170678930932,99.979681463028,5,6,1,13,3.51557551954154e-13,1,2,1
P1/D3,39,26,18,10,14,22,6,6,10,14,18,22,26,0.190429687499993,0.190429687499993,0.190429687499993,81.123046875,0.190429687499993,195,276.884765625,0.914170678930932,99.979681463028,5,6,1,13,3.51557551954154e-13,1,2,1
P1/D3,40,26,18,10,14,6,22,6,10,14,18,22,26,0.190429687499993,0.190429687499993,0.190429687499993,81.123046875,0.190429687499993,195,276.884765625,0.914170678930932,99.979681463028,5,6,1,13,3.51557551954154e-13,1,2,1
P1/D3,41,26,18,10,6,22,14,6,10,14,18,22,26,0.190429687499993,0.190429687499993,0.190429687499993,81.123046875,0.190429687499993,195,276.884765625,0.914170678930932,99.979681463028,5,6,1,13,3.51557551954154e-13,1,2,1
P1/D3,42,26,18,10,6,14,22,6,10,14,18,22,26,0.190429687499993,0.190429687499993,0.190429687499993,81.123046875,0.190429687499993,195,276.884765625,0.914170678930932,99.979681463028,5,6,1,13,3.51557551954154e-13,1,2,1
P1/D3,43,26,18,6,22,14,10,6,10,14,18,22,26,0.190429687499993,0.190429687499993,0.190429687499993,81.123046875,0.190429687499993,195,276.884765625,0.914170678930932,99.979681463028,5,6,1,13,3.51557551954154e-13,1,2,1
P1/D3,44,26,18,6,22,10,14,6,10,14,18,22,26,0.190429687499993,0.190429687499993,0.190429687499993,81.123046875,0.190429687499993,195,276.884765625,0.914170678930932,99.979681463028,5,6,1,13,3.51557551954154e-13,1,2,1
P1/D3,45,26,18,6,14,22,10,6,10,14,18,22,26,0.190429687499993,0.190429687499993,0.190429687499993,81.123046875,0.190429687499993,195,276.884765625,0.914170678930932,99.979681463028,5,6,1,13,3.51557551954154e-13,1,2,1
P1/D3,46,26,18,6,14,10,22,6,10,14,18,22,26,0.190429687499993,0.190429687499993,0.190429687499993,81.123046875,0.190429687499993,195,276.884765625,0.914170678930932,99.979681463028,5,6,1,13,3.51557551954154e-13,1,2,1
P1/D3,47,26,18,6,10,22,14,6,10,14,18,22,26,0.190429687499993,0.190429687499993,0.190429687499993,81.123046875,0.190429687499993,195,276.884765625,0.914170678930932,99.979681463028,5,6,1,13,3.51557551954154e-13,1,2,1
P1/D3,48,26,18,6,10,14,22,6,10,14,18,22,26,0.190429687499993,0.190429687499993,0.190429687499993,81.123046875,0.190429687499993,195,276.884765625,0.914170678930932,99.979681463028,5,6,1,13,3.51557551954154e-13,1,2,1
P1/D3,49,26,14,22,18,10,6,6,10,14,18,22,26,0.190429687499993,0.190429687499993,83.2177734375,0.190429687499993,0.190429687499993,195,278.9794921875,0.912270769854768,99.9820792494889,5,6,1,13,4.20697018306119e-13,1,2,1
P1/D3,50,26,14,22,18,6,10,6,10,14,18,22,26,0.190429687499993,0.190429687499993,83.2177734375,0.190429687499993,0.190429687499993,195,278.9794921875,0.912270769854768,99.9820792494889,5,6,1,13,4.20697018306119e-13,1,2,1
P1/D3,51,26,14,22,10,18,6,6,10,14,18,22,26,0.190429687499993,0.190429687499993,83.2177734375,0.190429687499993,0.190429687499993,195,278.9794921875,0.912270769854768,99.9820792494889,5,6,1,13,4.20697018306119e-13,1,2,1
P1/D3,52,26,14,22,10,6,18,6,10,14,18,22,26,0.190429687499993,0.190429687499993,83.2177734375,0.190429687499993,0.190429687499993,195,278.9794921875,0.912270769854768,99.9820792494889,5,6,1,13,4.20697018306119e-13,1,2,1
P1/D3,53,26,14,22,6,18,10,6,10,14,18,22,26,0.190429687499993,0.190429687499993,83.2177734375,0.190429687499993,0.190429687499993,195,278.9794921875,0.912270769854768,99.9820792494889,5,6,1,13,4.20697018306119e-13,1,2,1
P1/D3,54,26,14,22,6,10,18,6,10,14,18,22,26,0.190429687499993,0.190429687499993,83.2177734375,0.190429687499993,0.190429687499993,195,278.9794921875,0.912270769854768,99.9820792494889,5,6,1,13,4.20697018306119e-13,1,2,1
P1/D3,55,26,14,18,22,10,6,6,10,14,18,22,26,0.190429687499993,0.190429687499993,83.2177734375,0.190429687499993,0.190429687499993,195,278.9794921875,0.912270769854768,99.9820792494889,5,6,1,13,4.20697018306119e-13,1,2,1
P1/D3,56,26,14,18,22,6,10,6,10,14,18,22,26,0.190429687499993,0.190429687499993,83.2177734375,0.190429687499993,0.190429687499993,195,278.9794921875,0.912270769854768,99.9820792494889,5,6,1,13,4.20697018306119e-13,1,2,1
P1/D3,57,26,14,18,10,22,6,6,10,14,18,22,26,0.190429687499993,0.190429687499993,83.2177734375,0.190429687499993,0.190429687499993,195,278.9794921875,0.912270769854768,99.9820792494889,5,6,1,13,4.20697018306119e-13,1,2,1
P1/D3,58,26,14,18,10,6,22,6,10,14,18,22,26,0.190429687499993,0.190429687499993,83.2177734375,0.190429687499993,0.190429687499993,195,278.9794921875,0.912270769854768,99.9820792494889,5,6,1,13,4.20697018306119e-13,1,2,1
P1/D3,59,26,14,18,6,22,10,6,10,14,18,22,26,0.190429687499993,0.190429687499993,83.2177734375,0.190429687499993,0.190429687499993,195,278.9794921875,0.912270769854768,99.9820792494889,5,6,1,13,4.20697018306119e-13,1,2,1
P1/D3,60,26,14,18,6,10,22,6,10,14,18,22,26,0.190429687499993,0.190429687499993,83.2177734375,0.190429687499993,0.190429687499993,195,278.9794921875,0.912270769854768,99.9820792494889,5,6,1,13,4.20697018306119e-13,1,2,1
P1/D3,61,26,14,10,22,18,6,6,10,14,18,22,26,0.190429687499993,0.190429687499993,83.2177734375,0.190429687499993,0.190429687499993,195,278.9794921875,0.912270769854768,99.9820792494889,5,6,1,13,4.20697018306119e-13,1,2,1
P1/D3,62,26,14,10,22,6,18,6,10,14,18,22,26,0.190429687499993,0.190429687499993,83.2177734375,0.190429687499993,0.190429687499993,195,278.9794921875,0.912270769854768,99.9820792494889,5,6,1,13,4.20697018306119e-13,1,2,1
P1/D3,63,26,14,10,18,22,6,6,10,14,18,22,26,0.190429687499993,0.190429687499993,83.2177734375,0.190429687499993,0.190429687499993,195,278.9794921875,0.912270769854768,99.9820792494889,5,6,1,13,4.20697018306119e-13,1,2,1
P1/D3,64,26,14,10,18,6,22,6,10,14,18,22,26,0.190429687499993,0.190429687499993,83.2177734375,0.190429687499993,0.190429687499993,195,278.9794921875,0.912270769854768,99.9820792494889,5,6,1,13,4.20697018306119e-13,1,2,1
P1/D3,65,26,14,10,6,22,18,6,10,14,18,22,26,0.190429687499993,0.190429687499993,83.2177734375,0.190429687499993,0.190429687499993,195,278.9794921875,0.912270769854768,99.9820792494889,5,6,1,13,4.20697018306119e-13,1,2,1
P1/D3,66,26,14,10,6,18,22,6,10,14,18,22,26,0.190429687499993,0.190429687499993,83.2177734375,0.190429687499993,0.190429687499993,195,278.9794921875,0.912270769854768,99.9820792494889,5,6,1,13,4.20697018306119e-13,1,2,1
P1/D3,67,26,14,6,22,18,10,6,10,14,18,22,26,0.190429687499993,0.190429687499993,83.2177734375,0.190429687499993,0.190429687499993,195,278.9794921875,0.912270769854768,99.9820792494889,5,6,1,13,4.20697018306119e-13,1,2,1
P1/D3,68,26,14,6,22,10,18,6,10,14,18,22,26,0.190429687499993,0.190429687499993,83.2177734375,0.190429687499993,0.190429687499993,195,278.9794921875,0.912270769854768,99.9820792494889,5,6,1,13,4.20697018306119e-13,1,2,1
P1/D3,69,26,14,6,18,22,10,6,10,14,18,22,26,0.190429687499993,0.190429687499993,83.2177734375,0.190429687499993,0.190429687499993,195,278.9794921875,0.912270769854768,99.9820792494889,5,6,1,13,4.20697018306119e-13,1,2,1
P1/D3,70,26,14,6,18,10,22,6,10,14,18,22,26,0.190429687499993,0.190429687499993,83.2177734375,0.190429687499993,0.190429687499993,195,278.9794921875,0.912270769854768,99.9820792494889,5,6,1,13,4.20697018306119e-13,1,2,1
P1/D3,71,26,14,6,10,22,18,6,10,14,18,22,26,0.190429687499993,0.190429687499993,83.2177734375,0.190429687499993,0.190429687499993,195,278.9794921875,0.912270769854768,99.9820792494889,5,6,1,13,4.20697018306119e-13,1,2,1
P1/D3,72,26,14,6,10,18,22,6,10,14,18,22,26,0.190429687499993,0.190429687499993,83.2177734375,0.190429687499993,0.190429687499993,195,278.9794921875,0.912270769854768,99.9820792494889,5,6,1,13,4.20697018306119e-13,1,2,1
P1/D3,73,26,10,22,18,14,6,6,10,14,18,22,26,0.190429687499993,87.216796875,0.190429687499993,0.190429687499993,0.190429687499993,195,282.978515625,0.910763386584443,99.9789639713661,5,6,1,13,5.26849800970015e-13,1,2,1
P1/D3,74,26,10,22,18,6,14,6,10,14,18,22,26,0.190429687499993,87.216796875,0.190429687499993,0.190429687499993,0.190429687499993,195,282.978515625,0.910763386584443,99.9789639713661,5,6,1,13,5.26849800970015e-13,1,2,1
P1/D3,75,26,10,22,14,18,6,6,10,14,18,22,26,0.190429687499993,87.216796875,0.190429687499993,0.190429687499993,0.190429687499993,195,282.978515625,0.910763386584443,99.9789639713661,5,6,1,13,5.26849800970015e-13,1,2,1
P1/D3,76,26,10,22,14,6,18,6,10,14,18,22,26,0.190429687499993,87.216796875,0.190429687499993,0.190429687499993,0.190429687499993,195,282.978515625,0.910763386584443,99.9789639713661,5,6,1,13,5.26849800970015e-13,1,2,1
P1/D3,77,26,10,22,6,18,14,6,10,14,18,22,26,0.190429687499993,87.216796875,0.190429687499993,0.190429687499993,0.190429687499993,195,282.978515625,0.910763386584443,99.9789639713661,5,6,1,13,5.26849800970015e-13,1,2,1
P1/D3,78,26,10,22,6,14,18,6,10,14,18,22,26,0.190429687499993,87.216796875,0.190429687499993,0.190429687499993,0.190429687499993,195,282.978515625,0.910763386584443,99.9789639713661,5,6,1,13,5.26849800970015e-13,1,2,1
P1/D3,79,26,10,18,22,14,6,6,10,14,18,22,26,0.190429687499993,87.216796875,0.190429687499993,0.190429687499993,0.190429687499993,195,282.978515625,0.910763386584443,99.9789639713661,5,6,1,13,5.26849800970015e-13,1,2,1
P1/D3,80,26,10,18,22,6,14,6,10,14,18,22,26,0.190429687499993,87.216796875,0.190429687499993,0.190429687499993,0.190429687499993,195,282.978515625,0.910763386584443,99.9789639713661,5,6,1,13,5.26849800970015e-13,1,2,1
P1/D3,81,26,10,18,14,22,6,6,10,14,18,22,26,0.190429687499993,87.216796875,0.190429687499993,0.190429687499993,0.190429687499993,195,282.978515625,0.910763386584443,99.9789639713661,5,6,1,13,5.26849800970015e-13,1,2,1
P1/D3,82,26,10,18,14,6,22,6,10,14,18,22,26,0.190429687499993,87.216796875,0.190429687499993,0.190429687499993,0.190429687499993,195,282.978515625,0.910763386584443,99.9789639713661,5,6,1,13,5.26849800970015e-13,1,2,1
P1/D3,83,26,10,18,6,22,14,6,10,14,18,22,26,0.190429687499993,87.216796875,0.190429687499993,0.190429687499993,0.190429687499993,195,282.978515625,0.910763386584443,99.9789639713661,5,6,1,13,5.26849800970015e-13,1,2,1
P1/D3,84,26,10,18,6,14,22,6,10,14,18,22,26,0.190429687499993,87.216796875,0.190429687499993,0.190429687499993,0.190429687499993,195,282.978515625,0.910763386584443,99.9789639713661,5,6,1,13,5.26849800970015e-13,1,2,1
P1/D3,85,26,10,14,22,18,6,6,10,14,18,22,26,0.190429687499993,87.216796875,0.190429687499993,0.190429687499993,0.190429687499993,195,282.978515625,0.910763386584443,99.9789639713661,5,6,1,13,5.26849800970015e-13,1,2,1
P1/D3,86,26,10,14,22,6,18,6,10,14,18,22,26,0.190429687499993,87.216796875,0.190429687499993,0.190429687499993,0.190429687499993,195,282.978515625,0.910763386584443,99.9789639713661,5,6,1,13,5.26849800970015e-13,1,2,1
P1/D3,87,26,10,14,18,22,6,6,10,14,18,22,26,0.190429687499993,87.216796875,0.190429687499993,0.190429687499993,0.190429687499993,195,282.978515625,0.910763386584443,99.9789639713661,5,6,1,13,5.26849800970015e-13,1,2,1
P1/D3,88,26,10,14,18,6,22,6,10,14,18,22,26,0.190429687499993,87.216796875,0.190429687499993,0.190429687499993,0.190429687499993,195,282.978515625,0.910763386584443,99.9789639713661,5,6,1,13,5.26849800970015e-13,1,2,1
P1/D3,89,26,10,14,6,22,18,6,10,14,18,22,26,0.190429687499993,87.216796875,0.190429687499993,0.190429687499993,0.190429687499993,195,282.978515625,0.910763386584443,99.9789639713661,5,6,1,13,5.26849800970015e-13,1,2,1
P1/D3,90,26,10,14,6,18,22,6,10,14,18,22,26,0.190429687499993,87.216796875,0.190429687499993,0.190429687499993,0.190429687499993,195,282.978515625,0.910763386584443,99.9789639713661,5,6,1,13,5.26849800970015e-13,1,2,1
P1/D3,91,26,10,6,22,18,14,6,10,14,18,22,26,0.190429687499993,87.216796875,0.190429687499993,0.190429687499993,0.190429687499993,195,282.978515625,0.910763386584443,99.9789639713661,5,6,1,13,5.26849800970015e-13,1,2,1
P1/D3,92,26,10,6,22,14,18,6,10,14,18,22,26,0.190429687499993,87.216796875,0.190429687499993,0.190429687499993,0.190429687499993,195,282.978515625,0.910763386584443,99.9789639713661,5,6,1,13,5.26849800970015e-13,1,2,1
P1/D3,93,26,10,6,18,22,14,6,10,14,18,22,26,0.190429687499993,87.216796875,0.190429687499993,0.190429687499993,0.190429687499993,195,282.978515625,0.910763386584443,99.9789639713661,5,6,1,13,5.26849800970015e-13,1,2,1
P1/D3,94,26,10,6,18,14,22,6,10,14,18,22,26,0.190429687499993,87.216796875,0.190429687499993,0.190429687499993,0.190429687499993,195,282.978515625,0.910763386584443,99.9789639713661,5,6,1,13,5.26849800970015e-13,1,2,1
P1/D3,95,26,10,6,14,22,18,6,10,14,18,22,26,0.190429687499993,87.216796875,0.190429687499993,0.190429687499993,0.190429687499993,195,282.978515625,0.910763386584443,99.9789639713661,5,6,1,13,5.26849800970015e-13,1,2,1
P1/D3,96,26,10,6,14,18,22,6,10,14,18,22,26,0.190429687499993,87.216796875,0.190429687499993,0.190429687499993,0.190429687499993,195,282.978515625,0.910763386584443,99.9789639713661,5,6,1,13,5.26849800970015e-13,1,2,1
P1/D3,97,26,6,22,18,14,10,6,10,14,18,22,26,97.880859375,0.190429687499993,0.190429687499993,0.190429687499993,0.190429687499993,195,293.642578125,0.908234411045771,99.9830178649179,5,6,1,13,7.38745462415703e-13,1,2,1
P1/D3,98,26,6,22,18,10,14,6,10,14,18,22,26,97.880859375,0.190429687499993,0.190429687499993,0.190429687499993,0.190429687499993,195,293.642578125,0.908234411045771,99.9830178649179,5,6,1,13,7.38745462415703e-13,1,2,1
P1/D3,99,26,6,22,14,18,10,6,10,14,18,22,26,97.880859375,0.190429687499993,0.190429687499993,0.190429687499993,0.190429687499993,195,293.642578125,0.908234411045771,99.9830178649179,5,6,1,13,7.38745462415703e-13,1,2,1
P1/D3,100,26,6,22,14,10,18,6,10,14,18,22,26,97.880859375,0.190429687499993,0.190429687499993,0.190429687499993,0.190429687499993,195,293.642578125,0.908234411045771,99.9830178649179,5,6,1,13,7.38745462415703e-13,1,2,1
P1/D3,101,26,6,22,10,18,14,6,10,14,18,22,26,97.880859375,0.190429687499993,0.190429687499993,0.190429687499993,0.190429687499993,195,293.642578125,0.908234411045771,99.9830178649179,5,6,1,13,7.38745462415703e-13,1,2,1
P1/D3,102,26,6,22,10,14,18,6,10,14,18,22,26,97.880859375,0.190429687499993,0.190429687499993,0.190429687499993,0.190429687499993,195,293.642578125,0.908234411045771,99.9830178649179,5,6,1,13,7.38745462415703e-13,1,2,1
P1/D3,103,26,6,18,22,14,10,6,10,14,18,22,26,97.880859375,0.190429687499993,0.190429687499993,0.190429687499993,0.190429687499993,195,293.642578125,0.908234411045771,99.9830178649179,5,6,1,13,7.38745462415703e-13,1,2,1
P1/D3,104,26,6,18,22,10,14,6,10,14,18,22,26,97.880859375,0.190429687499993,0.190429687499993,0.190429687499993,0.190429687499993,195,293.642578125,0.908234411045771,99.9830178649179,5,6,1,13,7.38745462415703e-13,1,2,1
P1/D3,105,26,6,18,14,22,10,6,10,14,18,22,26,97.880859375,0.190429687499993,0.190429687499993,0.190429687499993,0.190429687499993,195,293.642578125,0.908234411045771,99.9830178649179,5,6,1,13,7.38745462415703e-13,1,2,1
P1/D3,106,26,6,18,14,10,22,6,10,14,18,22,26,97.880859375,0.190429687499993,0.190429687499993,0.190429687499993,0.190429687499993,195,293.642578125,0.908234411045771,99.9830178649179,5,6,1,13,7.38745462415703e-13,1,2,1
P1/D3,107,26,6,18,10,22,14,6,10,14,18,22,26,97.880859375,0.190429687499993,0.190429687499993,0.190429687499993,0.190429687499993,195,293.642578125,0.908234411045771,99.9830178649179,5,6,1,13,7.38745462415703e-13,1,2,1
P1/D3,108,26,6,18,10,14,22,6,10,14,18,22,26,97.880859375,0.190429687499993,0.190429687499993,0.190429687499993,0.190429687499993,195,293.642578125,0.908234411045771,99.9830178649179,5,6,1,13,7.38745462415703e-13,1,2,1
P1/D3,109,26,6,14,22,18,10,6,10,14,18,22,26,97.880859375,0.190429687499993,0.190429687499993,0.190429687499993,0.190429687499993,195,293.642578125,0.908234411045771,99.9830178649179,5,6,1,13,7.38745462415703e-13,1,2,1
P1/D3,110,26,6,14,22,10,18,6,10,14,18,22,26,97.880859375,0.190429687499993,0.190429687499993,0.190429687499993,0.190429687499993,195,293.642578125,0.908234411045771,99.9830178649179,5,6,1,13,7.38745462415703e-13,1,2,1
P1/D3,111,26,6,14,18,22,10,6,10,14,18,22,26,97.880859375,0.190429687499993,0.190429687499993,0.190429687499993,0.190429687499993,195,293.642578125,0.908234411045771,99.9830178649179,5,6,1,13,7.38745462415703e-13,1,2,1
P1/D3,112,26,6,14,18,10,22,6,10,14,18,22,26,97.880859375,0.190429687499993,0.190429687499993,0.190429687499993,0.190429687499993,195,293.642578125,0.908234411045771,99.9830178649179,5,6,1,13,7.38745462415703e-13,1,2,1
P1/D3,113,26,6,14,10,22,18,6,10,14,18,22,26,97.880859375,0.190429687499993,0.190429687499993,0.190429687499993,0.190429687499993,195,293.642578125,0.908234411045771,99.9830178649179,5,6,1,13,7.38745462415703e-13,1,2,1
P1/D3,114,26,6,14,10,18,22,6,10,14,18,22,26,97.880859375,0.190429687499993,0.190429687499993,0.190429687499993,0.190429687499993,195,293.642578125,0.908234411045771,99.9830178649179,5,6,1,13,7.38745462415703e-13,1,2,1
P1/D3,115,26,6,10,22,18,14,6,10,14,18,22,26,97.880859375,0.190429687499993,0.190429687499993,0.190429687499993,0.190429687499993,195,293.642578125,0.908234411045771,99.9830178649179,5,6,1,13,7.38745462415703e-13,1,2,1
P1/D3,116,26,6,10,22,14,18,6,10,14,18,22,26,97.880859375,0.190429687499993,0.190429687499993,0.190429687499993,0.190429687499993,195,293.642578125,0.908234411045771,99.9830178649179,5,6,1,13,7.38745462415703e-13,1,2,1
P1/D3,117,26,6,10,18,22,14,6,10,14,18,22,26,97.880859375,0.190429687499993,0.190429687499993,0.190429687499993,0.190429687499993,195,293.642578125,0.908234411045771,99.9830178649179,5,6,1,13,7.38745462415703e-13,1,2,1
P1/D3,118,26,6,10,18,14,22,6,10,14,18,22,26,97.880859375,0.190429687499993,0.190429687499993,0.190429687499993,0.190429687499993,195,293.642578125,0.908234411045771,99.9830178649179,5,6,1,13,7.38745462415703e-13,1,2,1
P1/D3,119,26,6,10,14,22,18,6,10,14,18,22,26,97.880859375,0.190429687499993,0.190429687499993,0.190429687499993,0.190429687499993,195,293.642578125,0.908234411045771,99.9830178649179,5,6,1,13,7.38745462415703e-13,1,2,1
P1/D3,120,26,6,10,14,18,22,6,10,14,18,22,26,97.880859375,0.190429687499993,0.190429687499993,0.190429687499993,0.190429687499993,195,293.642578125,0.908234411045771,99.9830178649179,5,6,1,13,7.38745462415703e-13,1,2,1
P1/D3,121,22,26,18,14,10,6,6,10,14,18,22,26,0.190429687499993,0.190429687499993,0.190429687499993,80.9326171875,195,195,471.50390625,0.9142797719931,99.9838423704299,5,6,1,13,3.50529738261028e-13,1,2,1
P1/D3,122,22,26,18,14,6,10,6,10,14,18,22,26,0.190429687499993,0.190429687499993,0.190429687499993,80.9326171875,195,195,471.50390625,0.9142797719931,99.9838423704299,5,6,1,13,3.50529738261028e-13,1,2,1
P1/D3,123,22,26,18,10,14,6,6,10,14,18,22,26,0.190429687499993,0.190429687499993,0.190429687499993,80.9326171875,195,195,471.50390625,0.9142797719931,99.9838423704299,5,6,1,13,3.50529738261028e-13,1,2,1
P1/D3,124,22,26,18,10,6,14,6,10,14,18,22,26,0.190429687499993,0.190429687499993,0.190429687499993,80.9326171875,195,195,471.50390625,0.9142797719931,99.9838423704299,5,6,1,13,3.50529738261028e-13,1,2,1
P1/D3,125,22,26,18,6,14,10,6,10,14,18,22,26,0.190429687499993,0.190429687499993,0.190429687499993,80.9326171875,195,195,471.50390625,0.9142797719931,99.9838423704299,5,6,1,13,3.50529738261028e-13,1,2,1
P1/D3,126,22,26,18,6,10,14,6,10,14,18,22,26,0.190429687499993,0.190429687499993,0.190429687499993,80.9326171875,195,195,471.50390625,0.9142797719931,99.9838423704299,5,6,1,13,3.50529738261028e-13,1,2,1
P1/D3,127,22,26,14,18,10,6,6,10,14,18,22,26,0.190429687499993,0.190429687499993,83.2177734375,0.190429687499993,195,195,473.7890625,0.912397595633145,99.9805029144393,5,6,1,13,4.18981827656828e-13,1,2,1
P1/D3,128,22,26,14,18,6,10,6,10,14,18,22,26,0.190429687499993,0.190429687499993,83.2177734375,0.190429687499993,195,195,473.7890625,0.912397595633145,99.9805029144393,5,6,1,13,4.18981827656828e-13,1,2,1
P1/D3,129,22,26,14,10,18,6,6,10,14,18,22,26,0.190429687499993,0.190429687499993,83.2177734375,0.190429687499993,195,195,473.7890625,0.912397595633145,99.9805029144393,5,6,1,13,4.18981827656828e-13,1,2,1
P1/D3,130,22,26,14,10,6,18,6,10,14,18,22,26,0.190429687499993,0.190429687499993,83.2177734375,0.190429687499993,195,195,473.7890625,0.912397595633145,99.9805029144393,5,6,1,13,4.18981827656828e-13,1,2,1
P1/D3,131,22,26,14,6,18,10,6,10,14,18,22,26,0.190429687499993,0.190429687499993,83.2177734375,0.190429687499993,195,195,473.7890625,0.912397595633145,99.9805029144393,5,6,1,13,4.18981827656828e-13,1,2,1
P1/D3,132,22,26,14,6,10,18,6,10,14,18,22,26,0.190429687499993,0.190429687499993,83.2177734375,0.190429687499993,195,195,473.7890625,0.912397595633145,99.9805029144393,5,6,1,13,4.18981827656828e-13,1,2,1
P1/D3,133,22,26,10,18,14,6,6,10,14,18,22,26,0.190429687499993,87.0263671875,0.190429687499993,0.190429687499993,195,195,477.59765625,0.910881608253479,99.9827080127556,5,6,1,13,5.25344026829497e-13,1,2,1
P1/D3,134,22,26,10,18,6,14,6,10,14,18,22,26,0.190429687499993,87.0263671875,0.190429687499993,0.190429687499993,195,195,477.59765625,0.910881608253479,99.9827080127556,5,6,1,13,5.25344026829497e-13,1,2,1
P1/D3,135,22,26,10,14,18,6,6,10,14,18,22,26,0.190429687499993,87.0263671875,0.190429687499993,0.190429687499993,195,195,477.59765625,0.910881608253479,99.9827080127556,5,6,1,13,5.25344026829497e-13,1,2,1
P1/D3,136,22,26,10,14,6,18,6,10,14,18,22,26,0.190429687499993,87.0263671875,0.190429687499993,0.190429687499993,195,195,477.59765625,0.910881608253479,99.9827080127556,5,6,1,13,5.25344026829497e-13,1,2,1
P1/D3,137,22,26,10,6,18,14,6,10,14,18,22,26,0.190429687499993,87.0263671875,0.190429687499993,0.190429687499993,195,195,477.59765625,0.910881608253479,99.9827080127556,5,6,1,13,5.25344026829497e-13,1,2,1
P1/D3,138,22,26,10,6,14,18,6,10,14,18,22,26,0.190429687499993,87.0263671875,0.190429687499993,0.190429687499993,195,195,477.59765625,0.910881608253479,99.9827080127556,5,6,1,13,5.25344026829497e-13,1,2,1
P1/D3,139,22,26,6,18,14,10,6,10,14,18,22,26,97.880859375,0.190429687499993,0.190429687499993,0.190429687499993,195,195,488.4521484375,0.908361957055172,99.9813340993813,5,6,1,13,7.35429480819727e-13,1,2,1
P1/D3,140,22,26,6,18,10,14,6,10,14,18,22,26,97.880859375,0.190429687499993,0.190429687499993,0.190429687499993,195,195,488.4521484375,0.908361957055172,99.9813340993813,5,6,1,13,7.35429480819727e-13,1,2,1
P1/D3,141,22,26,6,14,18,10,6,10,14,18,22,26,97.880859375,0.190429687499993,0.190429687499993,0.190429687499993,195,195,488.4521484375,0.908361957055172,99.9813340993813,5,6,1,13,7.35429480819727e-13,1,2,1
P1/D3,142,22,26,6,14,10,18,6,10,14,18,22,26,97.880859375,0.190429687499993,0.190429687499993,0.190429687499993,195,195,488.4521484375,0.908361957055172,99.9813340993813,5,6,1,13,7.35429480819727e-13,1,2,1
P1/D3,143,22,26,6,10,18,14,6,10,14,18,22,26,97.880859375,0.190429687499993,0.190429687499993,0.190429687499993,195,195,488.4521484375,0.908361957055172,99.9813340993813,5,6,1,13,7.35429480819727e-13,1,2,1
P1/D3,144,22,26,6,10,14,18,6,10,14,18,22,26,97.880859375,0.190429687499993,0.190429687499993,0.190429687499993,195,195,488.4521484375,0.908361957055172,99.9813340993813,5,6,1,13,7.35429480819727e-13,1,2,1
P1/D3,145,22,18,26,14,10,6,6,10,14,18,22,26,0.190429687499993,0.190429687499993,0.190429687499993,195,195,60.9375,451.5087890625,0.922465087055391,99.9832566613151,5,6,1,13,1.34047485610674e-13,1,2,1
P1/D3,146,22,18,26,14,6,10,6,10,14,18,22,26,0.190429687499993,0.190429687499993,0.190429687499993,195,195,60.9375,451.5087890625,0.922465087055391,99.9832566613151,5,6,1,13,1.34047485610674e-13,1,2,1
P1/D3,147,22,18,26,10,14,6,6,10,14,18,22,26,0.190429687499993,0.190429687499993,0.190429687499993,195,195,60.9375,451.5087890625,0.922465087055391,99.9832566613151,5,6,1,13,1.34047485610674e-13,1,2,1
P1/D3,148,22,18,26,10,6,14,6,10,14,18,22,26,0.190429687499993,0.190429687499993,0.190429687499993,195,195,60.9375,451.5087890625,0.922465087055391,99.9832566613151,5,6,1,13,1.34047485610674e-13,1,2,1
P1/D3,149,22,18,26,6,14,10,6,10,14,18,22,26,0.190429687499993,0.190429687499993,0.190429687499993,195,195,60.9375,451.5087890625,0.922465087055391,99.9832566613151,5,6,1,13,1.34047485610674e-13,1,2,1
P1/D3,150,22,18,26,6,10,14,6,10,14,18,22,26,0.190429687499993,0.190429687499993,0.190429687499993,195,195,60.9375,451.5087890625,0.922465087055391,99.9832566613151,5,6,1,13,1.34047485610674e-13,1,2,1
P1/D3,151,22,18,14,26,10,6,6,10,14,18,22,26,0.190429687499993,0.190429687499993,53.5107421875,195,195,0.190429687499993,444.08203125,0.924976638363786,99.9844448344179,5,6,1,12,9.67615576100632e-13,1,2,1
P1/D3,152,22,18,14,26,6,10,6,10,14,18,22,26,0.190429687499993,0.190429687499993,53.5107421875,195,195,0.190429687499993,444.08203125,0.924976638363786,99.9844448344179,5,6,1,12,9.67615576100632e-13,1,2,1
P1/D3,153,22,18,14,10,26,6,6,10,14,18,22,26,0.190429687499993,0.190429687499993,53.5107421875,195,195,0.190429687499993,444.08203125,0.924976638363786,99.9844448344179,5,6,1,12,9.67615576100632e-13,1,2,1
P1/D3,154,22,18,14,10,6,26,6,10,14,18,22,26,0.190429687499993,0.190429687499993,53.5107421875,195,195,0.190429687499993,444.08203125,0.924976638363786,99.9844448344179,5,6,1,12,9.67615576100632e-13,1,2,1
P1/D3,155,22,18,14,6,26,10,6,10,14,18,22,26,0.190429687499993,0.190429687499993,53.5107421875,195,195,0.190429687499993,444.08203125,0.924976638363786,99.9844448344179,5,6,1,12,9.67615576100632e-13,1,2,1
P1/D3,156,22,18,14,6,10,26,6,10,14,18,22,26,0.190429687499993,0.190429687499993,53.5107421875,195,195,0.190429687499993,444.08203125,0.924976638363786,99.9844448344179,5,6,1,12,9.67615576100632e-13,1,2,1
P1/D3,157,22,18,10,26,14,6,6,10,14,18,22,26,0.190429687499993,55.4150390625,0.190429687499993,195,195,0.190429687499993,445.986328125,0.924027275854526,99.9837846980347,5,6,1,13,1.08227872035793e-13,1,2,1
P1/D3,158,22,18,10,26,6,14,6,10,14,18,22,26,0.190429687499993,55.4150390625,0.190429687499993,195,195,0.190429687499993,445.986328125,0.924027275854526,99.9837846980347,5,6,1,13,1.08227872035793e-13,1,2,1
P1/D3,159,22,18,10,14,26,6,6,10,14,18,22,26,0.190429687499993,55.4150390625,0.190429687499993,195,195,0.190429687499993,445.986328125,0.924027275854526,99.9837846980347,5,6,1,13,1.08227872035793e-13,1,2,1
P1/D3,160,22,18,10,14,6,26,6,10,14,18,22,26,0.190429687499993,55.4150390625,0.190429687499993,195,195,0.190429687499993,445.986328125,0.924027275854526,99.9837846980347,5,6,1,13,1.08227872035793e-13,1,2,1
P1/D3,161,22,18,10,6,26,14,6,10,14,18,22,26,0.190429687499993,55.4150390625,0.190429687499993,195,195,0.190429687499993,445.986328125,0.924027275854526,99.9837846980347,5,6,1,13,1.08227872035793e-13,1,2,1
P1/D3,162,22,18,10,6,14,26,6,10,14,18,22,26,0.190429687499993,55.4150390625,0.190429687499993,195,195,0.190429687499993,445.986328125,0.924027275854526,99.9837846980347,5,6,1,13,1.08227872035793e-13,1,2,1
P1/D3,163,22,18,6,26,14,10,6,10,14,18,22,26,61.318359375,0.190429687499993,0.190429687499993,195,195,0.190429687499993,451.8896484375,0.922467270838985,99.9797622652373,5,6,1,13,1.34160141577923e-13,1,2,1
P1/D3,164,22,18,6,26,10,14,6,10,14,18,22,26,61.318359375,0.190429687499993,0.190429687499993,195,195,0.190429687499993,451.8896484375,0.922467270838985,99.9797622652373,5,6,1,13,1.34160141577923e-13,1,2,1
P1/D3,165,22,18,6,14,26,10,6,10,14,18,22,26,61.318359375,0.190429687499993,0.190429687499993,195,195,0.190429687499993,451.8896484375,0.922467270838985,99.9797622652373,5,6,1,13,1.34160141577923e-13,1,2,1
P1/D3,166,22,18,6,14,10,26,6,10,14,18,22,26,61.318359375,0.190429687499993,0.190429687499993,195,195,0.190429687499993,451.8896484375,0.922467270838985,99.9797622652373,5,6,1,13,1.34160141577923e-13,1,2,1
P1/D3,167,22,18,6,10,26,14,6,10,14,18,22,26,61.318359375,0.190429687499993,0.190429687499993,195,195,0.190429687499993,451.8896484375,0.922467270838985,99.9797622652373,5,6,1,13,1.34160141577923e-13,1,2,1
P1/D3,168,22,18,6,10,14,26,6,10,14,18,22,26,61.318359375,0.190429687499993,0.190429687499993,195,195,0.190429687499993,451.8896484375,0.922467270838985,99.9797622652373,5,6,1,13,1.34160141577923e-13,1,2,1
P1/D3,169,22,14,26,18,10,6,6,10,14,18,22,26,0.190429687499993,0.190429687499993,195,0.190429687499993,195,65.888671875,456.4599609375,0.917755877312927,99.9814273810835,5,6,1,13,2.01491440601089e-13,1,2,1
P1/D3,170,22,14,26,18,6,10,6,10,14,18,22,26,0.190429687499993,0.190429687499993,195,0.190429687499993,195,65.888671875,456.4599609375,0.917755877312927,99.9814273810835,5,6,1,13,2.01491440601089e-13,1,2,1
P1/D3,171,22,14,26,10,18,6,6,10,14,18,22,26,0.190429687499993,0.190429687499993,195,0.190429687499993,195,65.888671875,456.4599609375,0.917755877312927,99.9814273810835,5,6,1,13,2.01491440601089e-13,1,2,1
P1/D3,172,22,14,26,10,6,18,6,10,14,18,22,26,0.190429687499993,0.190429687499993,195,0.190429687499993,195,65.888671875,456.4599609375,0.917755877312927,99.9814273810835,5,6,1,13,2.01491440601089e-13,1,2,1
P1/D3,173,22,14,26,6,18,10,6,10,14,18,22,26,0.190429687499993,0.190429687499993,195,0.190429687499993,195,65.888671875,456.4599609375,0.917755877312927,99.9814273810835,5,6,1,13,2.01491440601089e-13,1,2,1
P1/D3,174,22,14,26,6,10,18,6,10,14,18,22,26,0.190429687499993,0.190429687499993,195,0.190429687499993,195,65.888671875,456.4599609375,0.917755877312927,99.9814273810835,5,6,1,13,2.01491440601089e-13,1,2,1
P1/D3,175,22,14,18,26,10,6,6,10,14,18,22,26,0.190429687499993,0.190429687499993,195,56.3671875,195,0.190429687499993,446.9384765625,0.921796331985137,99.9799299650801,5,6,1,13,1.22290464756055e-13,1,2,1
P1/D3,176,22,14,18,26,6,10,6,10,14,18,22,26,0.190429687499993,0.190429687499993,195,56.3671875,195,0.190429687499993,446.9384765625,0.921796331985137,99.9799299650801,5,6,1,13,1.22290464756055e-13,1,2,1
P1/D3,177,22,14,18,10,26,6,6,10,14,18,22,26,0.190429687499993,0.190429687499993,195,56.3671875,195,0.190429687499993,446.9384765625,0.921796331985137,99.9799299650801,5,6,1,13,1.22290464756055e-13,1,2,1
P1/D3,178,22,14,18,10,6,26,6,10,14,18,22,26,0.190429687499993,0.190429687499993,195,56.3671875,195,0.190429687499993,446.9384765625,0.921796331985137,99.9799299650801,5,6,1,13,1.22290464756055e-13,1,2,1
P1/D3,179,22,14,18,6,26,10,6,10,14,18,22,26,0.190429687499993,0.190429687499993,195,56.3671875,195,0.190429687499993,446.9384765625,0.921796331985137,99.9799299650801,5,6,1,13,1.22290464756055e-13,1,2,1
P1/D3,180,22,14,18,6,10,26,6,10,14,18,22,26,0.190429687499993,0.190429687499993,195,56.3671875,195,0.190429687499993,446.9384765625,0.921796331985137,99.9799299650801,5,6,1,13,1.22290464756055e-13,1,2,1
P1/D3,181,22,14,10,26,18,6,6,10,14,18,22,26,0.190429687499993,59.794921875,195,0.190429687499993,195,0.190429687499993,450.3662109375,0.919449862069514,99.9846582323358,5,6,1,13,1.61192697300147e-13,1,2,1
P1/D3,182,22,14,10,26,6,18,6,10,14,18,22,26,0.190429687499993,59.794921875,195,0.190429687499993,195,0.190429687499993,450.3662109375,0.919449862069514,99.9846582323358,5,6,1,13,1.61192697300147e-13,1,2,1
P1/D3,183,22,14,10,18,26,6,6,10,14,18,22,26,0.190429687499993,59.794921875,195,0.190429687499993,195,0.190429687499993,450.3662109375,0.919449862069514,99.9846582323358,5,6,1,13,1.61192697300147e-13,1,2,1
P1/D3,184,22,14,10,18,6,26,6,10,14,18,22,26,0.190429687499993,59.794921875,195,0.190429687499993,195,0.190429687499993,450.3662109375,0.919449862069514,99.9846582323358,5,6,1,13,1.61192697300147e-13,1,2,1
P1/D3,185,22,14,10,6,26,18,6,10,14,18,22,26,0.190429687499993,59.794921875,195,0.190429687499993,195,0.190429687499993,450.3662109375,0.919449862069514,99.9846582323358,5,6,1,13,1.61192697300147e-13,1,2,1
P1/D3,186,22,14,10,6,18,26,6,10,14,18,22,26,0.190429687499993,59.794921875,195,0.190429687499993,195,0.190429687499993,450.3662109375,0.919449862069514,99.9846582323358,5,6,1,13,1.61192697300147e-13,1,2,1
P1/D3,187,22,14,6,26,18,10,6,10,14,18,22,26,66.0791015625,0.190429687499993,195,0.190429687499993,195,0.190429687499993,456.650390625,0.917754794877148,99.9832061229261,5,6,1,13,2.01716098254145e-13,1,2,1
P1/D3,188,22,14,6,26,10,18,6,10,14,18,22,26,66.0791015625,0.190429687499993,195,0.190429687499993,195,0.190429687499993,456.650390625,0.917754794877148,99.9832061229261,5,6,1,13,2.01716098254145e-13,1,2,1
P1/D3,189,22,14,6,18,26,10,6,10,14,18,22,26,66.0791015625,0.190429687499993,195,0.190429687499993,195,0.190429687499993,456.650390625,0.917754794877148,99.9832061229261,5,6,1,13,2.01716098254145e-13,1,2,1
P1/D3,190,22,14,6,18,10,26,6,10,14,18,22,26,66.0791015625,0.190429687499993,195,0.190429687499993,195,0.190429687499993,456.650390625,0.917754794877148,99.9832061229261,5,6,1,13,2.01716098254145e-13,1,2,1
P1/D3,191,22,14,6,10,26,18,6,10,14,18,22,26,66.0791015625,0.190429687499993,195,0.190429687499993,195,0.190429687499993,456.650390625,0.917754794877148,99.9832061229261,5,6,1,13,2.01716098254145e-13,1,2,1
P1/D3,192,22,14,6,10,18,26,6,10,14,18,22,26,66.0791015625,0.190429687499993,195,0.190429687499993,195,0.190429687499993,456.650390625,0.917754794877148,99.9832061229261,5,6,1,13,2.01716098254145e-13,1,2,1
P1/D3,193,22,10,26,18,14,6,6,10,14,18,22,26,0.190429687499993,195,0.190429687499993,0.190429687499993,195,75.2197265625,465.791015625,0.913992265852866,99.9802503968798,5,6,1,13,3.51055554373589e-13,1,2,1
P1/D3,194,22,10,26,18,6,14,6,10,14,18,22,26,0.190429687499993,195,0.190429687499993,0.190429687499993,195,75.2197265625,465.791015625,0.913992265852866,99.9802503968798,5,6,1,13,3.51055554373589e-13,1,2,1
P1/D3,195,22,10,26,14,18,6,6,10,14,18,22,26,0.190429687499993,195,0.190429687499993,0.190429687499993,195,75.2197265625,465.791015625,0.913992265852866,99.9802503968798,5,6,1,13,3.51055554373589e-13,1,2,1
P1/D3,196,22,10,26,14,6,18,6,10,14,18,22,26,0.190429687499993,195,0.190429687499993,0.190429687499993,195,75.2197265625,465.791015625,0.913992265852866,99.9802503968798,5,6,1,13,3.51055554373589e-13,1,2,1
P1/D3,197,22,10,26,6,18,14,6,10,14,18,22,26,0.190429687499993,195,0.190429687499993,0.190429687499993,195,75.2197265625,465.791015625,0.913992265852866,99.9802503968798,5,6,1,13,3.51055554373589e-13,1,2,1
P1/D3,198,22,10,26,6,14,18,6,10,14,18,22,26,0.190429687499993,195,0.190429687499993,0.190429687499993,195,75.2197265625,465.791015625,0.913992265852866,99.9802503968798,5,6,1,13,3.51055554373589e-13,1,2,1
P1/D3,199,22,10,18,26,14,6,6,10,14,18,22,26,0.190429687499993,195,0.190429687499993,63.4130859375,195,0.190429687499993,453.984375,0.918584074114566,99.9841957646336,5,6,1,13,1.94975095619051e-13,1,2,1
P1/D3,200,22,10,18,26,6,14,6,10,14,18,22,26,0.190429687499993,195,0.190429687499993,63.4130859375,195,0.190429687499993,453.984375,0.918584074114566,99.9841957646336,5,6,1,13,1.94975095619051e-13,1,2,1
P1/D3,201,22,10,18,14,26,6,6,10,14,18,22,26,0.190429687499993,195,0.190429687499993,63.4130859375,195,0.190429687499993,453.984375,0.918584074114566,99.9841957646336,5,6,1,13,1.94975095619051e-13,1,2,1
P1/D3,202,22,10,18,14,6,26,6,10,14,18,22,26,0.190429687499993,195,0.190429687499993,63.4130859375,195,0.190429687499993,453.984375,0.918584074114566,99.9841957646336,5,6,1,13,1.94975095619051e-13,1,2,1
P1/D3,203,22,10,18,6,26,14,6,10,14,18,22,26,0.190429687499993,195,0.190429687499993,63.4130859375,195,0.190429687499993,453.984375,0.918584074114566,99.9841957646336,5,6,1,13,1.94975095619051e-13,1,2,1
P1/D3,204,22,10,18,6,14,26,6,10,14,18,22,26,0.190429687499993,195,0.190429687499993,63.4130859375,195,0.190429687499993,453.984375,0.918584074114566,99.9841957646336,5,6,1,13,1.94975095619051e-13,1,2,1
P1/D3,205,22,10,14,26,18,6,6,10,14,18,22,26,0.190429687499993,195,65.3173828125,0.190429687499993,195,0.190429687499993,455.888671875,0.917122326554629,99.9792434727522,5,6,1,13,2.26583244711584e-13,1,2,1
P1/D3,206,22,10,14,26,6,18,6,10,14,18,22,26,0.190429687499993,195,65.3173828125,0.190429687499993,195,0.190429687499993,455.888671875,0.917122326554629,99.9792434727522,5,6,1,13,2.26583244711584e-13,1,2,1
P1/D3,207,22,10,14,18,26,6,6,10,14,18,22,26,0.190429687499993,195,65.3173828125,0.190429687499993,195,0.190429687499993,455.888671875,0.917122326554629,99.9792434727522,5,6,1,13,2.26583244711584e-13,1,2,1
P1/D3,208,22,10,14,18,6,26,6,10,14,18,22,26,0.190429687499993,195,65.3173828125,0.190429687499993,195,0.190429687499993,455.888671875,0.917122326554629,99.9792434727522,5,6,1,13,2.26583244711584e-13,1,2,1
P1/D3,209,22,10,14,6,26,18,6,10,14,18,22,26,0.190429687499993,195,65.3173828125,0.190429687499993,195,0.190429687499993,455.888671875,0.917122326554629,99.9792434727522,5,6,1,13,2.26583244711584e-13,1,2,1
P1/D3,210,22,10,14,6,18,26,6,10,14,18,22,26,0.190429687499993,195,65.3173828125,0.190429687499993,195,0.190429687499993,455.888671875,0.917122326554629,99.9792434727522,5,6,1,13,2.26583244711584e-13,1,2,1
P1/D3,211,22,10,6,26,18,14,6,10,14,18,22,26,75.41015625,195,0.190429687499993,0.190429687499993,195,0.190429687499993,465.9814453125,0.913990616641265,99.9829356089607,5,6,1,13,3.52284133872125e-13,1,2,1
P1/D3,212,22,10,6,26,14,18,6,10,14,18,22,26,75.41015625,195,0.190429687499993,0.190429687499993,195,0.190429687499993,465.9814453125,0.913990616641265,99.9829356089607,5,6,1,13,3.52284133872125e-13,1,2,1
P1/D3,213,22,10,6,18,26,14,6,10,14,18,22,26,75.41015625,195,0.190429687499993,0.190429687499993,195,0.190429687499993,465.9814453125,0.913990616641265,99.9829356089607,5,6,1,13,3.52284133872125e-13,1,2,1
P1/D3,214,22,10,6,18,14,26,6,10,14,18,22,26,75.41015625,195,0.190429687499993,0.190429687499993,195,0.190429687499993,465.9814453125,0.913990616641265,99.9829356089607,5,6,1,13,3.52284133872125e-13,1,2,1
P1/D3,215,22,10,6,14,26,18,6,10,14,18,22,26,75.41015625,195,0.190429687499993,0.190429687499993,195,0.190429687499993,465.9814453125,0.913990616641265,99.9829356089607,5,6,1,13,3.52284133872125e-13,1,2,1
P1/D3,216,22,10,6,14,18,26,6,10,14,18,22,26,75.41015625,195,0.190429687499993,0.190429687499993,195,0.190429687499993,465.9814453125,0.913990616641265,99.9829356089607,5,6,1,13,3.52284133872125e-13,1,2,1
P1/D3,217,22,6,26,18,14,10,6,10,14,18,22,26,195,0.190429687499993,0.190429687499993,0.190429687499993,195,98.26171875,488.8330078125,0.908362540744311,99.980492036145,5,6,1,13,7.37563946822368e-13,1,2,1
P1/D3,218,22,6,26,18,10,14,6,10,14,18,22,26,195,0.190429687499993,0.190429687499993,0.190429687499993,195,98.26171875,488.8330078125,0.908362540744311,99.980492036145,5,6,1,13,7.37563946822368e-13,1,2,1
P1/D3,219,22,6,26,14,18,10,6,10,14,18,22,26,195,0.190429687499993,0.190429687499993,0.190429687499993,195,98.26171875,488.8330078125,0.908362540744311,99.980492036145,5,6,1,13,7.37563946822368e-13,1,2,1
P1/D3,220,22,6,26,14,10,18,6,10,14,18,22,26,195,0.190429687499993,0.190429687499993,0.190429687499993,195,98.26171875,488.8330078125,0.908362540744311,99.980492036145,5,6,1,13,7.37563946822368e-13,1,2,1
P1/D3,221,22,6,26,10,18,14,6,10,14,18,22,26,195,0.190429687499993,0.190429687499993,0.190429687499993,195,98.26171875,488.8330078125,0.908362540744311,99.980492036145,5,6,1,13,7.37563946822368e-13,1,2,1
P1/D3,222,22,6,26,10,14,18,6,10,14,18,22,26,195,0.190429687499993,0.190429687499993,0.190429687499993,195,98.26171875,488.8330078125,0.908362540744311,99.980492036145,5,6,1,13,7.37563946822368e-13,1,2,1
P1/D3,223,22,6,18,26,14,10,6,10,14,18,22,26,195,0.190429687499993,0.190429687499993,81.6943359375,195,0.190429687499993,472.265625,0.91433802243746,99.9793322054186,5,6,1,13,3.50963376831665e-13,1,2,1
P1/D3,224,22,6,18,26,10,14,6,10,14,18,22,26,195,0.190429687499993,0.190429687499993,81.6943359375,195,0.190429687499993,472.265625,0.91433802243746,99.9793322054186,5,6,1,13,3.50963376831665e-13,1,2,1
P1/D3,225,22,6,18,14,26,10,6,10,14,18,22,26,195,0.190429687499993,0.190429687499993,81.6943359375,195,0.190429687499993,472.265625,0.91433802243746,99.9793322054186,5,6,1,13,3.50963376831665e-13,1,2,1
P1/D3,226,22,6,18,14,10,26,6,10,14,18,22,26,195,0.190429687499993,0.190429687499993,81.6943359375,195,0.190429687499993,472.265625,0.91433802243746,99.9793322054186,5,6,1,13,3.50963376831665e-13,1,2,1
P1/D3,227,22,6,18,10,26,14,6,10,14,18,22,26,195,0.190429687499993,0.190429687499993,81.6943359375,195,0.190429687499993,472.265625,0.91433802243746,99.9793322054186,5,6,1,13,3.50963376831665e-13,1,2,1
P1/D3,228,22,6,18,10,14,26,6,10,14,18,22,26,195,0.190429687499993,0.190429687499993,81.6943359375,195,0.190429687499993,472.265625,0.91433802243746,99.9793322054186,5,6,1,13,3.50963376831665e-13,1,2,1
P1/D3,229,22,6,14,26,18,10,6,10,14,18,22,26,195,0.190429687499993,83.7890625,0.190429687499993,195,0.190429687499993,474.3603515625,0.912424280144892,99.9821059348271,5,6,1,13,4.20540352470623e-13,1,2,1
P1/D3,230,22,6,14,26,10,18,6,10,14,18,22,26,195,0.190429687499993,83.7890625,0.190429687499993,195,0.190429687499993,474.3603515625,0.912424280144892,99.9821059348271,5,6,1,13,4.20540352470623e-13,1,2,1
P1/D3,231,22,6,14,18,26,10,6,10,14,18,22,26,195,0.190429687499993,83.7890625,0.190429687499993,195,0.190429687499993,474.3603515625,0.912424280144892,99.9821059348271,5,6,1,13,4.20540352470623e-13,1,2,1
P1/D3,232,22,6,14,18,10,26,6,10,14,18,22,26,195,0.190429687499993,83.7890625,0.190429687499993,195,0.190429687499993,474.3603515625,0.912424280144892,99.9821059348271,5,6,1,13,4.20540352470623e-13,1,2,1
P1/D3,233,22,6,14,10,26,18,6,10,14,18,22,26,195,0.190429687499993,83.7890625,0.190429687499993,195,0.190429687499993,474.3603515625,0.912424280144892,99.9821059348271,5,6,1,13,4.20540352470623e-13,1,2,1
P1/D3,234,22,6,14,10,18,26,6,10,14,18,22,26,195,0.190429687499993,83.7890625,0.190429687499993,195,0.190429687499993,474.3603515625,0.912424280144892,99.9821059348271,5,6,1,13,4.20540352470623e-13,1,2,1
P1/D3,235,22,6,10,26,18,14,6,10,14,18,22,26,195,87.7880859375,0.190429687499993,0.190429687499993,195,0.190429687499993,478.359375,0.910905643907969,99.9796741190653,5,6,1,13,5.27686547514585e-13,1,2,1
P1/D3,236,22,6,10,26,14,18,6,10,14,18,22,26,195,87.7880859375,0.190429687499993,0.190429687499993,195,0.190429687499993,478.359375,0.910905643907969,99.9796741190653,5,6,1,13,5.27686547514585e-13,1,2,1
P1/D3,237,22,6,10,18,26,14,6,10,14,18,22,26,195,87.7880859375,0.190429687499993,0.190429687499993,195,0.190429687499993,478.359375,0.910905643907969,99.9796741190653,5,6,1,13,5.27686547514585e-13,1,2,1
P1/D3,238,22,6,10,18,14,26,6,10,14,18,22,26,195,87.7880859375,0.190429687499993,0.190429687499993,195,0.190429687499993,478.359375,0.910905643907969,99.9796741190653,5,6,1,13,5.27686547514585e-13,1,2,1
P1/D3,239,22,6,10,14,26,18,6,10,14,18,22,26,195,87.7880859375,0.190429687499993,0.190429687499993,195,0.190429687499993,478.359375,0.910905643907969,99.9796741190653,5,6,1,13,5.27686547514585e-13,1,2,1
P1/D3,240,22,6,10,14,18,26,6,10,14,18,22,26,195,87.7880859375,0.190429687499993,0.190429687499993,195,0.190429687499993,478.359375,0.910905643907969,99.9796741190653,5,6,1,13,5.27686547514585e-13,1,2,1
P1/D3,241,18,26,22,14,10,6,6,10,14,18,22,26,0.190429687499993,0.190429687499993,0.190429687499993,195,0.190429687499993,61.1279296875,256.8896484375,0.922342903315101,99.9798624967781,5,6,1,13,1.34722614189823e-13,1,2,1
P1/D3,242,18,26,22,14,6,10,6,10,14,18,22,26,0.190429687499993,0.190429687499993,0.190429687499993,195,0.190429687499993,61.1279296875,256.8896484375,0.922342903315101,99.9798624967781,5,6,1,13,1.34722614189823e-13,1,2,1
P1/D3,243,18,26,22,10,14,6,6,10,14,18,22,26,0.190429687499993,0.190429687499993,0.190429687499993,195,0.190429687499993,61.1279296875,256.8896484375,0.922342903315101,99.9798624967781,5,6,1,13,1.34722614189823e-13,1,2,1
P1/D3,244,18,26,22,10,6,14,6,10,14,18,22,26,0.190429687499993,0.190429687499993,0.190429687499993,195,0.190429687499993,61.1279296875,256.8896484375,0.922342903315101,99.9798624967781,5,6,1,13,1.34722614189823e-13,1,2,1
P1/D3,245,18,26,22,6,14,10,6,10,14,18,22,26,0.190429687499993,0.190429687499993,0.190429687499993,195,0.190429687499993,61.1279296875,256.8896484375,0.922342903315101,99.9798624967781,5,6,1,13,1.34722614189823e-13,1,2,1
P1/D3,246,18,26,22,6,10,14,6,10,14,18,22,26,0.190429687499993,0.190429687499993,0.190429687499993,195,0.190429687499993,61.1279296875,256.8896484375,0.922342903315101,99.9798624967781,5,6,1,13,1.34722614189823e-13,1,2,1
P1/D3,247,18,26,14,22,10,6,6,10,14,18,22,26,0.190429687499993,0.190429687499993,0.190429687499993,195,0.190429687499993,61.1279296875,256.8896484375,0.922342903315101,99.9798624967781,5,6,1,13,1.34722614189823e-13,1,2,1
P1/D3,248,18,26,14,22,6,10,6,10,14,18,22,26,0.190429687499993,0.190429687499993,0.190429687499993,195,0.190429687499993,61.1279296875,256.8896484375,0.922342903315101,99.9798624967781,5,6,1,13,1.34722614189823e-13,1,2,1
P1/D3,249,18,26,14,10,22,6,6,10,14,18,22,26,0.190429687499993,0.190429687499993,0.190429687499993,195,0.190429687499993,61.1279296875,256.8896484375,0.922342903315101,99.9798624967781,5,6,1,13,1.34722614189823e-13,1,2,1
P1/D3,250,18,26,14,10,6,22,6,10,14,18,22,26,0.190429687499993,0.190429687499993,0.190429687499993,195,0.190429687499993,61.1279296875,256.8896484375,0.922342903315101,99.9798624967781,5,6,1,13,1.34722614189823e-13,1,2,1
P1/D3,251,18,26,14,6,22,10,6,10,14,18,22,26,0.190429687499993,0.190429687499993,0.190429687499993,195,0.190429687499993,61.1279296875,256.8896484375,0.922342903315101,99.9798624967781,5,6,1,13,1.34722614189823e-13,1,2,1
P1/D3,252,18,26,14,6,10,22,6,10,14,18,22,26,0.190429687499993,0.190429687499993,0.190429687499993,195,0.190429687499993,61.1279296875,256.8896484375,0.922342903315101,99.9798624967781,5,6,1,13,1.34722614189823e-13,1,2,1
P1/D3,253,18,26,10,22,14,6,6,10,14,18,22,26,0.190429687499993,0.190429687499993,0.190429687499993,195,0.190429687499993,61.1279296875,256.8896484375,0.922342903315101,99.9798624967781,5,6,1,13,1.34722614189823e-13,1,2,1
P1/D3,254,18,26,10,22,6,14,6,10,14,18,22,26,0.190429687499993,0.190429687499993,0.190429687499993,195,0.190429687499993,61.1279296875,256.8896484375,0.922342903315101,99.9798624967781,5,6,1,13,1.34722614189823e-13,1,2,1
P1/D3,255,18,26,10,14,22,6,6,10,14,18,22,26,0.190429687499993,0.190429687499993,0.190429687499993,195,0.190429687499993,61.1279296875,256.8896484375,0.922342903315101,99.9798624967781,5,6,1,13,1.34722614189823e-13,1,2,1
P1/D3,256,18,26,10,14,6,22,6,10,14,18,22,26,0.190429687499993,0.190429687499993,0.190429687499993,195,0.190429687499993,61.1279296875,256.8896484375,0.922342903315101,99.9798624967781,5,6,1,13,1.34722614189823e-13,1,2,1
P1/D3,257,18,26,10,6,22,14,6,10,14,18,22,26,0.190429687499993,0.190429687499993,0.190429687499993,195,0.190429687499993,61.1279296875,256.8896484375,0.922342903315101,99.9798624967781,5,6,1,13,1.34722614189823e-13,1,2,1
P1/D3,258,18,26,10,6,14,22,6,10,14,18,22,26,0.190429687499993,0.190429687499993,0.190429687499993,195,0.190429687499993,61.1279296875,256.8896484375,0.922342903315101,99.9798624967781,5,6,1,13,1.34722614189823e-13,1,2,1
P1/D3,259,18,26,6,22,14,10,6,10,14,18,22,26,0.190429687499993,0.190429687499993,0.190429687499993,195,0.190429687499993,61.1279296875,256.8896484375,0.922342903315101,99.9798624967781,5,6,1,13,1.34722614189823e-13,1,2,1
P1/D3,260,18,26,6,22,10,14,6,10,14,18,22,26,0.190429687499993,0.190429687499993,0.190429687499993,195,0.190429687499993,61.1279296875,256.8896484375,0.922342903315101,99.9798624967781,5,6,1,13,1.34722614189823e-13,1,2,1
P1/D3,261,18,26,6,14,22,10,6,10,14,18,22,26,0.190429687499993,0.190429687499993,0.190429687499993,195,0.190429687499993,61.1279296875,256.8896484375,0.922342903315101,99.9798624967781,5,6,1,13,1.34722614189823e-13,1,2,1
P1/D3,262,18,26,6,14,10,22,6,10,14,18,22,26,0.190429687499993,0.190429687499993,0.190429687499993,195,0.190429687499993,61.1279296875,256.8896484375,0.922342903315101,99.9798624967781,5,6,1,13,1.34722614189823e-13,1,2,1
P1/D3,263,18,26,6,10,22,14,6,10,14,18,22,26,0.190429687499993,0.190429687499993,0.190429687499993,195,0.190429687499993,61.1279296875,256.8896484375,0.922342903315101,99.9798624967781,5,6,1,13,1.34722614189823e-13,1,2,1
P1/D3,264,18,26,6,10,14,22,6,10,14,18,22,26,0.190429687499993,0.190429687499993,0.190429687499993,195,0.190429687499993,61.1279296875,256.8896484375,0.922342903315101,99.9798624967781,5,6,1,13,1.34722614189823e-13,1,2,1
P1/D3,265,18,22,26,14,10,6,6,10,14,18,22,26,0.190429687499993,0.190429687499993,0.190429687499993,195,195,60.9375,451.5087890625,0.922465087055391,99.9832566613151,5,6,1,13,1.34047485610674e-13,1,2,1
P1/D3,266,18,22,26,14,6,10,6,10,14,18,22,26,0.190429687499993,0.190429687499993,0.190429687499993,195,195,60.9375,451.5087890625,0.922465087055391,99.9832566613151,5,6,1,13,1.34047485610674e-13,1,2,1
P1/D3,267,18,22,26,10,14,6,6,10,14,18,22,26,0.190429687499993,0.190429687499993,0.190429687499993,195,195,60.9375,451.5087890625,0.922465087055391,99.9832566613151,5,6,1,13,1.34047485610674e-13,1,2,1
P1/D3,268,18,22,26,10,6,14,6,10,14,18,22,26,0.190429687499993,0.190429687499993,0.190429687499993,195,195,60.9375,451.5087890625,0.922465087055391,99.9832566613151,5,6,1,13,1.34047485610674e-13,1,2,1
P1/D3,269,18,22,26,6,14,10,6,10,14,18,22,26,0.190429687499993,0.190429687499993,0.190429687499993,195,195,60.9375,451.5087890625,0.922465087055391,99.9832566613151,5,6,1,13,1.34047485610674e-13,1,2,1
P1/D3,270,18,22,26,6,10,14,6,10,14,18,22,26,0.190429687499993,0.190429687499993,0.190429687499993,195,195,60.9375,451.5087890625,0.922465087055391,99.9832566613151,5,6,1,13,1.34047485610674e-13,1,2,1
P1/D3,271,18,22,14,26,10,6,6,10,14,18,22,26,0.190429687499993,0.190429687499993,53.5107421875,195,195,0.190429687499993,444.08203125,0.924976638363786,99.9844448344179,5,6,1,12,9.67615576100632e-13,1,2,1
P1/D3,272,18,22,14,26,6,10,6,10,14,18,22,26,0.190429687499993,0.190429687499993,53.5107421875,195,195,0.190429687499993,444.08203125,0.924976638363786,99.9844448344179,5,6,1,12,9.67615576100632e-13,1,2,1
P1/D3,273,18,22,14,10,26,6,6,10,14,18,22,26,0.190429687499993,0.190429687499993,53.5107421875,195,195,0.190429687499993,444.08203125,0.924976638363786,99.9844448344179,5,6,1,12,9.67615576100632e-13,1,2,1
P1/D3,274,18,22,14,10,6,26,6,10,14,18,22,26,0.190429687499993,0.190429687499993,53.5107421875,195,195,0.190429687499993,444.08203125,0.924976638363786,99.9844448344179,5,6,1,12,9.67615576100632e-13,1,2,1
P1/D3,275,18,22,14,6,26,10,6,10,14,18,22,26,0.190429687499993,0.190429687499993,53.5107421875,195,195,0.190429687499993,444.08203125,0.924976638363786,99.9844448344179,5,6,1,12,9.67615576100632e-13,1,2,1
P1/D3,276,18,22,14,6,10,26,6,10,14,18,22,26,0.190429687499993,0.190429687499993,53.5107421875,195,195,0.190429687499993,444.08203125,0.924976638363786,99.9844448344179,5,6,1,12,9.67615576100632e-13,1,2,1
P1/D3,277,18,22,10,26,14,6,6,10,14,18,22,26,0.190429687499993,55.4150390625,0.190429687499993,195,195,0.190429687499993,445.986328125,0.924027275854526,99.9837846980347,5,6,1,13,1.08227872035793e-13,1,2,1
P1/D3,278,18,22,10,26,6,14,6,10,14,18,22,26,0.190429687499993,55.4150390625,0.190429687499993,195,195,0.190429687499993,445.986328125,0.924027275854526,99.9837846980347,5,6,1,13,1.08227872035793e-13,1,2,1
P1/D3,279,18,22,10,14,26,6,6,10,14,18,22,26,0.190429687499993,55.4150390625,0.190429687499993,195,195,0.190429687499993,445.986328125,0.924027275854526,99.9837846980347,5,6,1,13,1.08227872035793e-13,1,2,1
P1/D3,280,18,22,10,14,6,26,6,10,14,18,22,26,0.190429687499993,55.4150390625,0.190429687499993,195,195,0.190429687499993,445.986328125,0.924027275854526,99.9837846980347,5,6,1,13,1.08227872035793e-13,1,2,1
P1/D3,281,18,22,10,6,26,14,6,10,14,18,22,26,0.190429687499993,55.4150390625,0.190429687499993,195,195,0.190429687499993,445.986328125,0.924027275854526,99.9837846980347,5,6,1,13,1.08227872035793e-13,1,2,1
P1/D3,282,18,22,10,6,14,26,6,10,14,18,22,26,0.190429687499993,55.4150390625,0.190429687499993,195,195,0.190429687499993,445.986328125,0.924027275854526,99.9837846980347,5,6,1,13,1.08227872035793e-13,1,2,1
P1/D3,283,18,22,6,26,14,10,6,10,14,18,22,26,61.318359375,0.190429687499993,0.190429687499993,195,195,0.190429687499993,451.8896484375,0.922467270838985,99.9797622652373,5,6,1,13,1.34160141577923e-13,1,2,1
P1/D3,284,18,22,6,26,10,14,6,10,14,18,22,26,61.318359375,0.190429687499993,0.190429687499993,195,195,0.190429687499993,451.8896484375,0.922467270838985,99.9797622652373,5,6,1,13,1.34160141577923e-13,1,2,1
P1/D3,285,18,22,6,14,26,10,6,10,14,18,22,26,61.318359375,0.190429687499993,0.190429687499993,195,195,0.190429687499993,451.8896484375,0.922467270838985,99.9797622652373,5,6,1,13,1.34160141577923e-13,1,2,1
P1/D3,286,18,22,6,14,10,26,6,10,14,18,22,26,61.318359375,0.190429687499993,0.190429687499993,195,195,0.190429687499993,451.8896484375,0.922467270838985,99.9797622652373,5,6,1,13,1.34160141577923e-13,1,2,1
P1/D3,287,18,22,6,10,26,14,6,10,14,18,22,26,61.318359375,0.190429687499993,0.190429687499993,195,195,0.190429687499993,451.8896484375,0.922467270838985,99.9797622652373,5,6,1,13,1.34160141577923e-13,1,2,1
P1/D3,288,18,22,6,10,14,26,6,10,14,18,22,26,61.318359375,0.190429687499993,0.190429687499993,195,195,0.190429687499993,451.8896484375,0.922467270838985,99.9797622652373,5,6,1,13,1.34160141577923e-13,1,2,1
P1/D3,289,18,14,26,22,10,6,6,10,14,18,22,26,0.190429687499993,0.190429687499993,53.701171875,195,0.190429687499993,0.190429687499993,249.462890625,0.924864197406132,99.9803512545216,5,6,1,12,9.70478915977193e-13,1,2,1
P1/D3,290,18,14,26,22,6,10,6,10,14,18,22,26,0.190429687499993,0.190429687499993,53.701171875,195,0.190429687499993,0.190429687499993,249.462890625,0.924864197406132,99.9803512545216,5,6,1,12,9.70478915977193e-13,1,2,1
P1/D3,291,18,14,26,10,22,6,6,10,14,18,22,26,0.190429687499993,0.190429687499993,53.701171875,195,0.190429687499993,0.190429687499993,249.462890625,0.924864197406132,99.9803512545216,5,6,1,12,9.70478915977193e-13,1,2,1
P1/D3,292,18,14,26,10,6,22,6,10,14,18,22,26,0.190429687499993,0.190429687499993,53.701171875,195,0.190429687499993,0.190429687499993,249.462890625,0.924864197406132,99.9803512545216,5,6,1,12,9.70478915977193e-13,1,2,1
P1/D3,293,18,14,26,6,22,10,6,10,14,18,22,26,0.190429687499993,0.190429687499993,53.701171875,195,0.190429687499993,0.190429687499993,249.462890625,0.924864197406132,99.9803512545216,5,6,1,12,9.70478915977193e-13,1,2,1
P1/D3,294,18,14,26,6,10,22,6,10,14,18,22,26,0.190429687499993,0.190429687499993,53.701171875,195,0.190429687499993,0.190429687499993,249.462890625,0.924864197406132,99.9803512545216,5,6,1,12,9.70478915977193e-13,1,2,1
P1/D3,295,18,14,22,26,10,6,6,10,14,18,22,26,0.190429687499993,0.190429687499993,53.701171875,195,0.190429687499993,0.190429687499993,249.462890625,0.924864197406132,99.9803512545216,5,6,1,12,9.70478915977193e-13,1,2,1
P1/D3,296,18,14,22,26,6,10,6,10,14,18,22,26,0.190429687499993,0.190429687499993,53.701171875,195,0.190429687499993,0.190429687499993,249.462890625,0.924864197406132,99.9803512545216,5,6,1,12,9.70478915977193e-13,1,2,1
P1/D3,297,18,14,22,10,26,6,6,10,14,18,22,26,0.190429687499993,0.190429687499993,53.701171875,195,0.190429687499993,0.190429687499993,249.462890625,0.924864197406132,99.9803512545216,5,6,1,12,9.70478915977193e-13,1,2,1
P1/D3,298,18,14,22,10,6,26,6,10,14,18,22,26,0.190429687499993,0.190429687499993,53.701171875,195,0.190429687499993,0.190429687499993,249.462890625,0.924864197406132,99.9803512545216,5,6,1,12,9.70478915977193e-13,1,2,1
P1/D3,299,18,14,22,6,26,10,6,10,14,18,22,26,0.190429687499993,0.190429687499993,53.701171875,195,0.190429687499993,0.190429687499993,249.462890625,0.924864197406132,99.9803512545216,5,6,1,12,9.70478915977193e-13,1,2,1
P1/D3,300,18,14,22,6,10,26,6,10,14,18,22,26,0.190429687499993,0.190429687499993,53.701171875,195,0.190429687499993,0.190429687499993,249.462890625,0.924864197406132,99.9803512545216,5,6,1,12,9.70478915977193e-13,1,2,1
P1/D3,301,18,14,10,26,22,6,6,10,14,18,22,26,0.190429687499993,0.190429687499993,53.701171875,195,0.190429687499993,0.190429687499993,249.462890625,0.924864197406132,99.9803512545216,5,6,1,12,9.70478915977193e-13,1,2,1
P1/D3,302,18,14,10,26,6,22,6,10,14,18,22,26,0.190429687499993,0.190429687499993,53.701171875,195,0.190429687499993,0.190429687499993,249.462890625,0.924864197406132,99.9803512545216,5,6,1,12,9.70478915977193e-13,1,2,1
P1/D3,303,18,14,10,22,26,6,6,10,14,18,22,26,0.190429687499993,0.190429687499993,53.701171875,195,0.190429687499993,0.190429687499993,249.462890625,0.924864197406132,99.9803512545216,5,6,1,12,9.70478915977193e-13,1,2,1
P1/D3,304,18,14,10,22,6,26,6,10,14,18,22,26,0.190429687499993,0.190429687499993,53.701171875,195,0.190429687499993,0.190429687499993,249.462890625,0.924864197406132,99.9803512545216,5,6,1,12,9.70478915977193e-13,1,2,1
P1/D3,305,18,14,10,6,26,22,6,10,14,18,22,26,0.190429687499993,0.190429687499993,53.701171875,195,0.190429687499993,0.190429687499993,249.462890625,0.924864197406132,99.9803512545216,5,6,1,12,9.70478915977193e-13,1,2,1
P1/D3,306,18,14,10,6,22,26,6,10,14,18,22,26,0.190429687499993,0.190429687499993,53.701171875,195,0.190429687499993,0.190429687499993,249.462890625,0.924864197406132,99.9803512545216,5,6,1,12,9.70478915977193e-13,1,2,1
P1/D3,307,18,14,6,26,22,10,6,10,14,18,22,26,0.190429687499993,0.190429687499993,53.701171875,195,0.190429687499993,0.190429687499993,249.462890625,0.924864197406132,99.9803512545216,5,6,1,12,9.70478915977193e-13,1,2,1
P1/D3,308,18,14,6,26,10,22,6,10,14,18,22,26,0.190429687499993,0.190429687499993,53.701171875,195,0.190429687499993,0.190429687499993,249.462890625,0.924864197406132,99.9803512545216,5,6,1,12,9.70478915977193e-13,1,2,1
P1/D3,309,18,14,6,22,26,10,6,10,14,18,22,26,0.190429687499993,0.190429687499993,53.701171875,195,0.190429687499993,0.190429687499993,249.462890625,0.924864197406132,99.9803512545216,5,6,1,12,9.70478915977193e-13,1,2,1
P1/D3,310,18,14,6,22,10,26,6,10,14,18,22,26,0.190429687499993,0.190429687499993,53.701171875,195,0.190429687499993,0.190429687499993,249.462890625,0.924864197406132,99.9803512545216,5,6,1,12,9.70478915977193e-13,1,2,1
P1/D3,311,18,14,6,10,26,22,6,10,14,18,22,26,0.190429687499993,0.190429687499993,53.701171875,195,0.190429687499993,0.190429687499993,249.462890625,0.924864197406132,99.9803512545216,5,6,1,12,9.70478915977193e-13,1,2,1
P1/D3,312,18,14,6,10,22,26,6,10,14,18,22,26,0.190429687499993,0.190429687499993,53.701171875,195,0.190429687499993,0.190429687499993,249.462890625,0.924864197406132,99.9803512545216,5,6,1,12,9.70478915977193e-13,1,2,1
P1/D3,313,18,10,26,22,14,6,6,10,14,18,22,26,0.190429687499993,55.60546875,0.190429687499993,195,0.190429687499993,0.190429687499993,251.3671875,0.923911008157365,99.9798833262991,5,6,1,13,1.086786799568e-13,1,2,1
P1/D3,314,18,10,26,22,6,14,6,10,14,18,22,26,0.190429687499993,55.60546875,0.190429687499993,195,0.190429687499993,0.190429687499993,251.3671875,0.923911008157365,99.9798833262991,5,6,1,13,1.086786799568e-13,1,2,1
P1/D3,315,18,10,26,14,22,6,6,10,14,18,22,26,0.190429687499993,55.60546875,0.190429687499993,195,0.190429687499993,0.190429687499993,251.3671875,0.923911008157365,99.9798833262991,5,6,1,13,1.086786799568e-13,1,2,1
P1/D3,316,18,10,26,14,6,22,6,10,14,18,22,26,0.190429687499993,55.60546875,0.190429687499993,195,0.190429687499993,0.190429687499993,251.3671875,0.923911008157365,99.9798833262991,5,6,1,13,1.086786799568e-13,1,2,1
P1/D3,317,18,10,26,6,22,14,6,10,14,18,22,26,0.190429687499993,55.60546875,0.190429687499993,195,0.190429687499993,0.190429687499993,251.3671875,0.923911008157365,99.9798833262991,5,6,1,13,1.086786799568e-13,1,2,1
P1/D3,318,18,10,26,6,14,22,6,10,14,18,22,26,0.190429687499993,55.60546875,0.190429687499993,195,0.190429687499993,0.190429687499993,251.3671875,0.923911008157365,99.9798833262991,5,6,1,13,1.086786799568e-13,1,2,1
P1/D3,319,18,10,22,26,14,6,6,10,14,18,22,26,0.190429687499993,55.60546875,0.190429687499993,195,0.190429687499993,0.190429687499993,251.3671875,0.923911008157365,99.9798833262991,5,6,1,13,1.086786799568e-13,1,2,1
P1/D3,320,18,10,22,26,6,14,6,10,14,18,22,26,0.190429687499993,55.60546875,0.190429687499993,195,0.190429687499993,0.190429687499993,251.3671875,0.923911008157365,99.9798833262991,5,6,1,13,1.086786799568e-13,1,2,1
P1/D3,321,18,10,22,14,26,6,6,10,14,18,22,26,0.190429687499993,55.60546875,0.190429687499993,195,0.190429687499993,0.190429687499993,251.3671875,0.923911008157365,99.9798833262991,5,6,1,13,1.086786799568e-13,1,2,1
P1/D3,322,18,10,22,14,6,26,6,10,14,18,22,26,0.190429687499993,55.60546875,0.190429687499993,195,0.190429687499993,0.190429687499993,251.3671875,0.923911008157365,99.9798833262991,5,6,1,13,1.086786799568e-13,1,2,1
P1/D3,323,18,10,22,6,26,14,6,10,14,18,22,26,0.190429687499993,55.60546875,0.190429687499993,195,0.190429687499993,0.190429687499993,251.3671875,0.923911008157365,99.9798833262991,5,6,1,13,1.086786799568e-13,1,2,1
P1/D3,324,18,10,22,6,14,26,6,10,14,18,22,26,0.190429687499993,55.60546875,0.190429687499993,195,0.190429687499993,0.190429687499993,251.3671875,0.923911008157365,99.9798833262991,5,6,1,13,1.086786799568e-13,1,2,1
P1/D3,325,18,10,14,26,22,6,6,10,14,18,22,26,0.190429687499993,55.60546875,0.190429687499993,195,0.190429687499993,0.190429687499993,251.3671875,0.923911008157365,99.9798833262991,5,6,1,13,1.086786799568e-13,1,2,1
P1/D3,326,18,10,14,26,6,22,6,10,14,18,22,26,0.190429687499993,55.60546875,0.190429687499993,195,0.190429687499993,0.190429687499993,251.3671875,0.923911008157365,99.9798833262991,5,6,1,13,1.086786799568e-13,1,2,1
P1/D3,327,18,10,14,22,26,6,6,10,14,18,22,26,0.190429687499993,55.60546875,0.190429687499993,195,0.190429687499993,0.190429687499993,251.3671875,0.923911008157365,99.9798833262991,5,6,1,13,1.086786799568e-13,1,2,1
P1/D3,328,18,10,14,22,6,26,6,10,14,18,22,26,0.190429687499993,55.60546875,0.190429687499993,195,0.190429687499993,0.190429687499993,251.3671875,0.923911008157365,99.9798833262991,5,6,1,13,1.086786799568e-13,1,2,1
P1/D3,329,18,10,14,6,26,22,6,10,14,18,22,26,0.190429687499993,55.60546875,0.190429687499993,195,0.190429687499993,0.190429687499993,251.3671875,0.923911008157365,99.9798833262991,5,6,1,13,1.086786799568e-13,1,2,1
P1/D3,330,18,10,14,6,22,26,6,10,14,18,22,26,0.190429687499993,55.60546875,0.190429687499993,195,0.190429687499993,0.190429687499993,251.3671875,0.923911008157365,99.9798833262991,5,6,1,13,1.086786799568e-13,1,2,1
P1/D3,331,18,10,6,26,22,14,6,10,14,18,22,26,0.190429687499993,55.60546875,0.190429687499993,195,0.190429687499993,0.190429687499993,251.3671875,0.923911008157365,99.9798833262991,5,6,1,13,1.086786799568e-13,1,2,1
P1/D3,332,18,10,6,26,14,22,6,10,14,18,22,26,0.190429687499993,55.60546875,0.190429687499993,195,0.190429687499993,0.190429687499993,251.3671875,0.923911008157365,99.9798833262991,5,6,1,13,1.086786799568e-13,1,2,1
P1/D3,333,18,10,6,22,26,14,6,10,14,18,22,26,0.190429687499993,55.60546875,0.190429687499993,195,0.190429687499993,0.190429687499993,251.3671875,0.923911008157365,99.9798833262991,5,6,1,13,1.086786799568e-13,1,2,1
P1/D3,334,18,10,6,22,14,26,6,10,14,18,22,26,0.190429687499993,55.60546875,0.190429687499993,195,0.190429687499993,0.190429687499993,251.3671875,0.923911008157365,99.9798833262991,5,6,1,13,1.086786799568e-13,1,2,1
P1/D3,335,18,10,6,14,26,22,6,10,14,18,22,26,0.190429687499993,55.60546875,0.190429687499993,195,0.190429687499993,0.190429687499993,251.3671875,0.923911008157365,99.9798833262991,5,6,1,13,1.086786799568e-13,1,2,1
P1/D3,336,18,10,6,14,22,26,6,10,14,18,22,26,0.190429687499993,55.60546875,0.190429687499993,195,0.190429687499993,0.190429687499993,251.3671875,0.923911008157365,99.9798833262991,5,6,1,13,1.086786799568e-13,1,2,1
P1/D3,337,18,6,26,22,14,10,6,10,14,18,22,26,61.318359375,0.190429687499993,0.190429687499993,195,0.190429687499993,0.190429687499993,257.080078125,0.922342111169043,99.9811771112162,5,6,1,13,1.35058128994316e-13,1,2,1
P1/D3,338,18,6,26,22,10,14,6,10,14,18,22,26,61.318359375,0.190429687499993,0.190429687499993,195,0.190429687499993,0.190429687499993,257.080078125,0.922342111169043,99.9811771112162,5,6,1,13,1.35058128994316e-13,1,2,1
P1/D3,339,18,6,26,14,22,10,6,10,14,18,22,26,61.318359375,0.190429687499993,0.190429687499993,195,0.190429687499993,0.190429687499993,257.080078125,0.922342111169043,99.9811771112162,5,6,1,13,1.35058128994316e-13,1,2,1
P1/D3,340,18,6,26,14,10,22,6,10,14,18,22,26,61.318359375,0.190429687499993,0.190429687499993,195,0.190429687499993,0.190429687499993,257.080078125,0.922342111169043,99.9811771112162,5,6,1,13,1.35058128994316e-13,1,2,1
P1/D3,341,18,6,26,10,22,14,6,10,14,18,22,26,61.318359375,0.190429687499993,0.190429687499993,195,0.190429687499993,0.190429687499993,257.080078125,0.922342111169043,99.9811771112162,5,6,1,13,1.35058128994316e-13,1,2,1
P1/D3,342,18,6,26,10,14,22,6,10,14,18,22,26,61.318359375,0.190429687499993,0.190429687499993,195,0.190429687499993,0.190429687499993,257.080078125,0.922342111169043,99.9811771112162,5,6,1,13,1.35058128994316e-13,1,2,1
P1/D3,343,18,6,22,26,14,10,6,10,14,18,22,26,61.318359375,0.190429687499993,0.190429687499993,195,0.190429687499993,0.190429687499993,257.080078125,0.922342111169043,99.9811771112162,5,6,1,13,1.35058128994316e-13,1,2,1
P1/D3,344,18,6,22,26,10,14,6,10,14,18,22,26,61.318359375,0.190429687499993,0.190429687499993,195,0.190429687499993,0.190429687499993,257.080078125,0.922342111169043,99.9811771112162,5,6,1,13,1.35058128994316e-13,1,2,1
P1/D3,345,18,6,22,14,26,10,6,10,14,18,22,26,61.318359375,0.190429687499993,0.190429687499993,195,0.190429687499993,0.190429687499993,257.080078125,0.922342111169043,99.9811771112162,5,6,1,13,1.35058128994316e-13,1,2,1
P1/D3,346,18,6,22,14,10,26,6,10,14,18,22,26,61.318359375,0.190429687499993,0.190429687499993,195,0.190429687499993,0.190429687499993,257.080078125,0.922342111169043,99.9811771112162,5,6,1,13,1.35058128994316e-13,1,2,1
P1/D3,347,18,6,22,10,26,14,6,10,14,18,22,26,61.318359375,0.190429687499993,0.190429687499993,195,0.190429687499993,0.190429687499993,257.080078125,0.922342111169043,99.9811771112162,5,6,1,13,1.35058128994316e-13,1,2,1
P1/D3,348,18,6,22,10,14,26,6,10,14,18,22,26,61.318359375,0.190429687499993,0.190429687499993,195,0.190429687499993,0.190429687499993,257.080078125,0.922342111169043,99.9811771112162,5,6,1,13,1.35058128994316e-13,1,2,1
P1/D3,349,18,6,14,26,22,10,6,10,14,18,22,26,61.318359375,0.190429687499993,0.190429687499993,195,0.190429687499993,0.190429687499993,257.080078125,0.922342111169043,99.9811771112162,5,6,1,13,1.35058128994316e-13,1,2,1
P1/D3,350,18,6,14,26,10,22,6,10,14,18,22,26,61.318359375,0.190429687499993,0.190429687499993,195,0.190429687499993,0.190429687499993,257.080078125,0.922342111169043,99.9811771112162,5,6,1,13,1.35058128994316e-13,1,2,1
P1/D3,351,18,6,14,22,26,10,6,10,14,18,22,26,61.318359375,0.190429687499993,0.190429687499993,195,0.190429687499993,0.190429687499993,257.080078125,0.922342111169043,99.9811771112162,5,6,1,13,1.35058128994316e-13,1,2,1
P1/D3,352,18,6,14,22,10,26,6,10,14,18,22,26,61.318359375,0.190429687499993,0.190429687499993,195,0.190429687499993,0.190429687499993,257.080078125,0.922342111169043,99.9811771112162,5,6,1,13,1.35058128994316e-13,1,2,1
P1/D3,353,18,6,14,10,26,22,6,10,14,18,22,26,61.318359375,0.190429687499993,0.190429687499993,195,0.190429687499993,0.190429687499993,257.080078125,0.922342111169043,99.9811771112162,5,6,1,13,1.35058128994316e-13,1,2,1
P1/D3,354,18,6,14,10,22,26,6,10,14,18,22,26,61.318359375,0.190429687499993,0.190429687499993,195,0.190429687499993,0.190429687499993,257.080078125,0.922342111169043,99.9811771112162,5,6,1,13,1.35058128994316e-13,1,2,1
P1/D3,355,18,6,10,26,22,14,6,10,14,18,22,26,61.318359375,0.190429687499993,0.190429687499993,195,0.190429687499993,0.190429687499993,257.080078125,0.922342111169043,99.9811771112162,5,6,1,13,1.35058128994316e-13,1,2,1
P1/D3,356,18,6,10,26,14,22,6,10,14,18,22,26,61.318359375,0.190429687499993,0.190429687499993,195,0.190429687499993,0.190429687499993,257.080078125,0.922342111169043,99.9811771112162,5,6,1,13,1.35058128994316e-13,1,2,1
P1/D3,357,18,6,10,22,26,14,6,10,14,18,22,26,61.318359375,0.190429687499993,0.190429687499993,195,0.190429687499993,0.190429687499993,257.080078125,0.922342111169043,99.9811771112162,5,6,1,13,1.35058128994316e-13,1,2,1
P1/D3,358,18,6,10,22,14,26,6,10,14,18,22,26,61.318359375,0.190429687499993,0.190429687499993,195,0.190429687499993,0.190429687499993,257.080078125,0.922342111169043,99.9811771112162,5,6,1,13,1.35058128994316e-13,1,2,1
P1/D3,359,18,6,10,14,26,22,6,10,14,18,22,26,61.318359375,0.190429687499993,0.190429687499993,195,0.190429687499993,0.190429687499993,257.080078125,0.922342111169043,99.9811771112162,5,6,1,13,1.35058128994316e-13,1,2,1
P1/D3,360,18,6,10,14,22,26,6,10,14,18,22,26,61.318359375,0.190429687499993,0.190429687499993,195,0.190429687499993,0.190429687499993,257.080078125,0.922342111169043,99.9811771112162,5,6,1,13,1.35058128994316e-13,1,2,1
P1/D3,361,14,26,22,18,10,6,6,10,14,18,22,26,0.190429687499993,0.190429687499993,195,0.190429687499993,0.190429687499993,65.888671875,261.650390625,0.917629973594997,99.9828787794258,5,6,1,13,2.02618282794684e-13,1,2,1
P1/D3,362,14,26,22,18,6,10,6,10,14,18,22,26,0.190429687499993,0.190429687499993,195,0.190429687499993,0.190429687499993,65.888671875,261.650390625,0.917629973594997,99.9828787794258,5,6,1,13,2.02618282794684e-13,1,2,1
P1/D3,363,14,26,22,10,18,6,6,10,14,18,22,26,0.190429687499993,0.190429687499993,195,0.190429687499993,0.190429687499993,65.888671875,261.650390625,0.917629973594997,99.9828787794258,5,6,1,13,2.02618282794684e-13,1,2,1
P1/D3,364,14,26,22,10,6,18,6,10,14,18,22,26,0.190429687499993,0.190429687499993,195,0.190429687499993,0.190429687499993,65.888671875,261.650390625,0.917629973594997,99.9828787794258,5,6,1,13,2.02618282794684e-13,1,2,1
P1/D3,365,14,26,22,6,18,10,6,10,14,18,22,26,0.190429687499993,0.190429687499993,195,0.190429687499993,0.190429687499993,65.888671875,261.650390625,0.917629973594997,99.9828787794258,5,6,1,13,2.02618282794684e-13,1,2,1
P1/D3,366,14,26,22,6,10,18,6,10,14,18,22,26,0.190429687499993,0.190429687499993,195,0.190429687499993,0.190429687499993,65.888671875,261.650390625,0.917629973594997,99.9828787794258,5,6,1,13,2.02618282794684e-13,1,2,1
P1/D3,367,14,26,18,22,10,6,6,10,14,18,22,26,0.190429687499993,0.190429687499993,195,0.190429687499993,0.190429687499993,65.888671875,261.650390625,0.917629973594997,99.9828787794258,5,6,1,13,2.02618282794684e-13,1,2,1
P1/D3,368,14,26,18,22,6,10,6,10,14,18,22,26,0.190429687499993,0.190429687499993,195,0.190429687499993,0.190429687499993,65.888671875,261.650390625,0.917629973594997,99.9828787794258,5,6,1,13,2.02618282794684e-13,1,2,1
P1/D3,369,14,26,18,10,22,6,6,10,14,18,22,26,0.190429687499993,0.190429687499993,195,0.190429687499993,0.190429687499993,65.888671875,261.650390625,0.917629973594997,99.9828787794258,5,6,1,13,2.02618282794684e-13,1,2,1
P1/D3,370,14,26,18,10,6,22,6,10,14,18,22,26,0.190429687499993,0.190429687499993,195,0.190429687499993,0.190429687499993,65.888671875,261.650390625,0.917629973594997,99.9828787794258,5,6,1,13,2.02618282794684e-13,1,2,1
P1/D3,371,14,26,18,6,22,10,6,10,14,18,22,26,0.190429687499993,0.190429687499993,195,0.190429687499993,0.190429687499993,65.888671875,261.650390625,0.917629973594997,99.9828787794258,5,6,1,13,2.02618282794684e-13,1,2,1
P1/D3,372,14,26,18,6,10,22,6,10,14,18,22,26,0.190429687499993,0.190429687499993,195,0.190429687499993,0.190429687499993,65.888671875,261.650390625,0.917629973594997,99.9828787794258,5,6,1,13,2.02618282794684e-13,1,2,1
P1/D3,373,14,26,10,22,18,6,6,10,14,18,22,26,0.190429687499993,0.190429687499993,195,0.190429687499993,0.190429687499993,65.888671875,261.650390625,0.917629973594997,99.9828787794258,5,6,1,13,2.02618282794684e-13,1,2,1
P1/D3,374,14,26,10,22,6,18,6,10,14,18,22,26,0.190429687499993,0.190429687499993,195,0.190429687499993,0.190429687499993,65.888671875,261.650390625,0.917629973594997,99.9828787794258,5,6,1,13,2.02618282794684e-13,1,2,1
P1/D3,375,14,26,10,18,22,6,6,10,14,18,22,26,0.190429687499993,0.190429687499993,195,0.190429687499993,0.190429687499993,65.888671875,261.650390625,0.917629973594997,99.9828787794258,5,6,1,13,2.02618282794684e-13,1,2,1
P1/D3,376,14,26,10,18,6,22,6,10,14,18,22,26,0.190429687499993,0.190429687499993,195,0.190429687499993,0.190429687499993,65.888671875,261.650390625,0.917629973594997,99.9828787794258,5,6,1,13,2.02618282794684e-13,1,2,1
P1/D3,377,14,26,10,6,22,18,6,10,14,18,22,26,0.190429687499993,0.190429687499993,195,0.190429687499993,0.190429687499993,65.888671875,261.650390625,0.917629973594997,99.9828787794258,5,6,1,13,2.02618282794684e-13,1,2,1
P1/D3,378,14,26,10,6,18,22,6,10,14,18,22,26,0.190429687499993,0.190429687499993,195,0.190429687499993,0.190429687499993,65.888671875,261.650390625,0.917629973594997,99.9828787794258,5,6,1,13,2.02618282794684e-13,1,2,1
P1/D3,379,14,26,6,22,18,10,6,10,14,18,22,26,0.190429687499993,0.190429687499993,195,0.190429687499993,0.190429687499993,65.888671875,261.650390625,0.917629973594997,99.9828787794258,5,6,1,13,2.02618282794684e-13,1,2,1
P1/D3,380,14,26,6,22,10,18,6,10,14,18,22,26,0.190429687499993,0.190429687499993,195,0.190429687499993,0.190429687499993,65.888671875,261.650390625,0.917629973594997,99.9828787794258,5,6,1,13,2.02618282794684e-13,1,2,1
P1/D3,381,14,26,6,18,22,10,6,10,14,18,22,26,0.190429687499993,0.190429687499993,195,0.190429687499993,0.190429687499993,65.888671875,261.650390625,0.917629973594997,99.9828787794258,5,6,1,13,2.02618282794684e-13,1,2,1
P1/D3,382,14,26,6,18,10,22,6,10,14,18,22,26,0.190429687499993,0.190429687499993,195,0.190429687499993,0.190429687499993,65.888671875,261.650390625,0.917629973594997,99.9828787794258,5,6,1,13,2.02618282794684e-13,1,2,1
P1/D3,383,14,26,6,10,22,18,6,10,14,18,22,26,0.190429687499993,0.190429687499993,195,0.190429687499993,0.190429687499993,65.888671875,261.650390625,0.917629973594997,99.9828787794258,5,6,1,13,2.02618282794684e-13,1,2,1
P1/D3,384,14,26,6,10,18,22,6,10,14,18,22,26,0.190429687499993,0.190429687499993,195,0.190429687499993,0.190429687499993,65.888671875,261.650390625,0.917629973594997,99.9828787794258,5,6,1,13,2.02618282794684e-13,1,2,1
P1/D3,385,14,22,26,18,10,6,6,10,14,18,22,26,0.190429687499993,0.190429687499993,195,0.190429687499993,195,65.888671875,456.4599609375,0.917755877312927,99.9814273810835,5,6,1,13,2.01491440601089e-13,1,2,1
P1/D3,386,14,22,26,18,6,10,6,10,14,18,22,26,0.190429687499993,0.190429687499993,195,0.190429687499993,195,65.888671875,456.4599609375,0.917755877312927,99.9814273810835,5,6,1,13,2.01491440601089e-13,1,2,1
P1/D3,387,14,22,26,10,18,6,6,10,14,18,22,26,0.190429687499993,0.190429687499993,195,0.190429687499993,195,65.888671875,456.4599609375,0.917755877312927,99.9814273810835,5,6,1,13,2.01491440601089e-13,1,2,1
P1/D3,388,14,22,26,10,6,18,6,10,14,18,22,26,0.190429687499993,0.190429687499993,195,0.190429687499993,195,65.888671875,456.4599609375,0.917755877312927,99.9814273810835,5,6,1,13,2.01491440601089e-13,1,2,1
P1/D3,389,14,22,26,6,18,10,6,10,14,18,22,26,0.190429687499993,0.190429687499993,195,0.190429687499993,195,65.888671875,456.4599609375,0.917755877312927,99.9814273810835,5,6,1,13,2.01491440601089e-13,1,2,1
P1/D3,390,14,22,26,6,10,18,6,10,14,18,22,26,0.190429687499993,0.190429687499993,195,0.190429687499993,195,65.888671875,456.4599609375,0.917755877312927,99.9814273810835,5,6,1,13,2.01491440601089e-13,1,2,1
P1/D3,391,14,22,18,26,10,6,6,10,14,18,22,26,0.190429687499993,0.190429687499993,195,56.3671875,195,0.190429687499993,446.9384765625,0.921796331985137,99.9799299650801,5,6,1,13,1.22290464756055e-13,1,2,1
P1/D3,392,14,22,18,26,6,10,6,10,14,18,22,26,0.190429687499993,0.190429687499993,195,56.3671875,195,0.190429687499993,446.9384765625,0.921796331985137,99.9799299650801,5,6,1,13,1.22290464756055e-13,1,2,1
P1/D3,393,14,22,18,10,26,6,6,10,14,18,22,26,0.190429687499993,0.190429687499993,195,56.3671875,195,0.190429687499993,446.9384765625,0.921796331985137,99.9799299650801,5,6,1,13,1.22290464756055e-13,1,2,1
P1/D3,394,14,22,18,10,6,26,6,10,14,18,22,26,0.190429687499993,0.190429687499993,195,56.3671875,195,0.190429687499993,446.9384765625,0.921796331985137,99.9799299650801,5,6,1,13,1.22290464756055e-13,1,2,1
P1/D3,395,14,22,18,6,26,10,6,10,14,18,22,26,0.190429687499993,0.190429687499993,195,56.3671875,195,0.190429687499993,446.9384765625,0.921796331985137,99.9799299650801,5,6,1,13,1.22290464756055e-13,1,2,1
P1/D3,396,14,22,18,6,10,26,6,10,14,18,22,26,0.190429687499993,0.190429687499993,195,56.3671875,195,0.190429687499993,446.9384765625,0.921796331985137,99.9799299650801,5,6,1,13,1.22290464756055e-13,1,2,1
P1/D3,397,14,22,10,26,18,6,6,10,14,18,22,26,0.190429687499993,59.794921875,195,0.190429687499993,195,0.190429687499993,450.3662109375,0.919449862069514,99.9846582323358,5,6,1,13,1.61192697300147e-13,1,2,1
P1/D3,398,14,22,10,26,6,18,6,10,14,18,22,26,0.190429687499993,59.794921875,195,0.190429687499993,195,0.190429687499993,450.3662109375,0.919449862069514,99.9846582323358,5,6,1,13,1.61192697300147e-13,1,2,1
P1/D3,399,14,22,10,18,26,6,6,10,14,18,22,26,0.190429687499993,59.794921875,195,0.190429687499993,195,0.190429687499993,450.3662109375,0.919449862069514,99.9846582323358,5,6,1,13,1.61192697300147e-13,1,2,1
P1/D3,400,14,22,10,18,6,26,6,10,14,18,22,26,0.190429687499993,59.794921875,195,0.190429687499993,195,0.190429687499993,450.3662109375,0.919449862069514,99.9846582323358,5,6,1,13,1.61192697300147e-13,1,2,1
P1/D3,401,14,22,10,6,26,18,6,10,14,18,22,26,0.190429687499993,59.794921875,195,0.190429687499993,195,0.190429687499993,450.3662109375,0.919449862069514,99.9846582323358,5,6,1,13,1.61192697300147e-13,1,2,1
P1/D3,402,14,22,10,6,18,26,6,10,14,18,22,26,0.190429687499993,59.794921875,195,0.190429687499993,195,0.190429687499993,450.3662109375,0.919449862069514,99.9846582323358,5,6,1,13,1.61192697300147e-13,1,2,1
P1/D3,403,14,22,6,26,18,10,6,10,14,18,22,26,66.0791015625,0.190429687499993,195,0.190429687499993,195,0.190429687499993,456.650390625,0.917754794877148,99.9832061229261,5,6,1,13,2.01716098254145e-13,1,2,1
P1/D3,404,14,22,6,26,10,18,6,10,14,18,22,26,66.0791015625,0.190429687499993,195,0.190429687499993,195,0.190429687499993,456.650390625,0.917754794877148,99.9832061229261,5,6,1,13,2.01716098254145e-13,1,2,1
P1/D3,405,14,22,6,18,26,10,6,10,14,18,22,26,66.0791015625,0.190429687499993,195,0.190429687499993,195,0.190429687499993,456.650390625,0.917754794877148,99.9832061229261,5,6,1,13,2.01716098254145e-13,1,2,1
P1/D3,406,14,22,6,18,10,26,6,10,14,18,22,26,66.0791015625,0.190429687499993,195,0.190429687499993,195,0.190429687499993,456.650390625,0.917754794877148,99.9832061229261,5,6,1,13,2.01716098254145e-13,1,2,1
P1/D3,407,14,22,6,10,26,18,6,10,14,18,22,26,66.0791015625,0.190429687499993,195,0.190429687499993,195,0.190429687499993,456.650390625,0.917754794877148,99.9832061229261,5,6,1,13,2.01716098254145e-13,1,2,1
P1/D3,408,14,22,6,10,18,26,6,10,14,18,22,26,66.0791015625,0.190429687499993,195,0.190429687499993,195,0.190429687499993,456.650390625,0.917754794877148,99.9832061229261,5,6,1,13,2.01716098254145e-13,1,2,1
P1/D3,409,14,18,26,22,10,6,6,10,14,18,22,26,0.190429687499993,0.190429687499993,195,56.3671875,0.190429687499993,0.190429687499993,252.12890625,0.921671097413355,99.9813118654598,5,6,1,13,1.22634385493088e-13,1,2,1
P1/D3,410,14,18,26,22,6,10,6,10,14,18,22,26,0.190429687499993,0.190429687499993,195,56.3671875,0.190429687499993,0.190429687499993,252.12890625,0.921671097413355,99.9813118654598,5,6,1,13,1.22634385493088e-13,1,2,1
P1/D3,411,14,18,26,10,22,6,6,10,14,18,22,26,0.190429687499993,0.190429687499993,195,56.3671875,0.190429687499993,0.190429687499993,252.12890625,0.921671097413355,99.9813118654598,5,6,1,13,1.22634385493088e-13,1,2,1
P1/D3,412,14,18,26,10,6,22,6,10,14,18,22,26,0.190429687499993,0.190429687499993,195,56.3671875,0.190429687499993,0.190429687499993,252.12890625,0.921671097413355,99.9813118654598,5,6,1,13,1.22634385493088e-13,1,2,1
P1/D3,413,14,18,26,6,22,10,6,10,14,18,22,26,0.190429687499993,0.190429687499993,195,56.3671875,0.190429687499993,0.190429687499993,252.12890625,0.921671097413355,99.9813118654598,5,6,1,13,1.22634385493088e-13,1,2,1
P1/D3,414,14,18,26,6,10,22,6,10,14,18,22,26,0.190429687499993,0.190429687499993,195,56.3671875,0.190429687499993,0.190429687499993,252.12890625,0.921671097413355,99.9813118654598,5,6,1,13,1.22634385493088e-13,1,2,1
P1/D3,415,14,18,22,26,10,6,6,10,14,18,22,26,0.190429687499993,0.190429687499993,195,56.3671875,0.190429687499993,0.190429687499993,252.12890625,0.921671097413355,99.9813118654598,5,6,1,13,1.22634385493088e-13,1,2,1
P1/D3,416,14,18,22,26,6,10,6,10,14,18,22,26,0.190429687499993,0.190429687499993,195,56.3671875,0.190429687499993,0.190429687499993,252.12890625,0.921671097413355,99.9813118654598,5,6,1,13,1.22634385493088e-13,1,2,1
P1/D3,417,14,18,22,10,26,6,6,10,14,18,22,26,0.190429687499993,0.190429687499993,195,56.3671875,0.190429687499993,0.190429687499993,252.12890625,0.921671097413355,99.9813118654598,5,6,1,13,1.22634385493088e-13,1,2,1
P1/D3,418,14,18,22,10,6,26,6,10,14,18,22,26,0.190429687499993,0.190429687499993,195,56.3671875,0.190429687499993,0.190429687499993,252.12890625,0.921671097413355,99.9813118654598,5,6,1,13,1.22634385493088e-13,1,2,1
P1/D3,419,14,18,22,6,26,10,6,10,14,18,22,26,0.190429687499993,0.190429687499993,195,56.3671875,0.190429687499993,0.190429687499993,252.12890625,0.921671097413355,99.9813118654598,5,6,1,13,1.22634385493088e-13,1,2,1
P1/D3,420,14,18,22,6,10,26,6,10,14,18,22,26,0.190429687499993,0.190429687499993,195,56.3671875,0.190429687499993,0.190429687499993,252.12890625,0.921671097413355,99.9813118654598,5,6,1,13,1.22634385493088e-13,1,2,1
P1/D3,421,14,18,10,26,22,6,6,10,14,18,22,26,0.190429687499993,0.190429687499993,195,56.3671875,0.190429687499993,0.190429687499993,252.12890625,0.921671097413355,99.9813118654598,5,6,1,13,1.22634385493088e-13,1,2,1
P1/D3,422,14,18,10,26,6,22,6,10,14,18,22,26,0.190429687499993,0.190429687499993,195,56.3671875,0.190429687499993,0.190429687499993,252.12890625,0.921671097413355,99.9813118654598,5,6,1,13,1.22634385493088e-13,1,2,1
P1/D3,423,14,18,10,22,26,6,6,10,14,18,22,26,0.190429687499993,0.190429687499993,195,56.3671875,0.190429687499993,0.190429687499993,252.12890625,0.921671097413355,99.9813118654598,5,6,1,13,1.22634385493088e-13,1,2,1
P1/D3,424,14,18,10,22,6,26,6,10,14,18,22,26,0.190429687499993,0.190429687499993,195,56.3671875,0.190429687499993,0.190429687499993,252.12890625,0.921671097413355,99.9813118654598,5,6,1,13,1.22634385493088e-13,1,2,1
P1/D3,425,14,18,10,6,26,22,6,10,14,18,22,26,0.190429687499993,0.190429687499993,195,56.3671875,0.190429687499993,0.190429687499993,252.12890625,0.921671097413355,99.9813118654598,5,6,1,13,1.22634385493088e-13,1,2,1
P1/D3,426,14,18,10,6,22,26,6,10,14,18,22,26,0.190429687499993,0.190429687499993,195,56.3671875,0.190429687499993,0.190429687499993,252.12890625,0.921671097413355,99.9813118654598,5,6,1,13,1.22634385493088e-13,1,2,1
P1/D3,427,14,18,6,26,22,10,6,10,14,18,22,26,0.190429687499993,0.190429687499993,195,56.3671875,0.190429687499993,0.190429687499993,252.12890625,0.921671097413355,99.9813118654598,5,6,1,13,1.22634385493088e-13,1,2,1
P1/D3,428,14,18,6,26,10,22,6,10,14,18,22,26,0.190429687499993,0.190429687499993,195,56.3671875,0.190429687499993,0.190429687499993,252.12890625,0.921671097413355,99.9813118654598,5,6,1,13,1.22634385493088e-13,1,2,1
P1/D3,429,14,18,6,22,26,10,6,10,14,18,22,26,0.190429687499993,0.190429687499993,195,56.3671875,0.190429687499993,0.190429687499993,252.12890625,0.921671097413355,99.9813118654598,5,6,1,13,1.22634385493088e-13,1,2,1
P1/D3,430,14,18,6,22,10,26,6,10,14,18,22,26,0.190429687499993,0.190429687499993,195,56.3671875,0.190429687499993,0.190429687499993,252.12890625,0.921671097413355,99.9813118654598,5,6,1,13,1.22634385493088e-13,1,2,1
P1/D3,431,14,18,6,10,26,22,6,10,14,18,22,26,0.190429687499993,0.190429687499993,195,56.3671875,0.190429687499993,0.190429687499993,252.12890625,0.921671097413355,99.9813118654598,5,6,1,13,1.22634385493088e-13,1,2,1
P1/D3,432,14,18,6,10,22,26,6,10,14,18,22,26,0.190429687499993,0.190429687499993,195,56.3671875,0.190429687499993,0.190429687499993,252.12890625,0.921671097413355,99.9813118654598,5,6,1,13,1.22634385493088e-13,1,2,1
P1/D3,433,14,10,26,22,18,6,6,10,14,18,22,26,0.190429687499993,59.9853515625,195,0.190429687499993,0.190429687499993,0.190429687499993,255.7470703125,0.919332923766928,99.9807924528833,5,6,1,13,1.61875069422841e-13,1,2,1
P1/D3,434,14,10,26,22,6,18,6,10,14,18,22,26,0.190429687499993,59.9853515625,195,0.190429687499993,0.190429687499993,0.190429687499993,255.7470703125,0.919332923766928,99.9807924528833,5,6,1,13,1.61875069422841e-13,1,2,1
P1/D3,435,14,10,26,18,22,6,6,10,14,18,22,26,0.190429687499993,59.9853515625,195,0.190429687499993,0.190429687499993,0.190429687499993,255.7470703125,0.919332923766928,99.9807924528833,5,6,1,13,1.61875069422841e-13,1,2,1
P1/D3,436,14,10,26,18,6,22,6,10,14,18,22,26,0.190429687499993,59.9853515625,195,0.190429687499993,0.190429687499993,0.190429687499993,255.7470703125,0.919332923766928,99.9807924528833,5,6,1,13,1.61875069422841e-13,1,2,1
P1/D3,437,14,10,26,6,22,18,6,10,14,18,22,26,0.190429687499993,59.9853515625,195,0.190429687499993,0.190429687499993,0.190429687499993,255.7470703125,0.919332923766928,99.9807924528833,5,6,1,13,1.61875069422841e-13,1,2,1
P1/D3,438,14,10,26,6,18,22,6,10,14,18,22,26,0.190429687499993,59.9853515625,195,0.190429687499993,0.190429687499993,0.190429687499993,255.7470703125,0.919332923766928,99.9807924528833,5,6,1,13,1.61875069422841e-13,1,2,1
P1/D3,439,14,10,22,26,18,6,6,10,14,18,22,26,0.190429687499993,59.9853515625,195,0.190429687499993,0.190429687499993,0.190429687499993,255.7470703125,0.919332923766928,99.9807924528833,5,6,1,13,1.61875069422841e-13,1,2,1
P1/D3,440,14,10,22,26,6,18,6,10,14,18,22,26,0.190429687499993,59.9853515625,195,0.190429687499993,0.190429687499993,0.190429687499993,255.7470703125,0.919332923766928,99.9807924528833,5,6,1,13,1.61875069422841e-13,1,2,1
P1/D3,441,14,10,22,18,26,6,6,10,14,18,22,26,0.190429687499993,59.9853515625,195,0.190429687499993,0.190429687499993,0.190429687499993,255.7470703125,0.919332923766928,99.9807924528833,5,6,1,13,1.61875069422841e-13,1,2,1
P1/D3,442,14,10,22,18,6,26,6,10,14,18,22,26,0.190429687499993,59.9853515625,195,0.190429687499993,0.190429687499993,0.190429687499993,255.7470703125,0.919332923766928,99.9807924528833,5,6,1,13,1.61875069422841e-13,1,2,1
P1/D3,443,14,10,22,6,26,18,6,10,14,18,22,26,0.190429687499993,59.9853515625,195,0.190429687499993,0.190429687499993,0.190429687499993,255.7470703125,0.919332923766928,99.9807924528833,5,6,1,13,1.61875069422841e-13,1,2,1
P1/D3,444,14,10,22,6,18,26,6,10,14,18,22,26,0.190429687499993,59.9853515625,195,0.190429687499993,0.190429687499993,0.190429687499993,255.7470703125,0.919332923766928,99.9807924528833,5,6,1,13,1.61875069422841e-13,1,2,1
P1/D3,445,14,10,18,26,22,6,6,10,14,18,22,26,0.190429687499993,59.9853515625,195,0.190429687499993,0.190429687499993,0.190429687499993,255.7470703125,0.919332923766928,99.9807924528833,5,6,1,13,1.61875069422841e-13,1,2,1
P1/D3,446,14,10,18,26,6,22,6,10,14,18,22,26,0.190429687499993,59.9853515625,195,0.190429687499993,0.190429687499993,0.190429687499993,255.7470703125,0.919332923766928,99.9807924528833,5,6,1,13,1.61875069422841e-13,1,2,1
P1/D3,447,14,10,18,22,26,6,6,10,14,18,22,26,0.190429687499993,59.9853515625,195,0.190429687499993,0.190429687499993,0.190429687499993,255.7470703125,0.919332923766928,99.9807924528833,5,6,1,13,1.61875069422841e-13,1,2,1
P1/D3,448,14,10,18,22,6,26,6,10,14,18,22,26,0.190429687499993,59.9853515625,195,0.190429687499993,0.190429687499993,0.190429687499993,255.7470703125,0.919332923766928,99.9807924528833,5,6,1,13,1.61875069422841e-13,1,2,1
P1/D3,449,14,10,18,6,26,22,6,10,14,18,22,26,0.190429687499993,59.9853515625,195,0.190429687499993,0.190429687499993,0.190429687499993,255.7470703125,0.919332923766928,99.9807924528833,5,6,1,13,1.61875069422841e-13,1,2,1
P1/D3,450,14,10,18,6,22,26,6,10,14,18,22,26,0.190429687499993,59.9853515625,195,0.190429687499993,0.190429687499993,0.190429687499993,255.7470703125,0.919332923766928,99.9807924528833,5,6,1,13,1.61875069422841e-13,1,2,1
P1/D3,451,14,10,6,26,22,18,6,10,14,18,22,26,0.190429687499993,59.9853515625,195,0.190429687499993,0.190429687499993,0.190429687499993,255.7470703125,0.919332923766928,99.9807924528833,5,6,1,13,1.61875069422841e-13,1,2,1
P1/D3,452,14,10,6,26,18,22,6,10,14,18,22,26,0.190429687499993,59.9853515625,195,0.190429687499993,0.190429687499993,0.190429687499993,255.7470703125,0.919332923766928,99.9807924528833,5,6,1,13,1.61875069422841e-13,1,2,1
P1/D3,453,14,10,6,22,26,18,6,10,14,18,22,26,0.190429687499993,59.9853515625,195,0.190429687499993,0.190429687499993,0.190429687499993,255.7470703125,0.919332923766928,99.9807924528833,5,6,1,13,1.61875069422841e-13,1,2,1
P1/D3,454,14,10,6,22,18,26,6,10,14,18,22,26,0.190429687499993,59.9853515625,195,0.190429687499993,0.190429687499993,0.190429687499993,255.7470703125,0.919332923766928,99.9807924528833,5,6,1,13,1.61875069422841e-13,1,2,1
P1/D3,455,14,10,6,18,26,22,6,10,14,18,22,26,0.190429687499993,59.9853515625,195,0.190429687499993,0.190429687499993,0.190429687499993,255.7470703125,0.919332923766928,99.9807924528833,5,6,1,13,1.61875069422841e-13,1,2,1
P1/D3,456,14,10,6,18,22,26,6,10,14,18,22,26,0.190429687499993,59.9853515625,195,0.190429687499993,0.190429687499993,0.190429687499993,255.7470703125,0.919332923766928,99.9807924528833,5,6,1,13,1.61875069422841e-13,1,2,1
P1/D3,457,14,6,26,22,18,10,6,10,14,18,22,26,66.26953125,0.190429687499993,195,0.190429687499993,0.190429687499993,0.190429687499993,262.03125,0.917631871455069,99.9798724832505,5,6,1,13,2.03179042641599e-13,1,2,1
P1/D3,458,14,6,26,22,10,18,6,10,14,18,22,26,66.26953125,0.190429687499993,195,0.190429687499993,0.190429687499993,0.190429687499993,262.03125,0.917631871455069,99.9798724832505,5,6,1,13,2.03179042641599e-13,1,2,1
P1/D3,459,14,6,26,18,22,10,6,10,14,18,22,26,66.26953125,0.190429687499993,195,0.190429687499993,0.190429687499993,0.190429687499993,262.03125,0.917631871455069,99.9798724832505,5,6,1,13,2.03179042641599e-13,1,2,1
P1/D3,460,14,6,26,18,10,22,6,10,14,18,22,26,66.26953125,0.190429687499993,195,0.190429687499993,0.190429687499993,0.190429687499993,262.03125,0.917631871455069,99.9798724832505,5,6,1,13,2.03179042641599e-13,1,2,1
P1/D3,461,14,6,26,10,22,18,6,10,14,18,22,26,66.26953125,0.190429687499993,195,0.190429687499993,0.190429687499993,0.190429687499993,262.03125,0.917631871455069,99.9798724832505,5,6,1,13,2.03179042641599e-13,1,2,1
P1/D3,462,14,6,26,10,18,22,6,10,14,18,22,26,66.26953125,0.190429687499993,195,0.190429687499993,0.190429687499993,0.190429687499993,262.03125,0.917631871455069,99.9798724832505,5,6,1,13,2.03179042641599e-13,1,2,1
P1/D3,463,14,6,22,26,18,10,6,10,14,18,22,26,66.26953125,0.190429687499993,195,0.190429687499993,0.190429687499993,0.190429687499993,262.03125,0.917631871455069,99.9798724832505,5,6,1,13,2.03179042641599e-13,1,2,1
P1/D3,464,14,6,22,26,10,18,6,10,14,18,22,26,66.26953125,0.190429687499993,195,0.190429687499993,0.190429687499993,0.190429687499993,262.03125,0.917631871455069,99.9798724832505,5,6,1,13,2.03179042641599e-13,1,2,1
P1/D3,465,14,6,22,18,26,10,6,10,14,18,22,26,66.26953125,0.190429687499993,195,0.190429687499993,0.190429687499993,0.190429687499993,262.03125,0.917631871455069,99.9798724832505,5,6,1,13,2.03179042641599e-13,1,2,1
P1/D3,466,14,6,22,18,10,26,6,10,14,18,22,26,66.26953125,0.190429687499993,195,0.190429687499993,0.190429687499993,0.190429687499993,262.03125,0.917631871455069,99.9798724832505,5,6,1,13,2.03179042641599e-13,1,2,1
P1/D3,467,14,6,22,10,26,18,6,10,14,18,22,26,66.26953125,0.190429687499993,195,0.190429687499993,0.190429687499993,0.190429687499993,262.03125,0.917631871455069,99.9798724832505,5,6,1,13,2.03179042641599e-13,1,2,1
P1/D3,468,14,6,22,10,18,26,6,10,14,18,22,26,66.26953125,0.190429687499993,195,0.190429687499993,0.190429687499993,0.190429687499993,262.03125,0.917631871455069,99.9798724832505,5,6,1,13,2.03179042641599e-13,1,2,1
P1/D3,469,14,6,18,26,22,10,6,10,14,18,22,26,66.26953125,0.190429687499993,195,0.190429687499993,0.190429687499993,0.190429687499993,262.03125,0.917631871455069,99.9798724832505,5,6,1,13,2.03179042641599e-13,1,2,1
P1/D3,470,14,6,18,26,10,22,6,10,14,18,22,26,66.26953125,0.190429687499993,195,0.190429687499993,0.190429687499993,0.190429687499993,262.03125,0.917631871455069,99.9798724832505,5,6,1,13,2.03179042641599e-13,1,2,1
P1/D3,471,14,6,18,22,26,10,6,10,14,18,22,26,66.26953125,0.190429687499993,195,0.190429687499993,0.190429687499993,0.190429687499993,262.03125,0.917631871455069,99.9798724832505,5,6,1,13,2.03179042641599e-13,1,2,1
P1/D3,472,14,6,18,22,10,26,6,10,14,18,22,26,66.26953125,0.190429687499993,195,0.190429687499993,0.190429687499993,0.190429687499993,262.03125,0.917631871455069,99.9798724832505,5,6,1,13,2.03179042641599e-13,1,2,1
P1/D3,473,14,6,18,10,26,22,6,10,14,18,22,26,66.26953125,0.190429687499993,195,0.190429687499993,0.190429687499993,0.190429687499993,262.03125,0.917631871455069,99.9798724832505,5,6,1,13,2.03179042641599e-13,1,2,1
P1/D3,474,14,6,18,10,22,26,6,10,14,18,22,26,66.26953125,0.190429687499993,195,0.190429687499993,0.190429687499993,0.190429687499993,262.03125,0.917631871455069,99.9798724832505,5,6,1,13,2.03179042641599e-13,1,2,1
P1/D3,475,14,6,10,26,22,18,6,10,14,18,22,26,66.26953125,0.190429687499993,195,0.190429687499993,0.190429687499993,0.190429687499993,262.03125,0.917631871455069,99.9798724832505,5,6,1,13,2.03179042641599e-13,1,2,1
P1/D3,476,14,6,10,26,18,22,6,10,14,18,22,26,66.26953125,0.190429687499993,195,0.190429687499993,0.190429687499993,0.190429687499993,262.03125,0.917631871455069,99.9798724832505,5,6,1,13,2.03179042641599e-13,1,2,1
P1/D3,477,14,6,10,22,26,18,6,10,14,18,22,26,66.26953125,0.190429687499993,195,0.190429687499993,0.190429687499993,0.190429687499993,262.03125,0.917631871455069,99.9798724832505,5,6,1,13,2.03179042641599e-13,1,2,1
P1/D3,478,14,6,10,22,18,26,6,10,14,18,22,26,66.26953125,0.190429687499993,195,0.190429687499993,0.190429687499993,0.190429687499993,262.03125,0.917631871455069,99.9798724832505,5,6,1,13,2.03179042641599e-13,1,2,1
P1/D3,479,14,6,10,18,26,22,6,10,14,18,22,26,66.26953125,0.190429687499993,195,0.190429687499993,0.190429687499993,0.190429687499993,262.03125,0.917631871455069,99.9798724832505,5,6,1,13,2.03179042641599e-13,1,2,1
P1/D3,480,14,6,10,18,22,26,6,10,14,18,22,26,66.26953125,0.190429687499993,195,0.190429687499993,0.190429687499993,0.190429687499993,262.03125,0.917631871455069,99.9798724832505,5,6,1,13,2.03179042641599e-13,1,2,1
P1/D3,481,10,26,22,18,14,6,6,10,14,18,22,26,0.190429687499993,195,0.190429687499993,0.190429687499993,0.190429687499993,75.2197265625,270.9814453125,0.913865701818753,99.9817725726797,5,6,1,13,3.52434493864873e-13,1,2,1
P1/D3,482,10,26,22,18,6,14,6,10,14,18,22,26,0.190429687499993,195,0.190429687499993,0.190429687499993,0.190429687499993,75.2197265625,270.9814453125,0.913865701818753,99.9817725726797,5,6,1,13,3.52434493864873e-13,1,2,1
P1/D3,483,10,26,22,14,18,6,6,10,14,18,22,26,0.190429687499993,195,0.190429687499993,0.190429687499993,0.190429687499993,75.2197265625,270.9814453125,0.913865701818753,99.9817725726797,5,6,1,13,3.52434493864873e-13,1,2,1
P1/D3,484,10,26,22,14,6,18,6,10,14,18,22,26,0.190429687499993,195,0.190429687499993,0.190429687499993,0.190429687499993,75.2197265625,270.9814453125,0.913865701818753,99.9817725726797,5,6,1,13,3.52434493864873e-13,1,2,1
P1/D3,485,10,26,22,6,18,14,6,10,14,18,22,26,0.190429687499993,195,0.190429687499993,0.190429687499993,0.190429687499993,75.2197265625,270.9814453125,0.913865701818753,99.9817725726797,5,6,1,13,3.52434493864873e-13,1,2,1
P1/D3,486,10,26,22,6,14,18,6,10,14,18,22,26,0.190429687499993,195,0.190429687499993,0.190429687499993,0.190429687499993,75.2197265625,270.9814453125,0.913865701818753,99.9817725726797,5,6,1,13,3.52434493864873e-13,1,2,1
P1/D3,487,10,26,18,22,14,6,6,10,14,18,22,26,0.190429687499993,195,0.190429687499993,0.190429687499993,0.190429687499993,75.2197265625,270.9814453125,0.913865701818753,99.9817725726797,5,6,1,13,3.52434493864873e-13,1,2,1
P1/D3,488,10,26,18,22,6,14,6,10,14,18,22,26,0.190429687499993,195,0.190429687499993,0.190429687499993,0.190429687499993,75.2197265625,270.9814453125,0.913865701818753,99.9817725726797,5,6,1,13,3.52434493864873e-13,1,2,1
P1/D3,489,10,26,18,14,22,6,6,10,14,18,22,26,0.190429687499993,195,0.190429687499993,0.190429687499993,0.190429687499993,75.2197265625,270.9814453125,0.913865701818753,99.9817725726797,5,6,1,13,3.52434493864873e-13,1,2,1
P1/D3,490,10,26,18,14,6,22,6,10,14,18,22,26,0.190429687499993,195,0.190429687499993,0.190429687499993,0.190429687499993,75.2197265625,270.9814453125,0.913865701818753,99.9817725726797,5,6,1,13,3.52434493864873e-13,1,2,1
P1/D3,491,10,26,18,6,22,14,6,10,14,18,22,26,0.190429687499993,195,0.190429687499993,0.190429687499993,0.190429687499993,75.2197265625,270.9814453125,0.913865701818753,99.9817725726797,5,6,1,13,3.52434493864873e-13,1,2,1
P1/D3,492,10,26,18,6,14,22,6,10,14,18,22,26,0.190429687499993,195,0.190429687499993,0.190429687499993,0.190429687499993,75.2197265625,270.9814453125,0.913865701818753,99.9817725726797,5,6,1,13,3.52434493864873e-13,1,2,1
P1/D3,493,10,26,14,22,18,6,6,10,14,18,22,26,0.190429687499993,195,0.190429687499993,0.190429687499993,0.190429687499993,75.2197265625,270.9814453125,0.913865701818753,99.9817725726797,5,6,1,13,3.52434493864873e-13,1,2,1
P1/D3,494,10,26,14,22,6,18,6,10,14,18,22,26,0.190429687499993,195,0.190429687499993,0.190429687499993,0.190429687499993,75.2197265625,270.9814453125,0.913865701818753,99.9817725726797,5,6,1,13,3.52434493864873e-13,1,2,1
P1/D3,495,10,26,14,18,22,6,6,10,14,18,22,26,0.190429687499993,195,0.190429687499993,0.190429687499993,0.190429687499993,75.2197265625,270.9814453125,0.913865701818753,99.9817725726797,5,6,1,13,3.52434493864873e-13,1,2,1
P1/D3,496,10,26,14,18,6,22,6,10,14,18,22,26,0.190429687499993,195,0.190429687499993,0.190429687499993,0.190429687499993,75.2197265625,270.9814453125,0.913865701818753,99.9817725726797,5,6,1,13,3.52434493864873e-13,1,2,1
P1/D3,497,10,26,14,6,22,18,6,10,14,18,22,26,0.190429687499993,195,0.190429687499993,0.190429687499993,0.190429687499993,75.2197265625,270.9814453125,0.913865701818753,99.9817725726797,5,6,1,13,3.52434493864873e-13,1,2,1
P1/D3,498,10,26,14,6,18,22,6,10,14,18,22,26,0.190429687499993,195,0.190429687499993,0.190429687499993,0.190429687499993,75.2197265625,270.9814453125,0.913865701818753,99.9817725726797,5,6,1,13,3.52434493864873e-13,1,2,1
P1/D3,499,10,26,6,22,18,14,6,10,14,18,22,26,0.190429687499993,195,0.190429687499993,0.190429687499993,0.190429687499993,75.2197265625,270.9814453125,0.913865701818753,99.9817725726797,5,6,1,13,3.52434493864873e-13,1,2,1
P1/D3,500,10,26,6,22,14,18,6,10,14,18,22,26,0.190429687499993,195,0.190429687499993,0.190429687499993,0.190429687499993,75.2197265625,270.9814453125,0.913865701818753,99.9817725726797,5,6,1,13,3.52434493864873e-13,1,2,1
P1/D3,501,10,26,6,18,22,14,6,10,14,18,22,26,0.190429687499993,195,0.190429687499993,0.190429687499993,0.190429687499993,75.2197265625,270.9814453125,0.913865701818753,99.9817725726797,5,6,1,13,3.52434493864873e-13,1,2,1
P1/D3,502,10,26,6,18,14,22,6,10,14,18,22,26,0.190429687499993,195,0.190429687499993,0.190429687499993,0.190429687499993,75.2197265625,270.9814453125,0.913865701818753,99.9817725726797,5,6,1,13,3.52434493864873e-13,1,2,1
P1/D3,503,10,26,6,14,22,18,6,10,14,18,22,26,0.190429687499993,195,0.190429687499993,0.190429687499993,0.190429687499993,75.2197265625,270.9814453125,0.913865701818753,99.9817725726797,5,6,1,13,3.52434493864873e-13,1,2,1
P1/D3,504,10,26,6,14,18,22,6,10,14,18,22,26,0.190429687499993,195,0.190429687499993,0.190429687499993,0.190429687499993,75.2197265625,270.9814453125,0.913865701818753,99.9817725726797,5,6,1,13,3.52434493864873e-13,1,2,1
P1/D3,505,10,22,26,18,14,6,6,10,14,18,22,26,0.190429687499993,195,0.190429687499993,0.190429687499993,195,75.2197265625,465.791015625,0.913992265852866,99.9802503968798,5,6,1,13,3.51055554373589e-13,1,2,1
P1/D3,506,10,22,26,18,6,14,6,10,14,18,22,26,0.190429687499993,195,0.190429687499993,0.190429687499993,195,75.2197265625,465.791015625,0.913992265852866,99.9802503968798,5,6,1,13,3.51055554373589e-13,1,2,1
P1/D3,507,10,22,26,14,18,6,6,10,14,18,22,26,0.190429687499993,195,0.190429687499993,0.190429687499993,195,75.2197265625,465.791015625,0.913992265852866,99.9802503968798,5,6,1,13,3.51055554373589e-13,1,2,1
P1/D3,508,10,22,26,14,6,18,6,10,14,18,22,26,0.190429687499993,195,0.190429687499993,0.190429687499993,195,75.2197265625,465.791015625,0.913992265852866,99.9802503968798,5,6,1,13,3.51055554373589e-13,1,2,1
P1/D3,509,10,22,26,6,18,14,6,10,14,18,22,26,0.190429687499993,195,0.190429687499993,0.190429687499993,195,75.2197265625,465.791015625,0.913992265852866,99.9802503968798,5,6,1,13,3.51055554373589e-13,1,2,1
P1/D3,510,10,22,26,6,14,18,6,10,14,18,22,26,0.190429687499993,195,0.190429687499993,0.190429687499993,195,75.2197265625,465.791015625,0.913992265852866,99.9802503968798,5,6,1,13,3.51055554373589e-13,1,2,1
P1/D3,511,10,22,18,26,14,6,6,10,14,18,22,26,0.190429687499993,195,0.190429687499993,63.4130859375,195,0.190429687499993,453.984375,0.918584074114566,99.9841957646336,5,6,1,13,1.94975095619051e-13,1,2,1
P1/D3,512,10,22,18,26,6,14,6,10,14,18,22,26,0.190429687499993,195,0.190429687499993,63.4130859375,195,0.190429687499993,453.984375,0.918584074114566,99.9841957646336,5,6,1,13,1.94975095619051e-13,1,2,1
P1/D3,513,10,22,18,14,26,6,6,10,14,18,22,26,0.190429687499993,195,0.190429687499993,63.4130859375,195,0.190429687499993,453.984375,0.918584074114566,99.9841957646336,5,6,1,13,1.94975095619051e-13,1,2,1
P1/D3,514,10,22,18,14,6,26,6,10,14,18,22,26,0.190429687499993,195,0.190429687499993,63.4130859375,195,0.190429687499993,453.984375,0.918584074114566,99.9841957646336,5,6,1,13,1.94975095619051e-13,1,2,1
P1/D3,515,10,22,18,6,26,14,6,10,14,18,22,26,0.190429687499993,195,0.190429687499993,63.4130859375,195,0.190429687499993,453.984375,0.918584074114566,99.9841957646336,5,6,1,13,1.94975095619051e-13,1,2,1
P1/D3,516,10,22,18,6,14,26,6,10,14,18,22,26,0.190429687499993,195,0.190429687499993,63.4130859375,195,0.190429687499993,453.984375,0.918584074114566,99.9841957646336,5,6,1,13,1.94975095619051e-13,1,2,1
P1/D3,517,10,22,14,26,18,6,6,10,14,18,22,26,0.190429687499993,195,65.3173828125,0.190429687499993,195,0.190429687499993,455.888671875,0.917122326554629,99.9792434727522,5,6,1,13,2.26583244711584e-13,1,2,1
P1/D3,518,10,22,14,26,6,18,6,10,14,18,22,26,0.190429687499993,195,65.3173828125,0.190429687499993,195,0.190429687499993,455.888671875,0.917122326554629,99.9792434727522,5,6,1,13,2.26583244711584e-13,1,2,1
P1/D3,519,10,22,14,18,26,6,6,10,14,18,22,26,0.190429687499993,195,65.3173828125,0.190429687499993,195,0.190429687499993,455.888671875,0.917122326554629,99.9792434727522,5,6,1,13,2.26583244711584e-13,1,2,1
P1/D3,520,10,22,14,18,6,26,6,10,14,18,22,26,0.190429687499993,195,65.3173828125,0.190429687499993,195,0.190429687499993,455.888671875,0.917122326554629,99.9792434727522,5,6,1,13,2.26583244711584e-13,1,2,1
P1/D3,521,10,22,14,6,26,18,6,10,14,18,22,26,0.190429687499993,195,65.3173828125,0.190429687499993,195,0.190429687499993,455.888671875,0.917122326554629,99.9792434727522,5,6,1,13,2.26583244711584e-13,1,2,1
P1/D3,522,10,22,14,6,18,26,6,10,14,18,22,26,0.190429687499993,195,65.3173828125,0.190429687499993,195,0.190429687499993,455.888671875,0.917122326554629,99.9792434727522,5,6,1,13,2.26583244711584e-13,1,2,1
P1/D3,523,10,22,6,26,18,14,6,10,14,18,22,26,75.41015625,195,0.190429687499993,0.190429687499993,195,0.190429687499993,465.9814453125,0.913990616641265,99.9829356089607,5,6,1,13,3.52284133872125e-13,1,2,1
P1/D3,524,10,22,6,26,14,18,6,10,14,18,22,26,75.41015625,195,0.190429687499993,0.190429687499993,195,0.190429687499993,465.9814453125,0.913990616641265,99.9829356089607,5,6,1,13,3.52284133872125e-13,1,2,1
P1/D3,525,10,22,6,18,26,14,6,10,14,18,22,26,75.41015625,195,0.190429687499993,0.190429687499993,195,0.190429687499993,465.9814453125,0.913990616641265,99.9829356089607,5,6,1,13,3.52284133872125e-13,1,2,1
P1/D3,526,10,22,6,18,14,26,6,10,14,18,22,26,75.41015625,195,0.190429687499993,0.190429687499993,195,0.190429687499993,465.9814453125,0.913990616641265,99.9829356089607,5,6,1,13,3.52284133872125e-13,1,2,1
P1/D3,527,10,22,6,14,26,18,6,10,14,18,22,26,75.41015625,195,0.190429687499993,0.190429687499993,195,0.190429687499993,465.9814453125,0.913990616641265,99.9829356089607,5,6,1,13,3.52284133872125e-13,1,2,1
P1/D3,528,10,22,6,14,18,26,6,10,14,18,22,26,75.41015625,195,0.190429687499993,0.190429687499993,195,0.190429687499993,465.9814453125,0.913990616641265,99.9829356089607,5,6,1,13,3.52284133872125e-13,1,2,1
P1/D3,529,10,18,26,22,14,6,6,10,14,18,22,26,0.190429687499993,195,0.190429687499993,63.603515625,0.190429687499993,0.190429687499993,259.365234375,0.91847554730696,99.9799836730545,5,6,1,13,1.95768498608431e-13,1,2,1
P1/D3,530,10,18,26,22,6,14,6,10,14,18,22,26,0.190429687499993,195,0.190429687499993,63.603515625,0.190429687499993,0.190429687499993,259.365234375,0.91847554730696,99.9799836730545,5,6,1,13,1.95768498608431e-13,1,2,1
P1/D3,531,10,18,26,14,22,6,6,10,14,18,22,26,0.190429687499993,195,0.190429687499993,63.603515625,0.190429687499993,0.190429687499993,259.365234375,0.91847554730696,99.9799836730545,5,6,1,13,1.95768498608431e-13,1,2,1
P1/D3,532,10,18,26,14,6,22,6,10,14,18,22,26,0.190429687499993,195,0.190429687499993,63.603515625,0.190429687499993,0.190429687499993,259.365234375,0.91847554730696,99.9799836730545,5,6,1,13,1.95768498608431e-13,1,2,1
P1/D3,533,10,18,26,6,22,14,6,10,14,18,22,26,0.190429687499993,195,0.190429687499993,63.603515625,0.190429687499993,0.190429687499993,259.365234375,0.91847554730696,99.9799836730545,5,6,1,13,1.95768498608431e-13,1,2,1
P1/D3,534,10,18,26,6,14,22,6,10,14,18,22,26,0.190429687499993,195,0.190429687499993,63.603515625,0.190429687499993,0.190429687499993,259.365234375,0.91847554730696,99.9799836730545,5,6,1,13,1.95768498608431e-13,1,2,1
P1/D3,535,10,18,22,26,14,6,6,10,14,18,22,26,0.190429687499993,195,0.190429687499993,63.603515625,0.190429687499993,0.190429687499993,259.365234375,0.91847554730696,99.9799836730545,5,6,1,13,1.95768498608431e-13,1,2,1
P1/D3,536,10,18,22,26,6,14,6,10,14,18,22,26,0.190429687499993,195,0.190429687499993,63.603515625,0.190429687499993,0.190429687499993,259.365234375,0.91847554730696,99.9799836730545,5,6,1,13,1.95768498608431e-13,1,2,1
P1/D3,537,10,18,22,14,26,6,6,10,14,18,22,26,0.190429687499993,195,0.190429687499993,63.603515625,0.190429687499993,0.190429687499993,259.365234375,0.91847554730696,99.9799836730545,5,6,1,13,1.95768498608431e-13,1,2,1
P1/D3,538,10,18,22,14,6,26,6,10,14,18,22,26,0.190429687499993,195,0.190429687499993,63.603515625,0.190429687499993,0.190429687499993,259.365234375,0.91847554730696,99.9799836730545,5,6,1,13,1.95768498608431e-13,1,2,1
P1/D3,539,10,18,22,6,26,14,6,10,14,18,22,26,0.190429687499993,195,0.190429687499993,63.603515625,0.190429687499993,0.190429687499993,259.365234375,0.91847554730696,99.9799836730545,5,6,1,13,1.95768498608431e-13,1,2,1
P1/D3,540,10,18,22,6,14,26,6,10,14,18,22,26,0.190429687499993,195,0.190429687499993,63.603515625,0.190429687499993,0.190429687499993,259.365234375,0.91847554730696,99.9799836730545,5,6,1,13,1.95768498608431e-13,1,2,1
P1/D3,541,10,18,14,26,22,6,6,10,14,18,22,26,0.190429687499993,195,0.190429687499993,63.603515625,0.190429687499993,0.190429687499993,259.365234375,0.91847554730696,99.9799836730545,5,6,1,13,1.95768498608431e-13,1,2,1
P1/D3,542,10,18,14,26,6,22,6,10,14,18,22,26,0.190429687499993,195,0.190429687499993,63.603515625,0.190429687499993,0.190429687499993,259.365234375,0.91847554730696,99.9799836730545,5,6,1,13,1.95768498608431e-13,1,2,1
P1/D3,543,10,18,14,22,26,6,6,10,14,18,22,26,0.190429687499993,195,0.190429687499993,63.603515625,0.190429687499993,0.190429687499993,259.365234375,0.91847554730696,99.9799836730545,5,6,1,13,1.95768498608431e-13,1,2,1
P1/D3,544,10,18,14,22,6,26,6,10,14,18,22,26,0.190429687499993,195,0.190429687499993,63.603515625,0.190429687499993,0.190429687499993,259.365234375,0.91847554730696,99.9799836730545,5,6,1,13,1.95768498608431e-13,1,2,1
P1/D3,545,10,18,14,6,26,22,6,10,14,18,22,26,0.190429687499993,195,0.190429687499993,63.603515625,0.190429687499993,0.190429687499993,259.365234375,0.91847554730696,99.9799836730545,5,6,1,13,1.95768498608431e-13,1,2,1
P1/D3,546,10,18,14,6,22,26,6,10,14,18,22,26,0.190429687499993,195,0.190429687499993,63.603515625,0.190429687499993,0.190429687499993,259.365234375,0.91847554730696,99.9799836730545,5,6,1,13,1.95768498608431e-13,1,2,1
P1/D3,547,10,18,6,26,22,14,6,10,14,18,22,26,0.190429687499993,195,0.190429687499993,63.603515625,0.190429687499993,0.190429687499993,259.365234375,0.91847554730696,99.9799836730545,5,6,1,13,1.95768498608431e-13,1,2,1
P1/D3,548,10,18,6,26,14,22,6,10,14,18,22,26,0.190429687499993,195,0.190429687499993,63.603515625,0.190429687499993,0.190429687499993,259.365234375,0.91847554730696,99.9799836730545,5,6,1,13,1.95768498608431e-13,1,2,1
P1/D3,549,10,18,6,22,26,14,6,10,14,18,22,26,0.190429687499993,195,0.190429687499993,63.603515625,0.190429687499993,0.190429687499993,259.365234375,0.91847554730696,99.9799836730545,5,6,1,13,1.95768498608431e-13,1,2,1
P1/D3,550,10,18,6,22,14,26,6,10,14,18,22,26,0.190429687499993,195,0.190429687499993,63.603515625,0.190429687499993,0.190429687499993,259.365234375,0.91847554730696,99.9799836730545,5,6,1,13,1.95768498608431e-13,1,2,1
P1/D3,551,10,18,6,14,26,22,6,10,14,18,22,26,0.190429687499993,195,0.190429687499993,63.603515625,0.190429687499993,0.190429687499993,259.365234375,0.91847554730696,99.9799836730545,5,6,1,13,1.95768498608431e-13,1,2,1
P1/D3,552,10,18,6,14,22,26,6,10,14,18,22,26,0.190429687499993,195,0.190429687499993,63.603515625,0.190429687499993,0.190429687499993,259.365234375,0.91847554730696,99.9799836730545,5,6,1,13,1.95768498608431e-13,1,2,1
P1/D3,553,10,14,26,22,18,6,6,10,14,18,22,26,0.190429687499993,195,65.3173828125,0.190429687499993,0.190429687499993,0.190429687499993,261.0791015625,0.916996302579291,99.9806935584886,5,6,1,13,2.28266067447115e-13,1,2,1
P1/D3,554,10,14,26,22,6,18,6,10,14,18,22,26,0.190429687499993,195,65.3173828125,0.190429687499993,0.190429687499993,0.190429687499993,261.0791015625,0.916996302579291,99.9806935584886,5,6,1,13,2.28266067447115e-13,1,2,1
P1/D3,555,10,14,26,18,22,6,6,10,14,18,22,26,0.190429687499993,195,65.3173828125,0.190429687499993,0.190429687499993,0.190429687499993,261.0791015625,0.916996302579291,99.9806935584886,5,6,1,13,2.28266067447115e-13,1,2,1
P1/D3,556,10,14,26,18,6,22,6,10,14,18,22,26,0.190429687499993,195,65.3173828125,0.190429687499993,0.190429687499993,0.190429687499993,261.0791015625,0.916996302579291,99.9806935584886,5,6,1,13,2.28266067447115e-13,1,2,1
P1/D3,557,10,14,26,6,22,18,6,10,14,18,22,26,0.190429687499993,195,65.3173828125,0.190429687499993,0.190429687499993,0.190429687499993,261.0791015625,0.916996302579291,99.9806935584886,5,6,1,13,2.28266067447115e-13,1,2,1
P1/D3,558,10,14,26,6,18,22,6,10,14,18,22,26,0.190429687499993,195,65.3173828125,0.190429687499993,0.190429687499993,0.190429687499993,261.0791015625,0.916996302579291,99.9806935584886,5,6,1,13,2.28266067447115e-13,1,2,1
P1/D3,559,10,14,22,26,18,6,6,10,14,18,22,26,0.190429687499993,195,65.3173828125,0.190429687499993,0.190429687499993,0.190429687499993,261.0791015625,0.916996302579291,99.9806935584886,5,6,1,13,2.28266067447115e-13,1,2,1
P1/D3,560,10,14,22,26,6,18,6,10,14,18,22,26,0.190429687499993,195,65.3173828125,0.190429687499993,0.190429687499993,0.190429687499993,261.0791015625,0.916996302579291,99.9806935584886,5,6,1,13,2.28266067447115e-13,1,2,1
P1/D3,561,10,14,22,18,26,6,6,10,14,18,22,26,0.190429687499993,195,65.3173828125,0.190429687499993,0.190429687499993,0.190429687499993,261.0791015625,0.916996302579291,99.9806935584886,5,6,1,13,2.28266067447115e-13,1,2,1
P1/D3,562,10,14,22,18,6,26,6,10,14,18,22,26,0.190429687499993,195,65.3173828125,0.190429687499993,0.190429687499993,0.190429687499993,261.0791015625,0.916996302579291,99.9806935584886,5,6,1,13,2.28266067447115e-13,1,2,1
P1/D3,563,10,14,22,6,26,18,6,10,14,18,22,26,0.190429687499993,195,65.3173828125,0.190429687499993,0.190429687499993,0.190429687499993,261.0791015625,0.916996302579291,99.9806935584886,5,6,1,13,2.28266067447115e-13,1,2,1
P1/D3,564,10,14,22,6,18,26,6,10,14,18,22,26,0.190429687499993,195,65.3173828125,0.190429687499993,0.190429687499993,0.190429687499993,261.0791015625,0.916996302579291,99.9806935584886,5,6,1,13,2.28266067447115e-13,1,2,1
P1/D3,565,10,14,18,26,22,6,6,10,14,18,22,26,0.190429687499993,195,65.3173828125,0.190429687499993,0.190429687499993,0.190429687499993,261.0791015625,0.916996302579291,99.9806935584886,5,6,1,13,2.28266067447115e-13,1,2,1
P1/D3,566,10,14,18,26,6,22,6,10,14,18,22,26,0.190429687499993,195,65.3173828125,0.190429687499993,0.190429687499993,0.190429687499993,261.0791015625,0.916996302579291,99.9806935584886,5,6,1,13,2.28266067447115e-13,1,2,1
P1/D3,567,10,14,18,22,26,6,6,10,14,18,22,26,0.190429687499993,195,65.3173828125,0.190429687499993,0.190429687499993,0.190429687499993,261.0791015625,0.916996302579291,99.9806935584886,5,6,1,13,2.28266067447115e-13,1,2,1
P1/D3,568,10,14,18,22,6,26,6,10,14,18,22,26,0.190429687499993,195,65.3173828125,0.190429687499993,0.190429687499993,0.190429687499993,261.0791015625,0.916996302579291,99.9806935584886,5,6,1,13,2.28266067447115e-13,1,2,1
P1/D3,569,10,14,18,6,26,22,6,10,14,18,22,26,0.190429687499993,195,65.3173828125,0.190429687499993,0.190429687499993,0.190429687499993,261.0791015625,0.916996302579291,99.9806935584886,5,6,1,13,2.28266067447115e-13,1,2,1
P1/D3,570,10,14,18,6,22,26,6,10,14,18,22,26,0.190429687499993,195,65.3173828125,0.190429687499993,0.190429687499993,0.190429687499993,261.0791015625,0.916996302579291,99.9806935584886,5,6,1,13,2.28266067447115e-13,1,2,1
P1/D3,571,10,14,6,26,22,18,6,10,14,18,22,26,0.190429687499993,195,65.3173828125,0.190429687499993,0.190429687499993,0.190429687499993,261.0791015625,0.916996302579291,99.9806935584886,5,6,1,13,2.28266067447115e-13,1,2,1
P1/D3,572,10,14,6,26,18,22,6,10,14,18,22,26,0.190429687499993,195,65.3173828125,0.190429687499993,0.190429687499993,0.190429687499993,261.0791015625,0.916996302579291,99.9806935584886,5,6,1,13,2.28266067447115e-13,1,2,1
P1/D3,573,10,14,6,22,26,18,6,10,14,18,22,26,0.190429687499993,195,65.3173828125,0.190429687499993,0.190429687499993,0.190429687499993,261.0791015625,0.916996302579291,99.9806935584886,5,6,1,13,2.28266067447115e-13,1,2,1
P1/D3,574,10,14,6,22,18,26,6,10,14,18,22,26,0.190429687499993,195,65.3173828125,0.190429687499993,0.190429687499993,0.190429687499993,261.0791015625,0.916996302579291,99.9806935584886,5,6,1,13,2.28266067447115e-13,1,2,1
P1/D3,575,10,14,6,18,26,22,6,10,14,18,22,26,0.190429687499993,195,65.3173828125,0.190429687499993,0.190429687499993,0.190429687499993,261.0791015625,0.916996302579291,99.9806935584886,5,6,1,13,2.28266067447115e-13,1,2,1
P1/D3,576,10,14,6,18,22,26,6,10,14,18,22,26,0.190429687499993,195,65.3173828125,0.190429687499993,0.190429687499993,0.190429687499993,261.0791015625,0.916996302579291,99.9806935584886,5,6,1,13,2.28266067447115e-13,1,2,1
P1/D3,577,10,6,26,22,18,14,6,10,14,18,22,26,75.6005859375,195,0.190429687499993,0.190429687499993,0.190429687499993,0.190429687499993,271.3623046875,0.913867048136035,99.9796764709529,5,6,1,13,3.53221518914928e-13,1,2,1
P1/D3,578,10,6,26,22,14,18,6,10,14,18,22,26,75.6005859375,195,0.190429687499993,0.190429687499993,0.190429687499993,0.190429687499993,271.3623046875,0.913867048136035,99.9796764709529,5,6,1,13,3.53221518914928e-13,1,2,1
P1/D3,579,10,6,26,18,22,14,6,10,14,18,22,26,75.6005859375,195,0.190429687499993,0.190429687499993,0.190429687499993,0.190429687499993,271.3623046875,0.913867048136035,99.9796764709529,5,6,1,13,3.53221518914928e-13,1,2,1
P1/D3,580,10,6,26,18,14,22,6,10,14,18,22,26,75.6005859375,195,0.190429687499993,0.190429687499993,0.190429687499993,0.190429687499993,271.3623046875,0.913867048136035,99.9796764709529,5,6,1,13,3.53221518914928e-13,1,2,1
P1/D3,581,10,6,26,14,22,18,6,10,14,18,22,26,75.6005859375,195,0.190429687499993,0.190429687499993,0.190429687499993,0.190429687499993,271.3623046875,0.913867048136035,99.9796764709529,5,6,1,13,3.53221518914928e-13,1,2,1
P1/D3,582,10,6,26,14,18,22,6,10,14,18,22,26,75.6005859375,195,0.190429687499993,0.190429687499993,0.190429687499993,0.190429687499993,271.3623046875,0.913867048136035,99.9796764709529,5,6,1,13,3.53221518914928e-13,1,2,1
P1/D3,583,10,6,22,26,18,14,6,10,14,18,22,26,75.6005859375,195,0.190429687499993,0.190429687499993,0.190429687499993,0.190429687499993,271.3623046875,0.913867048136035,99.9796764709529,5,6,1,13,3.53221518914928e-13,1,2,1
P1/D3,584,10,6,22,26,14,18,6,10,14,18,22,26,75.6005859375,195,0.190429687499993,0.190429687499993,0.190429687499993,0.190429687499993,271.3623046875,0.913867048136035,99.9796764709529,5,6,1,13,3.53221518914928e-13,1,2,1
P1/D3,585,10,6,22,18,26,14,6,10,14,18,22,26,75.6005859375,195,0.190429687499993,0.190429687499993,0.190429687499993,0.190429687499993,271.3623046875,0.913867048136035,99.9796764709529,5,6,1,13,3.53221518914928e-13,1,2,1
P1/D3,586,10,6,22,18,14,26,6,10,14,18,22,26,75.6005859375,195,0.190429687499993,0.190429687499993,0.190429687499993,0.190429687499993,271.3623046875,0.913867048136035,99.9796764709529,5,6,1,13,3.53221518914928e-13,1,2,1
P1/D3,587,10,6,22,14,26,18,6,10,14,18,22,26,75.6005859375,195,0.190429687499993,0.190429687499993,0.190429687499993,0.190429687499993,271.3623046875,0.913867048136035,99.9796764709529,5,6,1,13,3.53221518914928e-13,1,2,1
P1/D3,588,10,6,22,14,18,26,6,10,14,18,22,26,75.6005859375,195,0.190429687499993,0.190429687499993,0.190429687499993,0.190429687499993,271.3623046875,0.913867048136035,99.9796764709529,5,6,1,13,3.53221518914928e-13,1,2,1
P1/D3,589,10,6,18,26,22,14,6,10,14,18,22,26,75.6005859375,195,0.190429687499993,0.190429687499993,0.190429687499993,0.190429687499993,271.3623046875,0.913867048136035,99.9796764709529,5,6,1,13,3.53221518914928e-13,1,2,1
P1/D3,590,10,6,18,26,14,22,6,10,14,18,22,26,75.6005859375,195,0.190429687499993,0.190429687499993,0.190429687499993,0.190429687499993,271.3623046875,0.913867048136035,99.9796764709529,5,6,1,13,3.53221518914928e-13,1,2,1
P1/D3,591,10,6,18,22,26,14,6,10,14,18,22,26,75.6005859375,195,0.190429687499993,0.190429687499993,0.190429687499993,0.190429687499993,271.3623046875,0.913867048136035,99.9796764709529,5,6,1,13,3.53221518914928e-13,1,2,1
P1/D3,592,10,6,18,22,14,26,6,10,14,18,22,26,75.6005859375,195,0.190429687499993,0.190429687499993,0.190429687499993,0.190429687499993,271.3623046875,0.913867048136035,99.9796764709529,5,6,1,13,3.53221518914928e-13,1,2,1
P1/D3,593,10,6,18,14,26,22,6,10,14,18,22,26,75.6005859375,195,0.190429687499993,0.190429687499993,0.190429687499993,0.190429687499993,271.3623046875,0.913867048136035,99.9796764709529,5,6,1,13,3.53221518914928e-13,1,2,1
P1/D3,594,10,6,18,14,22,26,6,10,14,18,22,26,75.6005859375,195,0.190429687499993,0.190429687499993,0.190429687499993,0.190429687499993,271.3623046875,0.913867048136035,99.9796764709529,5,6,1,13,3.53221518914928e-13,1,2,1
P1/D3,595,10,6,14,26,22,18,6,10,14,18,22,26,75.6005859375,195,0.190429687499993,0.190429687499993,0.190429687499993,0.190429687499993,271.3623046875,0.913867048136035,99.9796764709529,5,6,1,13,3.53221518914928e-13,1,2,1
P1/D3,596,10,6,14,26,18,22,6,10,14,18,22,26,75.6005859375,195,0.190429687499993,0.190429687499993,0.190429687499993,0.190429687499993,271.3623046875,0.913867048136035,99.9796764709529,5,6,1,13,3.53221518914928e-13,1,2,1
P1/D3,597,10,6,14,22,26,18,6,10,14,18,22,26,75.6005859375,195,0.190429687499993,0.190429687499993,0.190429687499993,0.190429687499993,271.3623046875,0.913867048136035,99.9796764709529,5,6,1,13,3.53221518914928e-13,1,2,1
P1/D3,598,10,6,14,22,18,26,6,10,14,18,22,26,75.6005859375,195,0.190429687499993,0.190429687499993,0.190429687499993,0.190429687499993,271.3623046875,0.913867048136035,99.9796764709529,5,6,1,13,3.53221518914928e-13,1,2,1
P1/D3,599,10,6,14,18,26,22,6,10,14,18,22,26,75.6005859375,195,0.190429687499993,0.190429687499993,0.190429687499993,0.190429687499993,271.3623046875,0.913867048136035,99.9796764709529,5,6,1,13,3.53221518914928e-13,1,2,1
P1/D3,600,10,6,14,18,22,26,6,10,14,18,22,26,75.6005859375,195,0.190429687499993,0.190429687499993,0.190429687499993,0.190429687499993,271.3623046875,0.913867048136035,99.9796764709529,5,6,1,13,3.53221518914928e-13,1,2,1
P1/D3,601,6,26,22,18,14,10,6,10,14,18,22,26,195,0.190429687499993,0.190429687499993,0.190429687499993,0.190429687499993,98.26171875,294.0234375,0.908234993464926,99.9821779913229,5,6,1,13,7.40880470185563e-13,1,2,1
P1/D3,602,6,26,22,18,10,14,6,10,14,18,22,26,195,0.190429687499993,0.190429687499993,0.190429687499993,0.190429687499993,98.26171875,294.0234375,0.908234993464926,99.9821779913229,5,6,1,13,7.40880470185563e-13,1,2,1
P1/D3,603,6,26,22,14,18,10,6,10,14,18,22,26,195,0.190429687499993,0.190429687499993,0.190429687499993,0.190429687499993,98.26171875,294.0234375,0.908234993464926,99.9821779913229,5,6,1,13,7.40880470185563e-13,1,2,1
P1/D3,604,6,26,22,14,10,18,6,10,14,18,22,26,195,0.190429687499993,0.190429687499993,0.190429687499993,0.190429687499993,98.26171875,294.0234375,0.908234993464926,99.9821779913229,5,6,1,13,7.40880470185563e-13,1,2,1
P1/D3,605,6,26,22,10,18,14,6,10,14,18,22,26,195,0.190429687499993,0.190429687499993,0.190429687499993,0.190429687499993,98.26171875,294.0234375,0.908234993464926,99.9821779913229,5,6,1,13,7.40880470185563e-13,1,2,1
P1/D3,606,6,26,22,10,14,18,6,10,14,18,22,26,195,0.190429687499993,0.190429687499993,0.190429687499993,0.190429687499993,98.26171875,294.0234375,0.908234993464926,99.9821779913229,5,6,1,13,7.40880470185563e-13,1,2,1
P1/D3,607,6,26,18,22,14,10,6,10,14,18,22,26,195,0.190429687499993,0.190429687499993,0.190429687499993,0.190429687499993,98.26171875,294.0234375,0.908234993464926,99.9821779913229,5,6,1,13,7.40880470185563e-13,1,2,1
P1/D3,608,6,26,18,22,10,14,6,10,14,18,22,26,195,0.190429687499993,0.190429687499993,0.190429687499993,0.190429687499993,98.26171875,294.0234375,0.908234993464926,99.9821779913229,5,6,1,13,7.40880470185563e-13,1,2,1
P1/D3,609,6,26,18,14,22,10,6,10,14,18,22,26,195,0.190429687499993,0.190429687499993,0.190429687499993,0.190429687499993,98.26171875,294.0234375,0.908234993464926,99.9821779913229,5,6,1,13,7.40880470185563e-13,1,2,1
P1/D3,610,6,26,18,14,10,22,6,10,14,18,22,26,195,0.190429687499993,0.190429687499993,0.190429687499993,0.190429687499993,98.26171875,294.0234375,0.908234993464926,99.9821779913229,5,6,1,13,7.40880470185563e-13,1,2,1
P1/D3,611,6,26,18,10,22,14,6,10,14,18,22,26,195,0.190429687499993,0.190429687499993,0.190429687499993,0.190429687499993,98.26171875,294.0234375,0.908234993464926,99.9821779913229,5,6,1,13,7.40880470185563e-13,1,2,1
P1/D3,612,6,26,18,10,14,22,6,10,14,18,22,26,195,0.190429687499993,0.190429687499993,0.190429687499993,0.190429687499993,98.26171875,294.0234375,0.908234993464926,99.9821779913229,5,6,1,13,7.40880470185563e-13,1,2,1
P1/D3,613,6,26,14,22,18,10,6,10,14,18,22,26,195,0.190429687499993,0.190429687499993,0.190429687499993,0.190429687499993,98.26171875,294.0234375,0.908234993464926,99.9821779913229,5,6,1,13,7.40880470185563e-13,1,2,1
P1/D3,614,6,26,14,22,10,18,6,10,14,18,22,26,195,0.190429687499993,0.190429687499993,0.190429687499993,0.190429687499993,98.26171875,294.0234375,0.908234993464926,99.9821779913229,5,6,1,13,7.40880470185563e-13,1,2,1
P1/D3,615,6,26,14,18,22,10,6,10,14,18,22,26,195,0.190429687499993,0.190429687499993,0.190429687499993,0.190429687499993,98.26171875,294.0234375,0.908234993464926,99.9821779913229,5,6,1,13,7.40880470185563e-13,1,2,1
P1/D3,616,6,26,14,18,10,22,6,10,14,18,22,26,195,0.190429687499993,0.190429687499993,0.190429687499993,0.190429687499993,98.26171875,294.0234375,0.908234993464926,99.9821779913229,5,6,1,13,7.40880470185563e-13,1,2,1
P1/D3,617,6,26,14,10,22,18,6,10,14,18,22,26,195,0.190429687499993,0.190429687499993,0.190429687499993,0.190429687499993,98.26171875,294.0234375,0.908234993464926,99.9821779913229,5,6,1,13,7.40880470185563e-13,1,2,1
P1/D3,618,6,26,14,10,18,22,6,10,14,18,22,26,195,0.190429687499993,0.190429687499993,0.190429687499993,0.190429687499993,98.26171875,294.0234375,0.908234993464926,99.9821779913229,5,6,1,13,7.40880470185563e-13,1,2,1
P1/D3,619,6,26,10,22,18,14,6,10,14,18,22,26,195,0.190429687499993,0.190429687499993,0.190429687499993,0.190429687499993,98.26171875,294.0234375,0.908234993464926,99.9821779913229,5,6,1,13,7.40880470185563e-13,1,2,1
P1/D3,620,6,26,10,22,14,18,6,10,14,18,22,26,195,0.190429687499993,0.190429687499993,0.190429687499993,0.190429687499993,98.26171875,294.0234375,0.908234993464926,99.9821779913229,5,6,1,13,7.40880470185563e-13,1,2,1
P1/D3,621,6,26,10,18,22,14,6,10,14,18,22,26,195,0.190429687499993,0.190429687499993,0.190429687499993,0.190429687499993,98.26171875,294.0234375,0.908234993464926,99.9821779913229,5,6,1,13,7.40880470185563e-13,1,2,1
P1/D3,622,6,26,10,18,14,22,6,10,14,18,22,26,195,0.190429687499993,0.190429687499993,0.190429687499993,0.190429687499993,98.26171875,294.0234375,0.908234993464926,99.9821779913229,5,6,1,13,7.40880470185563e-13,1,2,1
P1/D3,623,6,26,10,14,22,18,6,10,14,18,22,26,195,0.190429687499993,0.190429687499993,0.190429687499993,0.190429687499993,98.26171875,294.0234375,0.908234993464926,99.9821779913229,5,6,1,13,7.40880470185563e-13,1,2,1
P1/D3,624,6,26,10,14,18,22,6,10,14,18,22,26,195,0.190429687499993,0.190429687499993,0.190429687499993,0.190429687499993,98.26171875,294.0234375,0.908234993464926,99.9821779913229,5,6,1,13,7.40880470185563e-13,1,2,1
P1/D3,625,6,22,26,18,14,10,6,10,14,18,22,26,195,0.190429687499993,0.190429687499993,0.190429687499993,195,98.26171875,488.8330078125,0.908362540744311,99.980492036145,5,6,1,13,7.37563946822368e-13,1,2,1
P1/D3,626,6,22,26,18,10,14,6,10,14,18,22,26,195,0.190429687499993,0.190429687499993,0.190429687499993,195,98.26171875,488.8330078125,0.908362540744311,99.980492036145,5,6,1,13,7.37563946822368e-13,1,2,1
P1/D3,627,6,22,26,14,18,10,6,10,14,18,22,26,195,0.190429687499993,0.190429687499993,0.190429687499993,195,98.26171875,488.8330078125,0.908362540744311,99.980492036145,5,6,1,13,7.37563946822368e-13,1,2,1
P1/D3,628,6,22,26,14,10,18,6,10,14,18,22,26,195,0.190429687499993,0.190429687499993,0.190429687499993,195,98.26171875,488.8330078125,0.908362540744311,99.980492036145,5,6,1,13,7.37563946822368e-13,1,2,1
P1/D3,629,6,22,26,10,18,14,6,10,14,18,22,26,195,0.190429687499993,0.190429687499993,0.190429687499993,195,98.26171875,488.8330078125,0.908362540744311,99.980492036145,5,6,1,13,7.37563946822368e-13,1,2,1
P1/D3,630,6,22,26,10,14,18,6,10,14,18,22,26,195,0.190429687499993,0.190429687499993,0.190429687499993,195,98.26171875,488.8330078125,0.908362540744311,99.980492036145,5,6,1,13,7.37563946822368e-13,1,2,1
P1/D3,631,6,22,18,26,14,10,6,10,14,18,22,26,195,0.190429687499993,0.190429687499993,81.6943359375,195,0.190429687499993,472.265625,0.91433802243746,99.9793322054186,5,6,1,13,3.50963376831665e-13,1,2,1
P1/D3,632,6,22,18,26,10,14,6,10,14,18,22,26,195,0.190429687499993,0.190429687499993,81.6943359375,195,0.190429687499993,472.265625,0.91433802243746,99.9793322054186,5,6,1,13,3.50963376831665e-13,1,2,1
P1/D3,633,6,22,18,14,26,10,6,10,14,18,22,26,195,0.190429687499993,0.190429687499993,81.6943359375,195,0.190429687499993,472.265625,0.91433802243746,99.9793322054186,5,6,1,13,3.50963376831665e-13,1,2,1
P1/D3,634,6,22,18,14,10,26,6,10,14,18,22,26,195,0.190429687499993,0.190429687499993,81.6943359375,195,0.190429687499993,472.265625,0.91433802243746,99.9793322054186,5,6,1,13,3.50963376831665e-13,1,2,1
P1/D3,635,6,22,18,10,26,14,6,10,14,18,22,26,195,0.190429687499993,0.190429687499993,81.6943359375,195,0.190429687499993,472.265625,0.91433802243746,99.9793322054186,5,6,1,13,3.50963376831665e-13,1,2,1
P1/D3,636,6,22,18,10,14,26,6,10,14,18,22,26,195,0.190429687499993,0.190429687499993,81.6943359375,195,0.190429687499993,472.265625,0.91433802243746,99.9793322054186,5,6,1,13,3.50963376831665e-13,1,2,1
P1/D3,637,6,22,14,26,18,10,6,10,14,18,22,26,195,0.190429687499993,83.7890625,0.190429687499993,195,0.190429687499993,474.3603515625,0.912424280144892,99.9821059348271,5,6,1,13,4.20540352470623e-13,1,2,1
P1/D3,638,6,22,14,26,10,18,6,10,14,18,22,26,195,0.190429687499993,83.7890625,0.190429687499993,195,0.190429687499993,474.3603515625,0.912424280144892,99.9821059348271,5,6,1,13,4.20540352470623e-13,1,2,1
P1/D3,639,6,22,14,18,26,10,6,10,14,18,22,26,195,0.190429687499993,83.7890625,0.190429687499993,195,0.190429687499993,474.3603515625,0.912424280144892,99.9821059348271,5,6,1,13,4.20540352470623e-13,1,2,1
P1/D3,640,6,22,14,18,10,26,6,10,14,18,22,26,195,0.190429687499993,83.7890625,0.190429687499993,195,0.190429687499993,474.3603515625,0.912424280144892,99.9821059348271,5,6,1,13,4.20540352470623e-13,1,2,1
P1/D3,641,6,22,14,10,26,18,6,10,14,18,22,26,195,0.190429687499993,83.7890625,0.190429687499993,195,0.190429687499993,474.3603515625,0.912424280144892,99.9821059348271,5,6,1,13,4.20540352470623e-13,1,2,1
P1/D3,642,6,22,14,10,18,26,6,10,14,18,22,26,195,0.190429687499993,83.7890625,0.190429687499993,195,0.190429687499993,474.3603515625,0.912424280144892,99.9821059348271,5,6,1,13,4.20540352470623e-13,1,2,1
P1/D3,643,6,22,10,26,18,14,6,10,14,18,22,26,195,87.7880859375,0.190429687499993,0.190429687499993,195,0.190429687499993,478.359375,0.910905643907969,99.9796741190653,5,6,1,13,5.27686547514585e-13,1,2,1
P1/D3,644,6,22,10,26,14,18,6,10,14,18,22,26,195,87.7880859375,0.190429687499993,0.190429687499993,195,0.190429687499993,478.359375,0.910905643907969,99.9796741190653,5,6,1,13,5.27686547514585e-13,1,2,1
P1/D3,645,6,22,10,18,26,14,6,10,14,18,22,26,195,87.7880859375,0.190429687499993,0.190429687499993,195,0.190429687499993,478.359375,0.910905643907969,99.9796741190653,5,6,1,13,5.27686547514585e-13,1,2,1
P1/D3,646,6,22,10,18,14,26,6,10,14,18,22,26,195,87.7880859375,0.190429687499993,0.190429687499993,195,0.190429687499993,478.359375,0.910905643907969,99.9796741190653,5,6,1,13,5.27686547514585e-13,1,2,1
P1/D3,647,6,22,10,14,26,18,6,10,14,18,22,26,195,87.7880859375,0.190429687499993,0.190429687499993,195,0.190429687499993,478.359375,0.910905643907969,99.9796741190653,5,6,1,13,5.27686547514585e-13,1,2,1
P1/D3,648,6,22,10,14,18,26,6,10,14,18,22,26,195,87.7880859375,0.190429687499993,0.190429687499993,195,0.190429687499993,478.359375,0.910905643907969,99.9796741190653,5,6,1,13,5.27686547514585e-13,1,2,1
P1/D3,649,6,18,26,22,14,10,6,10,14,18,22,26,195,0.190429687499993,0.190429687499993,81.6943359375,0.190429687499993,0.190429687499993,277.4560546875,0.914211515058745,99.9808945512587,5,6,1,13,3.52445630092155e-13,1,2,1
P1/D3,650,6,18,26,22,10,14,6,10,14,18,22,26,195,0.190429687499993,0.190429687499993,81.6943359375,0.190429687499993,0.190429687499993,277.4560546875,0.914211515058745,99.9808945512587,5,6,1,13,3.52445630092155e-13,1,2,1
P1/D3,651,6,18,26,14,22,10,6,10,14,18,22,26,195,0.190429687499993,0.190429687499993,81.6943359375,0.190429687499993,0.190429687499993,277.4560546875,0.914211515058745,99.9808945512587,5,6,1,13,3.52445630092155e-13,1,2,1
P1/D3,652,6,18,26,14,10,22,6,10,14,18,22,26,195,0.190429687499993,0.190429687499993,81.6943359375,0.190429687499993,0.190429687499993,277.4560546875,0.914211515058745,99.9808945512587,5,6,1,13,3.52445630092155e-13,1,2,1
P1/D3,653,6,18,26,10,22,14,6,10,14,18,22,26,195,0.190429687499993,0.190429687499993,81.6943359375,0.190429687499993,0.190429687499993,277.4560546875,0.914211515058745,99.9808945512587,5,6,1,13,3.52445630092155e-13,1,2,1
P1/D3,654,6,18,26,10,14,22,6,10,14,18,22,26,195,0.190429687499993,0.190429687499993,81.6943359375,0.190429687499993,0.190429687499993,277.4560546875,0.914211515058745,99.9808945512587,5,6,1,13,3.52445630092155e-13,1,2,1
P1/D3,655,6,18,22,26,14,10,6,10,14,18,22,26,195,0.190429687499993,0.190429687499993,81.6943359375,0.190429687499993,0.190429687499993,277.4560546875,0.914211515058745,99.9808945512587,5,6,1,13,3.52445630092155e-13,1,2,1
P1/D3,656,6,18,22,26,10,14,6,10,14,18,22,26,195,0.190429687499993,0.190429687499993,81.6943359375,0.190429687499993,0.190429687499993,277.4560546875,0.914211515058745,99.9808945512587,5,6,1,13,3.52445630092155e-13,1,2,1
P1/D3,657,6,18,22,14,26,10,6,10,14,18,22,26,195,0.190429687499993,0.190429687499993,81.6943359375,0.190429687499993,0.190429687499993,277.4560546875,0.914211515058745,99.9808945512587,5,6,1,13,3.52445630092155e-13,1,2,1
P1/D3,658,6,18,22,14,10,26,6,10,14,18,22,26,195,0.190429687499993,0.190429687499993,81.6943359375,0.190429687499993,0.190429687499993,277.4560546875,0.914211515058745,99.9808945512587,5,6,1,13,3.52445630092155e-13,1,2,1
P1/D3,659,6,18,22,10,26,14,6,10,14,18,22,26,195,0.190429687499993,0.190429687499993,81.6943359375,0.190429687499993,0.190429687499993,277.4560546875,0.914211515058745,99.9808945512587,5,6,1,13,3.52445630092155e-13,1,2,1
P1/D3,660,6,18,22,10,14,26,6,10,14,18,22,26,195,0.190429687499993,0.190429687499993,81.6943359375,0.190429687499993,0.190429687499993,277.4560546875,0.914211515058745,99.9808945512587,5,6,1,13,3.52445630092155e-13,1,2,1
P1/D3,661,6,18,14,26,22,10,6,10,14,18,22,26,195,0.190429687499993,0.190429687499993,81.6943359375,0.190429687499993,0.190429687499993,277.4560546875,0.914211515058745,99.9808945512587,5,6,1,13,3.52445630092155e-13,1,2,1
P1/D3,662,6,18,14,26,10,22,6,10,14,18,22,26,195,0.190429687499993,0.190429687499993,81.6943359375,0.190429687499993,0.190429687499993,277.4560546875,0.914211515058745,99.9808945512587,5,6,1,13,3.52445630092155e-13,1,2,1
P1/D3,663,6,18,14,22,26,10,6,10,14,18,22,26,195,0.190429687499993,0.190429687499993,81.6943359375,0.190429687499993,0.190429687499993,277.4560546875,0.914211515058745,99.9808945512587,5,6,1,13,3.52445630092155e-13,1,2,1
P1/D3,664,6,18,14,22,10,26,6,10,14,18,22,26,195,0.190429687499993,0.190429687499993,81.6943359375,0.190429687499993,0.190429687499993,277.4560546875,0.914211515058745,99.9808945512587,5,6,1,13,3.52445630092155e-13,1,2,1
P1/D3,665,6,18,14,10,26,22,6,10,14,18,22,26,195,0.190429687499993,0.190429687499993,81.6943359375,0.190429687499993,0.190429687499993,277.4560546875,0.914211515058745,99.9808945512587,5,6,1,13,3.52445630092155e-13,1,2,1
P1/D3,666,6,18,14,10,22,26,6,10,14,18,22,26,195,0.190429687499993,0.190429687499993,81.6943359375,0.190429687499993,0.190429687499993,277.4560546875,0.914211515058745,99.9808945512587,5,6,1,13,3.52445630092155e-13,1,2,1
P1/D3,667,6,18,10,26,22,14,6,10,14,18,22,26,195,0.190429687499993,0.190429687499993,81.6943359375,0.190429687499993,0.190429687499993,277.4560546875,0.914211515058745,99.9808945512587,5,6,1,13,3.52445630092155e-13,1,2,1
P1/D3,668,6,18,10,26,14,22,6,10,14,18,22,26,195,0.190429687499993,0.190429687499993,81.6943359375,0.190429687499993,0.190429687499993,277.4560546875,0.914211515058745,99.9808945512587,5,6,1,13,3.52445630092155e-13,1,2,1
P1/D3,669,6,18,10,22,26,14,6,10,14,18,22,26,195,0.190429687499993,0.190429687499993,81.6943359375,0.190429687499993,0.190429687499993,277.4560546875,0.914211515058745,99.9808945512587,5,6,1,13,3.52445630092155e-13,1,2,1
P1/D3,670,6,18,10,22,14,26,6,10,14,18,22,26,195,0.190429687499993,0.190429687499993,81.6943359375,0.190429687499993,0.190429687499993,277.4560546875,0.914211515058745,99.9808945512587,5,6,1,13,3.52445630092155e-13,1,2,1
P1/D3,671,6,18,10,14,26,22,6,10,14,18,22,26,195,0.190429687499993,0.190429687499993,81.6943359375,0.190429687499993,0.190429687499993,277.4560546875,0.914211515058745,99.9808945512587,5,6,1,13,3.52445630092155e-13,1,2,1
P1/D3,672,6,18,10,14,22,26,6,10,14,18,22,26,195,0.190429687499993,0.190429687499993,81.6943359375,0.190429687499993,0.190429687499993,277.4560546875,0.914211515058745,99.9808945512587,5,6,1,13,3.52445630092155e-13,1,2,1
P1/D3,673,6,14,26,22,18,10,6,10,14,18,22,26,195,0.190429687499993,83.7890625,0.190429687499993,0.190429687499993,0.190429687499993,279.55078125,0.912297456206207,99.9836862217266,5,6,1,13,4.22373913434916e-13,1,2,1
P1/D3,674,6,14,26,22,10,18,6,10,14,18,22,26,195,0.190429687499993,83.7890625,0.190429687499993,0.190429687499993,0.190429687499993,279.55078125,0.912297456206207,99.9836862217266,5,6,1,13,4.22373913434916e-13,1,2,1
P1/D3,675,6,14,26,18,22,10,6,10,14,18,22,26,195,0.190429687499993,83.7890625,0.190429687499993,0.190429687499993,0.190429687499993,279.55078125,0.912297456206207,99.9836862217266,5,6,1,13,4.22373913434916e-13,1,2,1
P1/D3,676,6,14,26,18,10,22,6,10,14,18,22,26,195,0.190429687499993,83.7890625,0.190429687499993,0.190429687499993,0.190429687499993,279.55078125,0.912297456206207,99.9836862217266,5,6,1,13,4.22373913434916e-13,1,2,1
P1/D3,677,6,14,26,10,22,18,6,10,14,18,22,26,195,0.190429687499993,83.7890625,0.190429687499993,0.190429687499993,0.190429687499993,279.55078125,0.912297456206207,99.9836862217266,5,6,1,13,4.22373913434916e-13,1,2,1
P1/D3,678,6,14,26,10,18,22,6,10,14,18,22,26,195,0.190429687499993,83.7890625,0.190429687499993,0.190429687499993,0.190429687499993,279.55078125,0.912297456206207,99.9836862217266,5,6,1,13,4.22373913434916e-13,1,2,1
P1/D3,679,6,14,22,26,18,10,6,10,14,18,22,26,195,0.190429687499993,83.7890625,0.190429687499993,0.190429687499993,0.190429687499993,279.55078125,0.912297456206207,99.9836862217266,5,6,1,13,4.22373913434916e-13,1,2,1
P1/D3,680,6,14,22,26,10,18,6,10,14,18,22,26,195,0.190429687499993,83.7890625,0.190429687499993,0.190429687499993,0.190429687499993,279.55078125,0.912297456206207,99.9836862217266,5,6,1,13,4.22373913434916e-13,1,2,1
P1/D3,681,6,14,22,18,26,10,6,10,14,18,22,26,195,0.190429687499993,83.7890625,0.190429687499993,0.190429687499993,0.190429687499993,279.55078125,0.912297456206207,99.9836862217266,5,6,1,13,4.22373913434916e-13,1,2,1
P1/D3,682,6,14,22,18,10,26,6,10,14,18,22,26,195,0.190429687499993,83.7890625,0.190429687499993,0.190429687499993,0.190429687499993,279.55078125,0.912297456206207,99.9836862217266,5,6,1,13,4.22373913434916e-13,1,2,1
P1/D3,683,6,14,22,10,26,18,6,10,14,18,22,26,195,0.190429687499993,83.7890625,0.190429687499993,0.190429687499993,0.190429687499993,279.55078125,0.912297456206207,99.9836862217266,5,6,1,13,4.22373913434916e-13,1,2,1
P1/D3,684,6,14,22,10,18,26,6,10,14,18,22,26,195,0.190429687499993,83.7890625,0.190429687499993,0.190429687499993,0.190429687499993,279.55078125,0.912297456206207,99.9836862217266,5,6,1,13,4.22373913434916e-13,1,2,1
P1/D3,685,6,14,18,26,22,10,6,10,14,18,22,26,195,0.190429687499993,83.7890625,0.190429687499993,0.190429687499993,0.190429687499993,279.55078125,0.912297456206207,99.9836862217266,5,6,1,13,4.22373913434916e-13,1,2,1
P1/D3,686,6,14,18,26,10,22,6,10,14,18,22,26,195,0.190429687499993,83.7890625,0.190429687499993,0.190429687499993,0.190429687499993,279.55078125,0.912297456206207,99.9836862217266,5,6,1,13,4.22373913434916e-13,1,2,1
P1/D3,687,6,14,18,22,26,10,6,10,14,18,22,26,195,0.190429687499993,83.7890625,0.190429687499993,0.190429687499993,0.190429687499993,279.55078125,0.912297456206207,99.9836862217266,5,6,1,13,4.22373913434916e-13,1,2,1
P1/D3,688,6,14,18,22,10,26,6,10,14,18,22,26,195,0.190429687499993,83.7890625,0.190429687499993,0.190429687499993,0.190429687499993,279.55078125,0.912297456206207,99.9836862217266,5,6,1,13,4.22373913434916e-13,1,2,1
P1/D3,689,6,14,18,10,26,22,6,10,14,18,22,26,195,0.190429687499993,83.7890625,0.190429687499993,0.190429687499993,0.190429687499993,279.55078125,0.912297456206207,99.9836862217266,5,6,1,13,4.22373913434916e-13,1,2,1
P1/D3,690,6,14,18,10,22,26,6,10,14,18,22,26,195,0.190429687499993,83.7890625,0.190429687499993,0.190429687499993,0.190429687499993,279.55078125,0.912297456206207,99.9836862217266,5,6,1,13,4.22373913434916e-13,1,2,1
P1/D3,691,6,14,10,26,22,18,6,10,14,18,22,26,195,0.190429687499993,83.7890625,0.190429687499993,0.190429687499993,0.190429687499993,279.55078125,0.912297456206207,99.9836862217266,5,6,1,13,4.22373913434916e-13,1,2,1
P1/D3,692,6,14,10,26,18,22,6,10,14,18,22,26,195,0.190429687499993,83.7890625,0.190429687499993,0.190429687499993,0.190429687499993,279.55078125,0.912297456206207,99.9836862217266,5,6,1,13,4.22373913434916e-13,1,2,1
P1/D3,693,6,14,10,22,26,18,6,10,14,18,22,26,195,0.190429687499993,83.7890625,0.190429687499993,0.190429687499993,0.190429687499993,279.55078125,0.912297456206207,99.9836862217266,5,6,1,13,4.22373913434916e-13,1,2,1
P1/D3,694,6,14,10,22,18,26,6,10,14,18,22,26,195,0.190429687499993,83.7890625,0.190429687499993,0.190429687499993,0.190429687499993,279.55078125,0.912297456206207,99.9836862217266,5,6,1,13,4.22373913434916e-13,1,2,1
P1/D3,695,6,14,10,18,26,22,6,10,14,18,22,26,195,0.190429687499993,83.7890625,0.190429687499993,0.190429687499993,0.190429687499993,279.55078125,0.912297456206207,99.9836862217266,5,6,1,13,4.22373913434916e-13,1,2,1
P1/D3,696,6,14,10,18,22,26,6,10,14,18,22,26,195,0.190429687499993,83.7890625,0.190429687499993,0.190429687499993,0.190429687499993,279.55078125,0.912297456206207,99.9836862217266,5,6,1,13,4.22373913434916e-13,1,2,1
P1/D3,697,6,10,26,22,18,14,6,10,14,18,22,26,195,87.7880859375,0.190429687499993,0.190429687499993,0.190429687499993,0.190429687499993,283.5498046875,0.910778545016244,99.9812848847176,5,6,1,13,5.29645400888818e-13,1,2,1
P1/D3,698,6,10,26,22,14,18,6,10,14,18,22,26,195,87.7880859375,0.190429687499993,0.190429687499993,0.190429687499993,0.190429687499993,283.5498046875,0.910778545016244,99.9812848847176,5,6,1,13,5.29645400888818e-13,1,2,1
P1/D3,699,6,10,26,18,22,14,6,10,14,18,22,26,195,87.7880859375,0.190429687499993,0.190429687499993,0.190429687499993,0.190429687499993,283.5498046875,0.910778545016244,99.9812848847176,5,6,1,13,5.29645400888818e-13,1,2,1
P1/D3,700,6,10,26,18,14,22,6,10,14,18,22,26,195,87.7880859375,0.190429687499993,0.190429687499993,0.190429687499993,0.190429687499993,283.5498046875,0.910778545016244,99.9812848847176,5,6,1,13,5.29645400888818e-13,1,2,1
P1/D3,701,6,10,26,14,22,18,6,10,14,18,22,26,195,87.7880859375,0.190429687499993,0.190429687499993,0.190429687499993,0.190429687499993,283.5498046875,0.910778545016244,99.9812848847176,5,6,1,13,5.29645400888818e-13,1,2,1
P1/D3,702,6,10,26,14,18,22,6,10,14,18,22,26,195,87.7880859375,0.190429687499993,0.190429687499993,0.190429687499993,0.190429687499993,283.5498046875,0.910778545016244,99.9812848847176,5,6,1,13,5.29645400888818e-13,1,2,1
P1/D3,703,6,10,22,26,18,14,6,10,14,18,22,26,195,87.7880859375,0.190429687499993,0.190429687499993,0.190429687499993,0.190429687499993,283.5498046875,0.910778545016244,99.9812848847176,5,6,1,13,5.29645400888818e-13,1,2,1
P1/D3,704,6,10,22,26,14,18,6,10,14,18,22,26,195,87.7880859375,0.190429687499993,0.190429687499993,0.190429687499993,0.190429687499993,283.5498046875,0.910778545016244,99.9812848847176,5,6,1,13,5.29645400888818e-13,1,2,1
P1/D3,705,6,10,22,18,26,14,6,10,14,18,22,26,195,87.7880859375,0.190429687499993,0.190429687499993,0.190429687499993,0.190429687499993,283.5498046875,0.910778545016244,99.9812848847176,5,6,1,13,5.29645400888818e-13,1,2,1
P1/D3,706,6,10,22,18,14,26,6,10,14,18,22,26,195,87.7880859375,0.190429687499993,0.190429687499993,0.190429687499993,0.190429687499993,283.5498046875,0.910778545016244,99.9812848847176,5,6,1,13,5.29645400888818e-13,1,2,1
P1/D3,707,6,10,22,14,26,18,6,10,14,18,22,26,195,87.7880859375,0.190429687499993,0.190429687499993,0.190429687499993,0.190429687499993,283.5498046875,0.910778545016244,99.9812848847176,5,6,1,13,5.29645400888818e-13,1,2,1
P1/D3,708,6,10,22,14,18,26,6,10,14,18,22,26,195,87.7880859375,0.190429687499993,0.190429687499993,0.190429687499993,0.190429687499993,283.5498046875,0.910778545016244,99.9812848847176,5,6,1,13,5.29645400888818e-13,1,2,1
P1/D3,709,6,10,18,26,22,14,6,10,14,18,22,26,195,87.7880859375,0.190429687499993,0.190429687499993,0.190429687499993,0.190429687499993,283.5498046875,0.910778545016244,99.9812848847176,5,6,1,13,5.29645400888818e-13,1,2,1
P1/D3,710,6,10,18,26,14,22,6,10,14,18,22,26,195,87.7880859375,0.190429687499993,0.190429687499993,0.190429687499993,0.190429687499993,283.5498046875,0.910778545016244,99.9812848847176,5,6,1,13,5.29645400888818e-13,1,2,1
P1/D3,711,6,10,18,22,26,14,6,10,14,18,22,26,195,87.7880859375,0.190429687499993,0.190429687499993,0.190429687499993,0.190429687499993,283.5498046875,0.910778545016244,99.9812848847176,5,6,1,13,5.29645400888818e-13,1,2,1
P1/D3,712,6,10,18,22,14,26,6,10,14,18,22,26,195,87.7880859375,0.190429687499993,0.190429687499993,0.190429687499993,0.190429687499993,283.5498046875,0.910778545016244,99.9812848847176,5,6,1,13,5.29645400888818e-13,1,2,1
P1/D3,713,6,10,18,14,26,22,6,10,14,18,22,26,195,87.7880859375,0.190429687499993,0.190429687499993,0.190429687499993,0.190429687499993,283.5498046875,0.910778545016244,99.9812848847176,5,6,1,13,5.29645400888818e-13,1,2,1
P1/D3,714,6,10,18,14,22,26,6,10,14,18,22,26,195,87.7880859375,0.190429687499993,0.190429687499993,0.190429687499993,0.190429687499993,283.5498046875,0.910778545016244,99.9812848847176,5,6,1,13,5.29645400888818e-13,1,2,1
P1/D3,715,6,10,14,26,22,18,6,10,14,18,22,26,195,87.7880859375,0.190429687499993,0.190429687499993,0.190429687499993,0.190429687499993,283.5498046875,0.910778545016244,99.9812848847176,5,6,1,13,5.29645400888818e-13,1,2,1
P1/D3,716,6,10,14,26,18,22,6,10,14,18,22,26,195,87.7880859375,0.190429687499993,0.190429687499993,0.190429687499993,0.190429687499993,283.5498046875,0.910778545016244,99.9812848847176,5,6,1,13,5.29645400888818e-13,1,2,1
P1/D3,717,6,10,14,22,26,18,6,10,14,18,22,26,195,87.7880859375,0.190429687499993,0.190429687499993,0.190429687499993,0.190429687499993,283.5498046875,0.910778545016244,99.9812848847176,5,6,1,13,5.29645400888818e-13,1,2,1
P1/D3,718,6,10,14,22,18,26,6,10,14,18,22,26,195,87.7880859375,0.190429687499993,0.190429687499993,0.190429687499993,0.190429687499993,283.5498046875,0.910778545016244,99.9812848847176,5,6,1,13,5.29645400888818e-13,1,2,1
P1/D3,719,6,10,14,18,26,22,6,10,14,18,22,26,195,87.7880859375,0.190429687499993,0.190429687499993,0.190429687499993,0.190429687499993,283.5498046875,0.910778545016244,99.9812848847176,5,6,1,13,5.29645400888818e-13,1,2,1
P1/D3,720,6,10,14,18,22,26,6,10,14,18,22,26,195,87.7880859375,0.190429687499993,0.190429687499993,0.190429687499993,0.190429687499993,283.5498046875,0.910778545016244,99.9812848847176,5,6,1,13,5.29645400888818e-13,1,2,1
P1/D4,1,26,22,18,14,10,6,6,10,14,18,22,26,0.234375000000009,0.234375000000009,57.1875,240,240,240,777.65625,0.919968672656095,99.9842131885885,5,6,1,13,1.71965381732308e-13,1,2,1
P1/D4,2,26,22,18,14,6,10,6,10,14,18,22,26,0.234375000000009,0.234375000000009,57.1875,240,240,240,777.65625,0.919968672656095,99.9842131885885,5,6,1,13,1.71965381732308e-13,1,2,1
P1/D4,3,26,22,18,10,14,6,6,10,14,18,22,26,0.234375000000009,59.296875,0.234375000000009,240,240,240,779.765625,0.918942939721564,99.9870908668892,5,6,1,13,1.96978134707325e-13,1,2,1
P1/D4,4,26,22,18,10,6,14,6,10,14,18,22,26,0.234375000000009,59.296875,0.234375000000009,240,240,240,779.765625,0.918942939721564,99.9870908668892,5,6,1,13,1.96978134707325e-13,1,2,1
P1/D4,5,26,22,18,6,14,10,6,10,14,18,22,26,66.328125,0.234375000000009,0.234375000000009,240,240,240,786.796875,0.917259154051402,99.9826533684977,5,6,1,13,2.49763822819047e-13,1,2,1
P1/D4,6,26,22,18,6,10,14,6,10,14,18,22,26,66.328125,0.234375000000009,0.234375000000009,240,240,240,786.796875,0.917259154051402,99.9826533684977,5,6,1,13,2.49763822819047e-13,1,2,1
P1/D4,7,26,22,14,18,10,6,6,10,14,18,22,26,0.234375000000009,0.234375000000009,240,61.171875,240,240,781.640625,0.915832812310982,99.9818872630441,5,6,1,13,2.39729469035204e-13,1,2,1
P1/D4,8,26,22,14,18,6,10,6,10,14,18,22,26,0.234375000000009,0.234375000000009,240,61.171875,240,240,781.640625,0.915832812310982,99.9818872630441,5,6,1,13,2.39729469035204e-13,1,2,1
P1/D4,9,26,22,14,10,18,6,6,10,14,18,22,26,0.234375000000009,65.625,240,0.234375000000009,240,240,786.09375,0.913273181669014,99.9811643947879,5,6,1,13,3.28296668013681e-13,1,2,1
P1/D4,10,26,22,14,10,6,18,6,10,14,18,22,26,0.234375000000009,65.625,240,0.234375000000009,240,240,786.09375,0.913273181669014,99.9811643947879,5,6,1,13,3.28296668013681e-13,1,2,1
P1/D4,11,26,22,14,6,18,10,6,10,14,18,22,26,73.125,0.234375000000009,240,0.234375000000009,240,240,793.59375,0.911390516854837,99.9843332552678,5,6,1,13,4.21017273658158e-13,1,2,1
P1/D4,12,26,22,14,6,10,18,6,10,14,18,22,26,73.125,0.234375000000009,240,0.234375000000009,240,240,793.59375,0.911390516854837,99.9843332552678,5,6,1,13,4.21017273658158e-13,1,2,1
P1/D4,13,26,22,10,18,14,6,6,10,14,18,22,26,0.234375000000009,240,0.234375000000009,71.015625,240,240,791.484375,0.911905795505765,99.9829602272892,5,6,1,13,4.29873107978738e-13,1,2,1
P1/D4,14,26,22,10,18,6,14,6,10,14,18,22,26,0.234375000000009,240,0.234375000000009,71.015625,240,240,791.484375,0.911905795505765,99.9829602272892,5,6,1,13,4.29873107978738e-13,1,2,1
P1/D4,15,26,22,10,14,18,6,6,10,14,18,22,26,0.234375000000009,240,73.359375,0.234375000000009,240,240,793.828125,0.910247995300873,99.9805630812241,5,6,1,13,5.14037145717746e-13,1,2,1
P1/D4,16,26,22,10,14,6,18,6,10,14,18,22,26,0.234375000000009,240,73.359375,0.234375000000009,240,240,793.828125,0.910247995300873,99.9805630812241,5,6,1,13,5.14037145717746e-13,1,2,1
P1/D4,17,26,22,10,6,18,14,6,10,14,18,22,26,86.25,240,0.234375000000009,0.234375000000009,240,240,806.71875,0.906679347633917,99.9837712328302,5,6,1,13,8.4356928433407e-13,1,2,1
P1/D4,18,26,22,10,6,14,18,6,10,14,18,22,26,86.25,240,0.234375000000009,0.234375000000009,240,240,806.71875,0.906679347633917,99.9837712328302,5,6,1,13,8.4356928433407e-13,1,2,1
P1/D4,19,26,22,6,18,14,10,6,10,14,18,22,26,240,0.234375000000009,0.234375000000009,95.625,240,240,816.09375,0.906770161559392,99.9833905479112,5,6,1,13,8.59036502404611e-13,1,2,1
P1/D4,20,26,22,6,18,10,14,6,10,14,18,22,26,240,0.234375000000009,0.234375000000009,95.625,240,240,816.09375,0.906770161559392,99.9833905479112,5,6,1,13,8.59036502404611e-13,1,2,1
P1/D4,21,26,22,6,14,18,10,6,10,14,18,22,26,240,0.234375000000009,98.671875,0.234375000000009,240,240,819.140625,0.904521227592043,99.9812390198833,5,6,1,14,1.26920418212417e-13,1,2,1
P1/D4,22,26,22,6,14,10,18,6,10,14,18,22,26,240,0.234375000000009,98.671875,0.234375000000009,240,240,819.140625,0.904521227592043,99.9812390198833,5,6,1,14,1.26920418212417e-13,1,2,1
P1/D4,23,26,22,6,10,18,14,6,10,14,18,22,26,240,103.828125,0.234375000000009,0.234375000000009,240,240,824.296875,0.902704377816295,99.9845375758196,5,6,1,14,1.69982488061976e-13,1,2,1
P1/D4,24,26,22,6,10,14,18,6,10,14,18,22,26,240,103.828125,0.234375000000009,0.234375000000009,240,240,824.296875,0.902704377816295,99.9845375758196,5,6,1,14,1.69982488061976e-13,1,2,1
P1/D4,25,26,18,22,14,10,6,6,10,14,18,22,26,0.234375000000009,0.234375000000009,57.1875,240,240,240,777.65625,0.919968672656095,99.9842131885885,5,6,1,13,1.71965381732308e-13,1,2,1
P1/D4,26,26,18,22,14,6,10,6,10,14,18,22,26,0.234375000000009,0.234375000000009,57.1875,240,240,240,777.65625,0.919968672656095,99.9842131885885,5,6,1,13,1.71965381732308e-13,1,2,1
P1/D4,27,26,18,22,10,14,6,6,10,14,18,22,26,0.234375000000009,59.296875,0.234375000000009,240,240,240,779.765625,0.918942939721564,99.9870908668892,5,6,1,13,1.96978134707325e-13,1,2,1
P1/D4,28,26,18,22,10,6,14,6,10,14,18,22,26,0.234375000000009,59.296875,0.234375000000009,240,240,240,779.765625,0.918942939721564,99.9870908668892,5,6,1,13,1.96978134707325e-13,1,2,1
P1/D4,29,26,18,22,6,14,10,6,10,14,18,22,26,66.328125,0.234375000000009,0.234375000000009,240,240,240,786.796875,0.917259154051402,99.9826533684977,5,6,1,13,2.49763822819047e-13,1,2,1
P1/D4,30,26,18,22,6,10,14,6,10,14,18,22,26,66.328125,0.234375000000009,0.234375000000009,240,240,240,786.796875,0.917259154051402,99.9826533684977,5,6,1,13,2.49763822819047e-13,1,2,1
P1/D4,31,26,18,14,22,10,6,6,10,14,18,22,26,0.234375000000009,0.234375000000009,57.1875,240,0.234375000000009,240,537.890625,0.919813969836203,99.9860120247329,5,6,1,13,1.72644214012715e-13,1,2,1
P1/D4,32,26,18,14,22,6,10,6,10,14,18,22,26,0.234375000000009,0.234375000000009,57.1875,240,0.234375000000009,240,537.890625,0.919813969836203,99.9860120247329,5,6,1,13,1.72644214012715e-13,1,2,1
P1/D4,33,26,18,14,10,22,6,6,10,14,18,22,26,0.234375000000009,0.234375000000009,57.1875,240,0.234375000000009,240,537.890625,0.919813969836203,99.9860120247329,5,6,1,13,1.72644214012715e-13,1,2,1
P1/D4,34,26,18,14,10,6,22,6,10,14,18,22,26,0.234375000000009,0.234375000000009,57.1875,240,0.234375000000009,240,537.890625,0.919813969836203,99.9860120247329,5,6,1,13,1.72644214012715e-13,1,2,1
P1/D4,35,26,18,14,6,22,10,6,10,14,18,22,26,0.234375000000009,0.234375000000009,57.1875,240,0.234375000000009,240,537.890625,0.919813969836203,99.9860120247329,5,6,1,13,1.72644214012715e-13,1,2,1
P1/D4,36,26,18,14,6,10,22,6,10,14,18,22,26,0.234375000000009,0.234375000000009,57.1875,240,0.234375000000009,240,537.890625,0.919813969836203,99.9860120247329,5,6,1,13,1.72644214012715e-13,1,2,1
P1/D4,37,26,18,10,22,14,6,6,10,14,18,22,26,0.234375000000009,59.53125,0.234375000000009,240,0.234375000000009,240,540.234375,0.918798774611993,99.9824663219754,5,6,1,13,1.98100148815673e-13,1,2,1
P1/D4,38,26,18,10,22,6,14,6,10,14,18,22,26,0.234375000000009,59.53125,0.234375000000009,240,0.234375000000009,240,540.234375,0.918798774611993,99.9824663219754,5,6,1,13,1.98100148815673e-13,1,2,1
P1/D4,39,26,18,10,14,22,6,6,10,14,18,22,26,0.234375000000009,59.53125,0.234375000000009,240,0.234375000000009,240,540.234375,0.918798774611993,99.9824663219754,5,6,1,13,1.98100148815673e-13,1,2,1
P1/D4,40,26,18,10,14,6,22,6,10,14,18,22,26,0.234375000000009,59.53125,0.234375000000009,240,0.234375000000009,240,540.234375,0.918798774611993,99.9824663219754,5,6,1,13,1.98100148815673e-13,1,2,1
P1/D4,41,26,18,10,6,22,14,6,10,14,18,22,26,0.234375000000009,59.53125,0.234375000000009,240,0.234375000000009,240,540.234375,0.918798774611993,99.9824663219754,5,6,1,13,1.98100148815673e-13,1,2,1
P1/D4,42,26,18,10,6,14,22,6,10,14,18,22,26,0.234375000000009,59.53125,0.234375000000009,240,0.234375000000009,240,540.234375,0.918798774611993,99.9824663219754,5,6,1,13,1.98100148815673e-13,1,2,1
P1/D4,43,26,18,6,22,14,10,6,10,14,18,22,26,66.328125,0.234375000000009,0.234375000000009,240,0.234375000000009,240,547.03125,0.917103883306408,99.9845308319314,5,6,1,13,2.51226441956706e-13,1,2,1
P1/D4,44,26,18,6,22,10,14,6,10,14,18,22,26,66.328125,0.234375000000009,0.234375000000009,240,0.234375000000009,240,547.03125,0.917103883306408,99.9845308319314,5,6,1,13,2.51226441956706e-13,1,2,1
P1/D4,45,26,18,6,14,22,10,6,10,14,18,22,26,66.328125,0.234375000000009,0.234375000000009,240,0.234375000000009,240,547.03125,0.917103883306408,99.9845308319314,5,6,1,13,2.51226441956706e-13,1,2,1
P1/D4,46,26,18,6,14,10,22,6,10,14,18,22,26,66.328125,0.234375000000009,0.234375000000009,240,0.234375000000009,240,547.03125,0.917103883306408,99.9845308319314,5,6,1,13,2.51226441956706e-13,1,2,1
P1/D4,47,26,18,6,10,22,14,6,10,14,18,22,26,66.328125,0.234375000000009,0.234375000000009,240,0.234375000000009,240,547.03125,0.917103883306408,99.9845308319314,5,6,1,13,2.51226441956706e-13,1,2,1
P1/D4,48,26,18,6,10,14,22,6,10,14,18,22,26,66.328125,0.234375000000009,0.234375000000009,240,0.234375000000009,240,547.03125,0.917103883306408,99.9845308319314,5,6,1,13,2.51226441956706e-13,1,2,1
P1/D4,49,26,14,22,18,10,6,6,10,14,18,22,26,0.234375000000009,0.234375000000009,240,61.171875,240,240,781.640625,0.915832812310982,99.9818872630441,5,6,1,13,2.39729469035204e-13,1,2,1
P1/D4,50,26,14,22,18,6,10,6,10,14,18,22,26,0.234375000000009,0.234375000000009,240,61.171875,240,240,781.640625,0.915832812310982,99.9818872630441,5,6,1,13,2.39729469035204e-13,1,2,1
P1/D4,51,26,14,22,10,18,6,6,10,14,18,22,26,0.234375000000009,65.625,240,0.234375000000009,240,240,786.09375,0.913273181669014,99.9811643947879,5,6,1,13,3.28296668013681e-13,1,2,1
P1/D4,52,26,14,22,10,6,18,6,10,14,18,22,26,0.234375000000009,65.625,240,0.234375000000009,240,240,786.09375,0.913273181669014,99.9811643947879,5,6,1,13,3.28296668013681e-13,1,2,1
P1/D4,53,26,14,22,6,18,10,6,10,14,18,22,26,73.125,0.234375000000009,240,0.234375000000009,240,240,793.59375,0.911390516854837,99.9843332552678,5,6,1,13,4.21017273658158e-13,1,2,1
P1/D4,54,26,14,22,6,10,18,6,10,14,18,22,26,73.125,0.234375000000009,240,0.234375000000009,240,240,793.59375,0.911390516854837,99.9843332552678,5,6,1,13,4.21017273658158e-13,1,2,1
P1/D4,55,26,14,18,22,10,6,6,10,14,18,22,26,0.234375000000009,0.234375000000009,240,61.171875,0.234375000000009,240,541.875,0.915677304102692,99.9837235931415,5,6,1,13,2.41198406308078e-13,1,2,1
P1/D4,56,26,14,18,22,6,10,6,10,14,18,22,26,0.234375000000009,0.234375000000009,240,61.171875,0.234375000000009,240,541.875,0.915677304102692,99.9837235931415,5,6,1,13,2.41198406308078e-13,1,2,1
P1/D4,57,26,14,18,10,22,6,6,10,14,18,22,26,0.234375000000009,0.234375000000009,240,61.171875,0.234375000000009,240,541.875,0.915677304102692,99.9837235931415,5,6,1,13,2.41198406308078e-13,1,2,1
P1/D4,58,26,14,18,10,6,22,6,10,14,18,22,26,0.234375000000009,0.234375000000009,240,61.171875,0.234375000000009,240,541.875,0.915677304102692,99.9837235931415,5,6,1,13,2.41198406308078e-13,1,2,1
P1/D4,59,26,14,18,6,22,10,6,10,14,18,22,26,0.234375000000009,0.234375000000009,240,61.171875,0.234375000000009,240,541.875,0.915677304102692,99.9837235931415,5,6,1,13,2.41198406308078e-13,1,2,1
P1/D4,60,26,14,18,6,10,22,6,10,14,18,22,26,0.234375000000009,0.234375000000009,240,61.171875,0.234375000000009,240,541.875,0.915677304102692,99.9837235931415,5,6,1,13,2.41198406308078e-13,1,2,1
P1/D4,61,26,14,10,22,18,6,6,10,14,18,22,26,0.234375000000009,65.625,240,0.234375000000009,0.234375000000009,240,546.328125,0.913117134878746,99.9830429050422,5,6,1,13,3.29890535362055e-13,1,2,1
P1/D4,62,26,14,10,22,6,18,6,10,14,18,22,26,0.234375000000009,65.625,240,0.234375000000009,0.234375000000009,240,546.328125,0.913117134878746,99.9830429050422,5,6,1,13,3.29890535362055e-13,1,2,1
P1/D4,63,26,14,10,18,22,6,6,10,14,18,22,26,0.234375000000009,65.625,240,0.234375000000009,0.234375000000009,240,546.328125,0.913117134878746,99.9830429050422,5,6,1,13,3.29890535362055e-13,1,2,1
P1/D4,64,26,14,10,18,6,22,6,10,14,18,22,26,0.234375000000009,65.625,240,0.234375000000009,0.234375000000009,240,546.328125,0.913117134878746,99.9830429050422,5,6,1,13,3.29890535362055e-13,1,2,1
P1/D4,65,26,14,10,6,22,18,6,10,14,18,22,26,0.234375000000009,65.625,240,0.234375000000009,0.234375000000009,240,546.328125,0.913117134878746,99.9830429050422,5,6,1,13,3.29890535362055e-13,1,2,1
P1/D4,66,26,14,10,6,18,22,6,10,14,18,22,26,0.234375000000009,65.625,240,0.234375000000009,0.234375000000009,240,546.328125,0.913117134878746,99.9830429050422,5,6,1,13,3.29890535362055e-13,1,2,1
P1/D4,67,26,14,6,22,18,10,6,10,14,18,22,26,73.125,0.234375000000009,240,0.234375000000009,0.234375000000009,240,553.828125,0.911234069250467,99.9862769970911,5,6,1,13,4.23181224799466e-13,1,2,1
P1/D4,68,26,14,6,22,10,18,6,10,14,18,22,26,73.125,0.234375000000009,240,0.234375000000009,0.234375000000009,240,553.828125,0.911234069250467,99.9862769970911,5,6,1,13,4.23181224799466e-13,1,2,1
P1/D4,69,26,14,6,18,22,10,6,10,14,18,22,26,73.125,0.234375000000009,240,0.234375000000009,0.234375000000009,240,553.828125,0.911234069250467,99.9862769970911,5,6,1,13,4.23181224799466e-13,1,2,1
P1/D4,70,26,14,6,18,10,22,6,10,14,18,22,26,73.125,0.234375000000009,240,0.234375000000009,0.234375000000009,240,553.828125,0.911234069250467,99.9862769970911,5,6,1,13,4.23181224799466e-13,1,2,1
P1/D4,71,26,14,6,10,22,18,6,10,14,18,22,26,73.125,0.234375000000009,240,0.234375000000009,0.234375000000009,240,553.828125,0.911234069250467,99.9862769970911,5,6,1,13,4.23181224799466e-13,1,2,1
P1/D4,72,26,14,6,10,18,22,6,10,14,18,22,26,73.125,0.234375000000009,240,0.234375000000009,0.234375000000009,240,553.828125,0.911234069250467,99.9862769970911,5,6,1,13,4.23181224799466e-13,1,2,1
P1/D4,73,26,10,22,18,14,6,6,10,14,18,22,26,0.234375000000009,240,0.234375000000009,71.015625,240,240,791.484375,0.911905795505765,99.9829602272892,5,6,1,13,4.29873107978738e-13,1,2,1
P1/D4,74,26,10,22,18,6,14,6,10,14,18,22,26,0.234375000000009,240,0.234375000000009,71.015625,240,240,791.484375,0.911905795505765,99.9829602272892,5,6,1,13,4.29873107978738e-13,1,2,1
P1/D4,75,26,10,22,14,18,6,6,10,14,18,22,26,0.234375000000009,240,73.359375,0.234375000000009,240,240,793.828125,0.910247995300873,99.9805630812241,5,6,1,13,5.14037145717746e-13,1,2,1
P1/D4,76,26,10,22,14,6,18,6,10,14,18,22,26,0.234375000000009,240,73.359375,0.234375000000009,240,240,793.828125,0.910247995300873,99.9805630812241,5,6,1,13,5.14037145717746e-13,1,2,1
P1/D4,77,26,10,22,6,18,14,6,10,14,18,22,26,86.25,240,0.234375000000009,0.234375000000009,240,240,806.71875,0.906679347633917,99.9837712328302,5,6,1,13,8.4356928433407e-13,1,2,1
P1/D4,78,26,10,22,6,14,18,6,10,14,18,22,26,86.25,240,0.234375000000009,0.234375000000009,240,240,806.71875,0.906679347633917,99.9837712328302,5,6,1,13,8.4356928433407e-13,1,2,1
P1/D4,79,26,10,18,22,14,6,6,10,14,18,22,26,0.234375000000009,240,0.234375000000009,71.015625,0.234375000000009,240,551.71875,0.911749427433241,99.9848891658408,5,6,1,13,4.32586187354611e-13,1,2,1
P1/D4,80,26,10,18,22,6,14,6,10,14,18,22,26,0.234375000000009,240,0.234375000000009,71.015625,0.234375000000009,240,551.71875,0.911749427433241,99.9848891658408,5,6,1,13,4.32586187354611e-13,1,2,1
P1/D4,81,26,10,18,14,22,6,6,10,14,18,22,26,0.234375000000009,240,0.234375000000009,71.015625,0.234375000000009,240,551.71875,0.911749427433241,99.9848891658408,5,6,1,13,4.32586187354611e-13,1,2,1
P1/D4,82,26,10,18,14,6,22,6,10,14,18,22,26,0.234375000000009,240,0.234375000000009,71.015625,0.234375000000009,240,551.71875,0.911749427433241,99.9848891658408,5,6,1,13,4.32586187354611e-13,1,2,1
P1/D4,83,26,10,18,6,22,14,6,10,14,18,22,26,0.234375000000009,240,0.234375000000009,71.015625,0.234375000000009,240,551.71875,0.911749427433241,99.9848891658408,5,6,1,13,4.32586187354611e-13,1,2,1
P1/D4,84,26,10,18,6,14,22,6,10,14,18,22,26,0.234375000000009,240,0.234375000000009,71.015625,0.234375000000009,240,551.71875,0.911749427433241,99.9848891658408,5,6,1,13,4.32586187354611e-13,1,2,1
P1/D4,85,26,10,14,22,18,6,6,10,14,18,22,26,0.234375000000009,240,73.359375,0.234375000000009,0.234375000000009,240,554.0625,0.910091278330912,99.9825142710628,5,6,1,13,5.16658121015637e-13,1,2,1
P1/D4,86,26,10,14,22,6,18,6,10,14,18,22,26,0.234375000000009,240,73.359375,0.234375000000009,0.234375000000009,240,554.0625,0.910091278330912,99.9825142710628,5,6,1,13,5.16658121015637e-13,1,2,1
P1/D4,87,26,10,14,18,22,6,6,10,14,18,22,26,0.234375000000009,240,73.359375,0.234375000000009,0.234375000000009,240,554.0625,0.910091278330912,99.9825142710628,5,6,1,13,5.16658121015637e-13,1,2,1
P1/D4,88,26,10,14,18,6,22,6,10,14,18,22,26,0.234375000000009,240,73.359375,0.234375000000009,0.234375000000009,240,554.0625,0.910091278330912,99.9825142710628,5,6,1,13,5.16658121015637e-13,1,2,1
P1/D4,89,26,10,14,6,22,18,6,10,14,18,22,26,0.234375000000009,240,73.359375,0.234375000000009,0.234375000000009,240,554.0625,0.910091278330912,99.9825142710628,5,6,1,13,5.16658121015637e-13,1,2,1
P1/D4,90,26,10,14,6,18,22,6,10,14,18,22,26,0.234375000000009,240,73.359375,0.234375000000009,0.234375000000009,240,554.0625,0.910091278330912,99.9825142710628,5,6,1,13,5.16658121015637e-13,1,2,1
P1/D4,91,26,10,6,22,18,14,6,10,14,18,22,26,86.25,240,0.234375000000009,0.234375000000009,0.234375000000009,240,566.953125,0.906521839400031,99.985838599311,5,6,1,13,8.48128504116733e-13,1,2,1
P1/D4,92,26,10,6,22,14,18,6,10,14,18,22,26,86.25,240,0.234375000000009,0.234375000000009,0.234375000000009,240,566.953125,0.906521839400031,99.985838599311,5,6,1,13,8.48128504116733e-13,1,2,1
P1/D4,93,26,10,6,18,22,14,6,10,14,18,22,26,86.25,240,0.234375000000009,0.234375000000009,0.234375000000009,240,566.953125,0.906521839400031,99.985838599311,5,6,1,13,8.48128504116733e-13,1,2,1
P1/D4,94,26,10,6,18,14,22,6,10,14,18,22,26,86.25,240,0.234375000000009,0.234375000000009,0.234375000000009,240,566.953125,0.906521839400031,99.985838599311,5,6,1,13,8.48128504116733e-13,1,2,1
P1/D4,95,26,10,6,14,22,18,6,10,14,18,22,26,86.25,240,0.234375000000009,0.234375000000009,0.234375000000009,240,566.953125,0.906521839400031,99.985838599311,5,6,1,13,8.48128504116733e-13,1,2,1
P1/D4,96,26,10,6,14,18,22,6,10,14,18,22,26,86.25,240,0.234375000000009,0.234375000000009,0.234375000000009,240,566.953125,0.906521839400031,99.985838599311,5,6,1,13,8.48128504116733e-13,1,2,1
P1/D4,97,26,6,22,18,14,10,6,10,14,18,22,26,240,0.234375000000009,0.234375000000009,95.625,240,240,816.09375,0.906770161559392,99.9833905479112,5,6,1,13,8.59036502404611e-13,1,2,1
P1/D4,98,26,6,22,18,10,14,6,10,14,18,22,26,240,0.234375000000009,0.234375000000009,95.625,240,240,816.09375,0.906770161559392,99.9833905479112,5,6,1,13,8.59036502404611e-13,1,2,1
P1/D4,99,26,6,22,14,18,10,6,10,14,18,22,26,240,0.234375000000009,98.671875,0.234375000000009,240,240,819.140625,0.904521227592043,99.9812390198833,5,6,1,14,1.26920418212417e-13,1,2,1
P1/D4,100,26,6,22,14,10,18,6,10,14,18,22,26,240,0.234375000000009,98.671875,0.234375000000009,240,240,819.140625,0.904521227592043,99.9812390198833,5,6,1,14,1.26920418212417e-13,1,2,1
P1/D4,101,26,6,22,10,18,14,6,10,14,18,22,26,240,103.828125,0.234375000000009,0.234375000000009,240,240,824.296875,0.902704377816295,99.9845375758196,5,6,1,14,1.69982488061976e-13,1,2,1
P1/D4,102,26,6,22,10,14,18,6,10,14,18,22,26,240,103.828125,0.234375000000009,0.234375000000009,240,240,824.296875,0.902704377816295,99.9845375758196,5,6,1,14,1.69982488061976e-13,1,2,1
P1/D4,103,26,6,18,22,14,10,6,10,14,18,22,26,240,0.234375000000009,0.234375000000009,95.625,0.234375000000009,240,576.328125,0.906612675118072,99.9855299862035,5,6,1,13,8.63702342010357e-13,1,2,1
P1/D4,104,26,6,18,22,10,14,6,10,14,18,22,26,240,0.234375000000009,0.234375000000009,95.625,0.234375000000009,240,576.328125,0.906612675118072,99.9855299862035,5,6,1,13,8.63702342010357e-13,1,2,1
P1/D4,105,26,6,18,14,22,10,6,10,14,18,22,26,240,0.234375000000009,0.234375000000009,95.625,0.234375000000009,240,576.328125,0.906612675118072,99.9855299862035,5,6,1,13,8.63702342010357e-13,1,2,1
P1/D4,106,26,6,18,14,10,22,6,10,14,18,22,26,240,0.234375000000009,0.234375000000009,95.625,0.234375000000009,240,576.328125,0.906612675118072,99.9855299862035,5,6,1,13,8.63702342010357e-13,1,2,1
P1/D4,107,26,6,18,10,22,14,6,10,14,18,22,26,240,0.234375000000009,0.234375000000009,95.625,0.234375000000009,240,576.328125,0.906612675118072,99.9855299862035,5,6,1,13,8.63702342010357e-13,1,2,1
P1/D4,108,26,6,18,10,14,22,6,10,14,18,22,26,240,0.234375000000009,0.234375000000009,95.625,0.234375000000009,240,576.328125,0.906612675118072,99.9855299862035,5,6,1,13,8.63702342010357e-13,1,2,1
P1/D4,109,26,6,14,22,18,10,6,10,14,18,22,26,240,0.234375000000009,98.671875,0.234375000000009,0.234375000000009,240,579.375,0.904363263005241,99.9834085285035,5,6,1,14,1.28134577961014e-13,1,2,1
P1/D4,110,26,6,14,22,10,18,6,10,14,18,22,26,240,0.234375000000009,98.671875,0.234375000000009,0.234375000000009,240,579.375,0.904363263005241,99.9834085285035,5,6,1,14,1.28134577961014e-13,1,2,1
P1/D4,111,26,6,14,18,22,10,6,10,14,18,22,26,240,0.234375000000009,98.671875,0.234375000000009,0.234375000000009,240,579.375,0.904363263005241,99.9834085285035,5,6,1,14,1.28134577961014e-13,1,2,1
P1/D4,112,26,6,14,18,10,22,6,10,14,18,22,26,240,0.234375000000009,98.671875,0.234375000000009,0.234375000000009,240,579.375,0.904363263005241,99.9834085285035,5,6,1,14,1.28134577961014e-13,1,2,1
P1/D4,113,26,6,14,10,22,18,6,10,14,18,22,26,240,0.234375000000009,98.671875,0.234375000000009,0.234375000000009,240,579.375,0.904363263005241,99.9834085285035,5,6,1,14,1.28134577961014e-13,1,2,1
P1/D4,114,26,6,14,10,18,22,6,10,14,18,22,26,240,0.234375000000009,98.671875,0.234375000000009,0.234375000000009,240,579.375,0.904363263005241,99.9834085285035,5,6,1,14,1.28134577961014e-13,1,2,1
P1/D4,115,26,6,10,22,18,14,6,10,14,18,22,26,240,104.0625,0.234375000000009,0.234375000000009,0.234375000000009,240,584.765625,0.902557121600386,99.9802041523912,5,6,1,14,1.7086256954847e-13,1,2,1
P1/D4,116,26,6,10,22,14,18,6,10,14,18,22,26,240,104.0625,0.234375000000009,0.234375000000009,0.234375000000009,240,584.765625,0.902557121600386,99.9802041523912,5,6,1,14,1.7086256954847e-13,1,2,1
P1/D4,117,26,6,10,18,22,14,6,10,14,18,22,26,240,104.0625,0.234375000000009,0.234375000000009,0.234375000000009,240,584.765625,0.902557121600386,99.9802041523912,5,6,1,14,1.7086256954847e-13,1,2,1
P1/D4,118,26,6,10,18,14,22,6,10,14,18,22,26,240,104.0625,0.234375000000009,0.234375000000009,0.234375000000009,240,584.765625,0.902557121600386,99.9802041523912,5,6,1,14,1.7086256954847e-13,1,2,1
P1/D4,119,26,6,10,14,22,18,6,10,14,18,22,26,240,104.0625,0.234375000000009,0.234375000000009,0.234375000000009,240,584.765625,0.902557121600386,99.9802041523912,5,6,1,14,1.7086256954847e-13,1,2,1
P1/D4,120,26,6,10,14,18,22,6,10,14,18,22,26,240,104.0625,0.234375000000009,0.234375000000009,0.234375000000009,240,584.765625,0.902557121600386,99.9802041523912,5,6,1,14,1.7086256954847e-13,1,2,1
P1/D4,121,22,26,18,14,10,6,6,10,14,18,22,26,0.234375000000009,0.234375000000009,57.1875,240,240,240,777.65625,0.919968672656095,99.9842131885885,5,6,1,13,1.71965381732308e-13,1,2,1
P1/D4,122,22,26,18,14,6,10,6,10,14,18,22,26,0.234375000000009,0.234375000000009,57.1875,240,240,240,777.65625,0.919968672656095,99.9842131885885,5,6,1,13,1.71965381732308e-13,1,2,1
P1/D4,123,22,26,18,10,14,6,6,10,14,18,22,26,0.234375000000009,59.296875,0.234375000000009,240,240,240,779.765625,0.918942939721564,99.9870908668892,5,6,1,13,1.96978134707325e-13,1,2,1
P1/D4,124,22,26,18,10,6,14,6,10,14,18,22,26,0.234375000000009,59.296875,0.234375000000009,240,240,240,779.765625,0.918942939721564,99.9870908668892,5,6,1,13,1.96978134707325e-13,1,2,1
P1/D4,125,22,26,18,6,14,10,6,10,14,18,22,26,66.328125,0.234375000000009,0.234375000000009,240,240,240,786.796875,0.917259154051402,99.9826533684977,5,6,1,13,2.49763822819047e-13,1,2,1
P1/D4,126,22,26,18,6,10,14,6,10,14,18,22,26,66.328125,0.234375000000009,0.234375000000009,240,240,240,786.796875,0.917259154051402,99.9826533684977,5,6,1,13,2.49763822819047e-13,1,2,1
P1/D4,127,22,26,14,18,10,6,6,10,14,18,22,26,0.234375000000009,0.234375000000009,240,61.171875,240,240,781.640625,0.915832812310982,99.9818872630441,5,6,1,13,2.39729469035204e-13,1,2,1
P1/D4,128,22,26,14,18,6,10,6,10,14,18,22,26,0.234375000000009,0.234375000000009,240,61.171875,240,240,781.640625,0.915832812310982,99.9818872630441,5,6,1,13,2.39729469035204e-13,1,2,1
P1/D4,129,22,26,14,10,18,6,6,10,14,18,22,26,0.234375000000009,65.625,240,0.234375000000009,240,240,786.09375,0.913273181669014,99.9811643947879,5,6,1,13,3.28296668013681e-13,1,2,1
P1/D4,130,22,26,14,10,6,18,6,10,14,18,22,26,0.234375000000009,65.625,240,0.234375000000009,240,240,786.09375,0.913273181669014,99.9811643947879,5,6,1,13,3.28296668013681e-13,1,2,1
P1/D4,131,22,26,14,6,18,10,6,10,14,18,22,26,73.125,0.234375000000009,240,0.234375000000009,240,240,793.59375,0.911390516854837,99.9843332552678,5,6,1,13,4.21017273658158e-13,1,2,1
P1/D4,132,22,26,14,6,10,18,6,10,14,18,22,26,73.125,0.234375000000009,240,0.234375000000009,240,240,793.59375,0.911390516854837,99.9843332552678,5,6,1,13,4.21017273658158e-13,1,2,1
P1/D4,133,22,26,10,18,14,6,6,10,14,18,22,26,0.234375000000009,240,0.234375000000009,71.015625,240,240,791.484375,0.911905795505765,99.9829602272892,5,6,1,13,4.29873107978738e-13,1,2,1
P1/D4,134,22,26,10,18,6,14,6,10,14,18,22,26,0.234375000000009,240,0.234375000000009,71.015625,240,240,791.484375,0.911905795505765,99.9829602272892,5,6,1,13,4.29873107978738e-13,1,2,1
P1/D4,135,22,26,10,14,18,6,6,10,14,18,22,26,0.234375000000009,240,73.359375,0.234375000000009,240,240,793.828125,0.910247995300873,99.9805630812241,5,6,1,13,5.14037145717746e-13,1,2,1
P1/D4,136,22,26,10,14,6,18,6,10,14,18,22,26,0.234375000000009,240,73.359375,0.234375000000009,240,240,793.828125,0.910247995300873,99.9805630812241,5,6,1,13,5.14037145717746e-13,1,2,1
P1/D4,137,22,26,10,6,18,14,6,10,14,18,22,26,86.25,240,0.234375000000009,0.234375000000009,240,240,806.71875,0.906679347633917,99.9837712328302,5,6,1,13,8.4356928433407e-13,1,2,1
P1/D4,138,22,26,10,6,14,18,6,10,14,18,22,26,86.25,240,0.234375000000009,0.234375000000009,240,240,806.71875,0.906679347633917,99.9837712328302,5,6,1,13,8.4356928433407e-13,1,2,1
P1/D4,139,22,26,6,18,14,10,6,10,14,18,22,26,240,0.234375000000009,0.234375000000009,95.625,240,240,816.09375,0.906770161559392,99.9833905479112,5,6,1,13,8.59036502404611e-13,1,2,1
P1/D4,140,22,26,6,18,10,14,6,10,14,18,22,26,240,0.234375000000009,0.234375000000009,95.625,240,240,816.09375,0.906770161559392,99.9833905479112,5,6,1,13,8.59036502404611e-13,1,2,1
P1/D4,141,22,26,6,14,18,10,6,10,14,18,22,26,240,0.234375000000009,98.671875,0.234375000000009,240,240,819.140625,0.904521227592043,99.9812390198833,5,6,1,14,1.26920418212417e-13,1,2,1
P1/D4,142,22,26,6,14,10,18,6,10,14,18,22,26,240,0.234375000000009,98.671875,0.234375000000009,240,240,819.140625,0.904521227592043,99.9812390198833,5,6,1,14,1.26920418212417e-13,1,2,1
P1/D4,143,22,26,6,10,18,14,6,10,14,18,22,26,240,103.828125,0.234375000000009,0.234375000000009,240,240,824.296875,0.902704377816295,99.9845375758196,5,6,1,14,1.69982488061976e-13,1,2,1
P1/D4,144,22,26,6,10,14,18,6,10,14,18,22,26,240,103.828125,0.234375000000009,0.234375000000009,240,240,824.296875,0.902704377816295,99.9845375758196,5,6,1,14,1.69982488061976e-13,1,2,1
P1/D4,145,22,18,26,14,10,6,6,10,14,18,22,26,0.234375000000009,0.234375000000009,57.1875,240,240,240,777.65625,0.919968672656095,99.9842131885885,5,6,1,13,1.71965381732308e-13,1,2,1
P1/D4,146,22,18,26,14,6,10,6,10,14,18,22,26,0.234375000000009,0.234375000000009,57.1875,240,240,240,777.65625,0.919968672656095,99.9842131885885,5,6,1,13,1.71965381732308e-13,1,2,1
P1/D4,147,22,18,26,10,14,6,6,10,14,18,22,26,0.234375000000009,59.296875,0.234375000000009,240,240,240,779.765625,0.918942939721564,99.9870908668892,5,6,1,13,1.96978134707325e-13,1,2,1
P1/D4,148,22,18,26,10,6,14,6,10,14,18,22,26,0.234375000000009,59.296875,0.234375000000009,240,240,240,779.765625,0.918942939721564,99.9870908668892,5,6,1,13,1.96978134707325e-13,1,2,1
P1/D4,149,22,18,26,6,14,10,6,10,14,18,22,26,66.328125,0.234375000000009,0.234375000000009,240,240,240,786.796875,0.917259154051402,99.9826533684977,5,6,1,13,2.49763822819047e-13,1,2,1
P1/D4,150,22,18,26,6,10,14,6,10,14,18,22,26,66.328125,0.234375000000009,0.234375000000009,240,240,240,786.796875,0.917259154051402,99.9826533684977,5,6,1,13,2.49763822819047e-13,1,2,1
P1/D4,151,22,18,14,26,10,6,6,10,14,18,22,26,0.234375000000009,0.234375000000009,240,240,240,32.8125,753.28125,0.928529679888708,99.9838283720658,5,6,1,12,5.98838719192908e-13,1,2,1
P1/D4,152,22,18,14,26,6,10,6,10,14,18,22,26,0.234375000000009,0.234375000000009,240,240,240,32.8125,753.28125,0.928529679888708,99.9838283720658,5,6,1,12,5.98838719192908e-13,1,2,1
P1/D4,153,22,18,14,10,26,6,6,10,14,18,22,26,0.234375000000009,30.234375,240,240,240,0.234375000000009,750.703125,0.929367048380124,99.9828147494157,5,6,1,12,5.41194073273609e-13,1,2,1
P1/D4,154,22,18,14,10,6,26,6,10,14,18,22,26,0.234375000000009,30.234375,240,240,240,0.234375000000009,750.703125,0.929367048380124,99.9828147494157,5,6,1,12,5.41194073273609e-13,1,2,1
P1/D4,155,22,18,14,6,26,10,6,10,14,18,22,26,32.8125,0.234375000000009,240,240,240,0.234375000000009,753.28125,0.928527585410262,99.987249621373,5,6,1,12,6.0039321729505e-13,1,2,1
P1/D4,156,22,18,14,6,10,26,6,10,14,18,22,26,32.8125,0.234375000000009,240,240,240,0.234375000000009,753.28125,0.928527585410262,99.987249621373,5,6,1,12,6.0039321729505e-13,1,2,1
P1/D4,157,22,18,10,26,14,6,6,10,14,18,22,26,0.234375000000009,240,0.234375000000009,240,240,41.484375,761.953125,0.924056855490562,99.9829397696213,5,6,1,13,9.99737791719787e-14,1,2,1
P1/D4,158,22,18,10,26,6,14,6,10,14,18,22,26,0.234375000000009,240,0.234375000000009,240,240,41.484375,761.953125,0.924056855490562,99.9829397696213,5,6,1,13,9.99737791719787e-14,1,2,1
P1/D4,159,22,18,10,14,26,6,6,10,14,18,22,26,0.234375000000009,240,36.5625,240,240,0.234375000000009,757.03125,0.925759785361085,99.9873091002755,5,6,1,12,8.20961379382762e-13,1,2,1
P1/D4,160,22,18,10,14,6,26,6,10,14,18,22,26,0.234375000000009,240,36.5625,240,240,0.234375000000009,757.03125,0.925759785361085,99.9873091002755,5,6,1,12,8.20961379382762e-13,1,2,1
P1/D4,161,22,18,10,6,26,14,6,10,14,18,22,26,41.484375,240,0.234375000000009,240,240,0.234375000000009,761.953125,0.924054197703581,99.9872564944672,5,6,1,13,1.0041823181875e-13,1,2,1
P1/D4,162,22,18,10,6,14,26,6,10,14,18,22,26,41.484375,240,0.234375000000009,240,240,0.234375000000009,761.953125,0.924054197703581,99.9872564944672,5,6,1,13,1.0041823181875e-13,1,2,1
P1/D4,163,22,18,6,26,14,10,6,10,14,18,22,26,240,0.234375000000009,0.234375000000009,240,240,67.03125,787.5,0.917260165633967,99.9813865444612,5,6,1,13,2.51658364207687e-13,1,2,1
P1/D4,164,22,18,6,26,10,14,6,10,14,18,22,26,240,0.234375000000009,0.234375000000009,240,240,67.03125,787.5,0.917260165633967,99.9813865444612,5,6,1,13,2.51658364207687e-13,1,2,1
P1/D4,165,22,18,6,14,26,10,6,10,14,18,22,26,240,0.234375000000009,57.890625,240,240,0.234375000000009,778.359375,0.92000042124424,99.9871698258084,5,6,1,13,1.72857234907038e-13,1,2,1
P1/D4,166,22,18,6,14,10,26,6,10,14,18,22,26,240,0.234375000000009,57.890625,240,240,0.234375000000009,778.359375,0.92000042124424,99.9871698258084,5,6,1,13,1.72857234907038e-13,1,2,1
P1/D4,167,22,18,6,10,26,14,6,10,14,18,22,26,240,60.234375,0.234375000000009,240,240,0.234375000000009,780.703125,0.918971683038095,99.9843238240765,5,6,1,13,1.98865161048102e-13,1,2,1
P1/D4,168,22,18,6,10,14,26,6,10,14,18,22,26,240,60.234375,0.234375000000009,240,240,0.234375000000009,780.703125,0.918971683038095,99.9843238240765,5,6,1,13,1.98865161048102e-13,1,2,1
P1/D4,169,22,14,26,18,10,6,6,10,14,18,22,26,0.234375000000009,0.234375000000009,240,61.171875,240,240,781.640625,0.915832812310982,99.9818872630441,5,6,1,13,2.39729469035204e-13,1,2,1
P1/D4,170,22,14,26,18,6,10,6,10,14,18,22,26,0.234375000000009,0.234375000000009,240,61.171875,240,240,781.640625,0.915832812310982,99.9818872630441,5,6,1,13,2.39729469035204e-13,1,2,1
P1/D4,171,22,14,26,10,18,6,6,10,14,18,22,26,0.234375000000009,65.625,240,0.234375000000009,240,240,786.09375,0.913273181669014,99.9811643947879,5,6,1,13,3.28296668013681e-13,1,2,1
P1/D4,172,22,14,26,10,6,18,6,10,14,18,22,26,0.234375000000009,65.625,240,0.234375000000009,240,240,786.09375,0.913273181669014,99.9811643947879,5,6,1,13,3.28296668013681e-13,1,2,1
P1/D4,173,22,14,26,6,18,10,6,10,14,18,22,26,73.125,0.234375000000009,240,0.234375000000009,240,240,793.59375,0.911390516854837,99.9843332552678,5,6,1,13,4.21017273658158e-13,1,2,1
P1/D4,174,22,14,26,6,10,18,6,10,14,18,22,26,73.125,0.234375000000009,240,0.234375000000009,240,240,793.59375,0.911390516854837,99.9843332552678,5,6,1,13,4.21017273658158e-13,1,2,1
P1/D4,175,22,14,18,26,10,6,6,10,14,18,22,26,0.234375000000009,0.234375000000009,240,240,240,32.8125,753.28125,0.928529679888708,99.9838283720658,5,6,1,12,5.98838719192908e-13,1,2,1
P1/D4,176,22,14,18,26,6,10,6,10,14,18,22,26,0.234375000000009,0.234375000000009,240,240,240,32.8125,753.28125,0.928529679888708,99.9838283720658,5,6,1,12,5.98838719192908e-13,1,2,1
P1/D4,177,22,14,18,10,26,6,6,10,14,18,22,26,0.234375000000009,30.234375,240,240,240,0.234375000000009,750.703125,0.929367048380124,99.9828147494157,5,6,1,12,5.41194073273609e-13,1,2,1
P1/D4,178,22,14,18,10,6,26,6,10,14,18,22,26,0.234375000000009,30.234375,240,240,240,0.234375000000009,750.703125,0.929367048380124,99.9828147494157,5,6,1,12,5.41194073273609e-13,1,2,1
P1/D4,179,22,14,18,6,26,10,6,10,14,18,22,26,32.8125,0.234375000000009,240,240,240,0.234375000000009,753.28125,0.928527585410262,99.987249621373,5,6,1,12,6.0039321729505e-13,1,2,1
P1/D4,180,22,14,18,6,10,26,6,10,14,18,22,26,32.8125,0.234375000000009,240,240,240,0.234375000000009,753.28125,0.928527585410262,99.987249621373,5,6,1,12,6.0039321729505e-13,1,2,1
P1/D4,181,22,14,10,26,18,6,6,10,14,18,22,26,0.234375000000009,240,240,0.234375000000009,240,48.046875,768.515625,0.918238553143212,99.9841223685446,5,6,1,13,1.74540025904277e-13,1,2,1
P1/D4,182,22,14,10,26,6,18,6,10,14,18,22,26,0.234375000000009,240,240,0.234375000000009,240,48.046875,768.515625,0.918238553143212,99.9841223685446,5,6,1,13,1.74540025904277e-13,1,2,1
P1/D4,183,22,14,10,18,26,6,6,10,14,18,22,26,0.234375000000009,240,240,41.015625,240,0.234375000000009,761.484375,0.921176330359458,99.9878890743305,5,6,1,13,1.20247693241957e-13,1,2,1
P1/D4,184,22,14,10,18,6,26,6,10,14,18,22,26,0.234375000000009,240,240,41.015625,240,0.234375000000009,761.484375,0.921176330359458,99.9878890743305,5,6,1,13,1.20247693241957e-13,1,2,1
P1/D4,185,22,14,10,6,26,18,6,10,14,18,22,26,48.28125,240,240,0.234375000000009,240,0.234375000000009,768.75,0.918239121317078,99.9833162694174,5,6,1,13,1.75317574455063e-13,1,2,1
P1/D4,186,22,14,10,6,18,26,6,10,14,18,22,26,48.28125,240,240,0.234375000000009,240,0.234375000000009,768.75,0.918239121317078,99.9833162694174,5,6,1,13,1.75317574455063e-13,1,2,1
P1/D4,187,22,14,6,26,18,10,6,10,14,18,22,26,240,0.234375000000009,240,0.234375000000009,240,73.828125,794.296875,0.911391962388632,99.982397648992,5,6,1,13,4.23478343265918e-13,1,2,1
P1/D4,188,22,14,6,26,10,18,6,10,14,18,22,26,240,0.234375000000009,240,0.234375000000009,240,73.828125,794.296875,0.911391962388632,99.982397648992,5,6,1,13,4.23478343265918e-13,1,2,1
P1/D4,189,22,14,6,18,26,10,6,10,14,18,22,26,240,0.234375000000009,240,61.875,240,0.234375000000009,782.34375,0.915882490946136,99.9842562645123,5,6,1,13,2.40839739830984e-13,1,2,1
P1/D4,190,22,14,6,18,10,26,6,10,14,18,22,26,240,0.234375000000009,240,61.875,240,0.234375000000009,782.34375,0.915882490946136,99.9842562645123,5,6,1,13,2.40839739830984e-13,1,2,1
P1/D4,191,22,14,6,10,26,18,6,10,14,18,22,26,240,66.328125,240,0.234375000000009,240,0.234375000000009,786.796875,0.913291301058682,99.9848487036183,5,6,1,13,3.30420022657801e-13,1,2,1
P1/D4,192,22,14,6,10,18,26,6,10,14,18,22,26,240,66.328125,240,0.234375000000009,240,0.234375000000009,786.796875,0.913291301058682,99.9848487036183,5,6,1,13,3.30420022657801e-13,1,2,1
P1/D4,193,22,10,26,18,14,6,6,10,14,18,22,26,0.234375000000009,240,0.234375000000009,71.015625,240,240,791.484375,0.911905795505765,99.9829602272892,5,6,1,13,4.29873107978738e-13,1,2,1
P1/D4,194,22,10,26,18,6,14,6,10,14,18,22,26,0.234375000000009,240,0.234375000000009,71.015625,240,240,791.484375,0.911905795505765,99.9829602272892,5,6,1,13,4.29873107978738e-13,1,2,1
P1/D4,195,22,10,26,14,18,6,6,10,14,18,22,26,0.234375000000009,240,73.359375,0.234375000000009,240,240,793.828125,0.910247995300873,99.9805630812241,5,6,1,13,5.14037145717746e-13,1,2,1
P1/D4,196,22,10,26,14,6,18,6,10,14,18,22,26,0.234375000000009,240,73.359375,0.234375000000009,240,240,793.828125,0.910247995300873,99.9805630812241,5,6,1,13,5.14037145717746e-13,1,2,1
P1/D4,197,22,10,26,6,18,14,6,10,14,18,22,26,86.25,240,0.234375000000009,0.234375000000009,240,240,806.71875,0.906679347633917,99.9837712328302,5,6,1,13,8.4356928433407e-13,1,2,1
P1/D4,198,22,10,26,6,14,18,6,10,14,18,22,26,86.25,240,0.234375000000009,0.234375000000009,240,240,806.71875,0.906679347633917,99.9837712328302,5,6,1,13,8.4356928433407e-13,1,2,1
P1/D4,199,22,10,18,26,14,6,6,10,14,18,22,26,0.234375000000009,240,0.234375000000009,240,240,41.484375,761.953125,0.924056855490562,99.9829397696213,5,6,1,13,9.99737791719787e-14,1,2,1
P1/D4,200,22,10,18,26,6,14,6,10,14,18,22,26,0.234375000000009,240,0.234375000000009,240,240,41.484375,761.953125,0.924056855490562,99.9829397696213,5,6,1,13,9.99737791719787e-14,1,2,1
P1/D4,201,22,10,18,14,26,6,6,10,14,18,22,26,0.234375000000009,240,36.5625,240,240,0.234375000000009,757.03125,0.925759785361085,99.9873091002755,5,6,1,12,8.20961379382762e-13,1,2,1
P1/D4,202,22,10,18,14,6,26,6,10,14,18,22,26,0.234375000000009,240,36.5625,240,240,0.234375000000009,757.03125,0.925759785361085,99.9873091002755,5,6,1,12,8.20961379382762e-13,1,2,1
P1/D4,203,22,10,18,6,26,14,6,10,14,18,22,26,41.484375,240,0.234375000000009,240,240,0.234375000000009,761.953125,0.924054197703581,99.9872564944672,5,6,1,13,1.0041823181875e-13,1,2,1
P1/D4,204,22,10,18,6,14,26,6,10,14,18,22,26,41.484375,240,0.234375000000009,240,240,0.234375000000009,761.953125,0.924054197703581,99.9872564944672,5,6,1,13,1.0041823181875e-13,1,2,1
P1/D4,205,22,10,14,26,18,6,6,10,14,18,22,26,0.234375000000009,240,240,0.234375000000009,240,48.046875,768.515625,0.918238553143212,99.9841223685446,5,6,1,13,1.74540025904277e-13,1,2,1
P1/D4,206,22,10,14,26,6,18,6,10,14,18,22,26,0.234375000000009,240,240,0.234375000000009,240,48.046875,768.515625,0.918238553143212,99.9841223685446,5,6,1,13,1.74540025904277e-13,1,2,1
P1/D4,207,22,10,14,18,26,6,6,10,14,18,22,26,0.234375000000009,240,240,41.015625,240,0.234375000000009,761.484375,0.921176330359458,99.9878890743305,5,6,1,13,1.20247693241957e-13,1,2,1
P1/D4,208,22,10,14,18,6,26,6,10,14,18,22,26,0.234375000000009,240,240,41.015625,240,0.234375000000009,761.484375,0.921176330359458,99.9878890743305,5,6,1,13,1.20247693241957e-13,1,2,1
P1/D4,209,22,10,14,6,26,18,6,10,14,18,22,26,48.28125,240,240,0.234375000000009,240,0.234375000000009,768.75,0.918239121317078,99.9833162694174,5,6,1,13,1.75317574455063e-13,1,2,1
P1/D4,210,22,10,14,6,18,26,6,10,14,18,22,26,48.28125,240,240,0.234375000000009,240,0.234375000000009,768.75,0.918239121317078,99.9833162694174,5,6,1,13,1.75317574455063e-13,1,2,1
P1/D4,211,22,10,6,26,18,14,6,10,14,18,22,26,240,240,0.234375000000009,0.234375000000009,240,86.953125,807.421875,0.906681624593613,99.9805520674651,5,6,1,13,8.47047480980069e-13,1,2,1
P1/D4,212,22,10,6,26,14,18,6,10,14,18,22,26,240,240,0.234375000000009,0.234375000000009,240,86.953125,807.421875,0.906681624593613,99.9805520674651,5,6,1,13,8.47047480980069e-13,1,2,1
P1/D4,213,22,10,6,18,26,14,6,10,14,18,22,26,240,240,0.234375000000009,71.71875,240,0.234375000000009,792.1875,0.911956250658821,99.9850708125391,5,6,1,13,4.31200205588378e-13,1,2,1
P1/D4,214,22,10,6,18,14,26,6,10,14,18,22,26,240,240,0.234375000000009,71.71875,240,0.234375000000009,792.1875,0.911956250658821,99.9850708125391,5,6,1,13,4.31200205588378e-13,1,2,1
P1/D4,215,22,10,6,14,26,18,6,10,14,18,22,26,240,240,74.0625,0.234375000000009,240,0.234375000000009,794.53125,0.910280693946807,99.9832608233217,5,6,1,13,5.15929884797933e-13,1,2,1
P1/D4,216,22,10,6,14,18,26,6,10,14,18,22,26,240,240,74.0625,0.234375000000009,240,0.234375000000009,794.53125,0.910280693946807,99.9832608233217,5,6,1,13,5.15929884797933e-13,1,2,1
P1/D4,217,22,6,26,18,14,10,6,10,14,18,22,26,240,0.234375000000009,0.234375000000009,95.625,240,240,816.09375,0.906770161559392,99.9833905479112,5,6,1,13,8.59036502404611e-13,1,2,1
P1/D4,218,22,6,26,18,10,14,6,10,14,18,22,26,240,0.234375000000009,0.234375000000009,95.625,240,240,816.09375,0.906770161559392,99.9833905479112,5,6,1,13,8.59036502404611e-13,1,2,1
P1/D4,219,22,6,26,14,18,10,6,10,14,18,22,26,240,0.234375000000009,98.671875,0.234375000000009,240,240,819.140625,0.904521227592043,99.9812390198833,5,6,1,14,1.26920418212417e-13,1,2,1
P1/D4,220,22,6,26,14,10,18,6,10,14,18,22,26,240,0.234375000000009,98.671875,0.234375000000009,240,240,819.140625,0.904521227592043,99.9812390198833,5,6,1,14,1.26920418212417e-13,1,2,1
P1/D4,221,22,6,26,10,18,14,6,10,14,18,22,26,240,103.828125,0.234375000000009,0.234375000000009,240,240,824.296875,0.902704377816295,99.9845375758196,5,6,1,14,1.69982488061976e-13,1,2,1
P1/D4,222,22,6,26,10,14,18,6,10,14,18,22,26,240,103.828125,0.234375000000009,0.234375000000009,240,240,824.296875,0.902704377816295,99.9845375758196,5,6,1,14,1.69982488061976e-13,1,2,1
P1/D4,223,22,6,18,26,14,10,6,10,14,18,22,26,240,0.234375000000009,0.234375000000009,240,240,67.03125,787.5,0.917260165633967,99.9813865444612,5,6,1,13,2.51658364207687e-13,1,2,1
P1/D4,224,22,6,18,26,10,14,6,10,14,18,22,26,240,0.234375000000009,0.234375000000009,240,240,67.03125,787.5,0.917260165633967,99.9813865444612,5,6,1,13,2.51658364207687e-13,1,2,1
P1/D4,225,22,6,18,14,26,10,6,10,14,18,22,26,240,0.234375000000009,57.890625,240,240,0.234375000000009,778.359375,0.92000042124424,99.9871698258084,5,6,1,13,1.72857234907038e-13,1,2,1
P1/D4,226,22,6,18,14,10,26,6,10,14,18,22,26,240,0.234375000000009,57.890625,240,240,0.234375000000009,778.359375,0.92000042124424,99.9871698258084,5,6,1,13,1.72857234907038e-13,1,2,1
P1/D4,227,22,6,18,10,26,14,6,10,14,18,22,26,240,60.234375,0.234375000000009,240,240,0.234375000000009,780.703125,0.918971683038095,99.9843238240765,5,6,1,13,1.98865161048102e-13,1,2,1
P1/D4,228,22,6,18,10,14,26,6,10,14,18,22,26,240,60.234375,0.234375000000009,240,240,0.234375000000009,780.703125,0.918971683038095,99.9843238240765,5,6,1,13,1.98865161048102e-13,1,2,1
P1/D4,229,22,6,14,26,18,10,6,10,14,18,22,26,240,0.234375000000009,240,0.234375000000009,240,73.828125,794.296875,0.911391962388632,99.982397648992,5,6,1,13,4.23478343265918e-13,1,2,1
P1/D4,230,22,6,14,26,10,18,6,10,14,18,22,26,240,0.234375000000009,240,0.234375000000009,240,73.828125,794.296875,0.911391962388632,99.982397648992,5,6,1,13,4.23478343265918e-13,1,2,1
P1/D4,231,22,6,14,18,26,10,6,10,14,18,22,26,240,0.234375000000009,240,61.875,240,0.234375000000009,782.34375,0.915882490946136,99.9842562645123,5,6,1,13,2.40839739830984e-13,1,2,1
P1/D4,232,22,6,14,18,10,26,6,10,14,18,22,26,240,0.234375000000009,240,61.875,240,0.234375000000009,782.34375,0.915882490946136,99.9842562645123,5,6,1,13,2.40839739830984e-13,1,2,1
P1/D4,233,22,6,14,10,26,18,6,10,14,18,22,26,240,66.328125,240,0.234375000000009,240,0.234375000000009,786.796875,0.913291301058682,99.9848487036183,5,6,1,13,3.30420022657801e-13,1,2,1
P1/D4,234,22,6,14,10,18,26,6,10,14,18,22,26,240,66.328125,240,0.234375000000009,240,0.234375000000009,786.796875,0.913291301058682,99.9848487036183,5,6,1,13,3.30420022657801e-13,1,2,1
P1/D4,235,22,6,10,26,18,14,6,10,14,18,22,26,240,240,0.234375000000009,0.234375000000009,240,86.953125,807.421875,0.906681624593613,99.9805520674651,5,6,1,13,8.47047480980069e-13,1,2,1
P1/D4,236,22,6,10,26,14,18,6,10,14,18,22,26,240,240,0.234375000000009,0.234375000000009,240,86.953125,807.421875,0.906681624593613,99.9805520674651,5,6,1,13,8.47047480980069e-13,1,2,1
P1/D4,237,22,6,10,18,26,14,6,10,14,18,22,26,240,240,0.234375000000009,71.71875,240,0.234375000000009,792.1875,0.911956250658821,99.9850708125391,5,6,1,13,4.31200205588378e-13,1,2,1
P1/D4,238,22,6,10,18,14,26,6,10,14,18,22,26,240,240,0.234375000000009,71.71875,240,0.234375000000009,792.1875,0.911956250658821,99.9850708125391,5,6,1,13,4.31200205588378e-13,1,2,1
P1/D4,239,22,6,10,14,26,18,6,10,14,18,22,26,240,240,74.0625,0.234375000000009,240,0.234375000000009,794.53125,0.910280693946807,99.9832608233217,5,6,1,13,5.15929884797933e-13,1,2,1
P1/D4,240,22,6,10,14,18,26,6,10,14,18,22,26,240,240,74.0625,0.234375000000009,240,0.234375000000009,794.53125,0.910280693946807,99.9832608233217,5,6,1,13,5.15929884797933e-13,1,2,1
P1/D4,241,18,26,22,14,10,6,6,10,14,18,22,26,0.234375000000009,0.234375000000009,57.1875,240,240,240,777.65625,0.919968672656095,99.9842131885885,5,6,1,13,1.71965381732308e-13,1,2,1
P1/D4,242,18,26,22,14,6,10,6,10,14,18,22,26,0.234375000000009,0.234375000000009,57.1875,240,240,240,777.65625,0.919968672656095,99.9842131885885,5,6,1,13,1.71965381732308e-13,1,2,1
P1/D4,243,18,26,22,10,14,6,6,10,14,18,22,26,0.234375000000009,59.296875,0.234375000000009,240,240,240,779.765625,0.918942939721564,99.9870908668892,5,6,1,13,1.96978134707325e-13,1,2,1
P1/D4,244,18,26,22,10,6,14,6,10,14,18,22,26,0.234375000000009,59.296875,0.234375000000009,240,240,240,779.765625,0.918942939721564,99.9870908668892,5,6,1,13,1.96978134707325e-13,1,2,1
P1/D4,245,18,26,22,6,14,10,6,10,14,18,22,26,66.328125,0.234375000000009,0.234375000000009,240,240,240,786.796875,0.917259154051402,99.9826533684977,5,6,1,13,2.49763822819047e-13,1,2,1
P1/D4,246,18,26,22,6,10,14,6,10,14,18,22,26,66.328125,0.234375000000009,0.234375000000009,240,240,240,786.796875,0.917259154051402,99.9826533684977,5,6,1,13,2.49763822819047e-13,1,2,1
P1/D4,247,18,26,14,22,10,6,6,10,14,18,22,26,0.234375000000009,0.234375000000009,57.1875,240,0.234375000000009,240,537.890625,0.919813969836203,99.9860120247329,5,6,1,13,1.72644214012715e-13,1,2,1
P1/D4,248,18,26,14,22,6,10,6,10,14,18,22,26,0.234375000000009,0.234375000000009,57.1875,240,0.234375000000009,240,537.890625,0.919813969836203,99.9860120247329,5,6,1,13,1.72644214012715e-13,1,2,1
P1/D4,249,18,26,14,10,22,6,6,10,14,18,22,26,0.234375000000009,0.234375000000009,57.1875,240,0.234375000000009,240,537.890625,0.919813969836203,99.9860120247329,5,6,1,13,1.72644214012715e-13,1,2,1
P1/D4,250,18,26,14,10,6,22,6,10,14,18,22,26,0.234375000000009,0.234375000000009,57.1875,240,0.234375000000009,240,537.890625,0.919813969836203,99.9860120247329,5,6,1,13,1.72644214012715e-13,1,2,1
P1/D4,251,18,26,14,6,22,10,6,10,14,18,22,26,0.234375000000009,0.234375000000009,57.1875,240,0.234375000000009,240,537.890625,0.919813969836203,99.9860120247329,5,6,1,13,1.72644214012715e-13,1,2,1
P1/D4,252,18,26,14,6,10,22,6,10,14,18,22,26,0.234375000000009,0.234375000000009,57.1875,240,0.234375000000009,240,537.890625,0.919813969836203,99.9860120247329,5,6,1,13,1.72644214012715e-13,1,2,1
P1/D4,253,18,26,10,22,14,6,6,10,14,18,22,26,0.234375000000009,59.53125,0.234375000000009,240,0.234375000000009,240,540.234375,0.918798774611993,99.9824663219754,5,6,1,13,1.98100148815673e-13,1,2,1
P1/D4,254,18,26,10,22,6,14,6,10,14,18,22,26,0.234375000000009,59.53125,0.234375000000009,240,0.234375000000009,240,540.234375,0.918798774611993,99.9824663219754,5,6,1,13,1.98100148815673e-13,1,2,1
P1/D4,255,18,26,10,14,22,6,6,10,14,18,22,26,0.234375000000009,59.53125,0.234375000000009,240,0.234375000000009,240,540.234375,0.918798774611993,99.9824663219754,5,6,1,13,1.98100148815673e-13,1,2,1
P1/D4,256,18,26,10,14,6,22,6,10,14,18,22,26,0.234375000000009,59.53125,0.234375000000009,240,0.234375000000009,240,540.234375,0.918798774611993,99.9824663219754,5,6,1,13,1.98100148815673e-13,1,2,1
P1/D4,257,18,26,10,6,22,14,6,10,14,18,22,26,0.234375000000009,59.53125,0.234375000000009,240,0.234375000000009,240,540.234375,0.918798774611993,99.9824663219754,5,6,1,13,1.98100148815673e-13,1,2,1
P1/D4,258,18,26,10,6,14,22,6,10,14,18,22,26,0.234375000000009,59.53125,0.234375000000009,240,0.234375000000009,240,540.234375,0.918798774611993,99.9824663219754,5,6,1,13,1.98100148815673e-13,1,2,1
P1/D4,259,18,26,6,22,14,10,6,10,14,18,22,26,66.328125,0.234375000000009,0.234375000000009,240,0.234375000000009,240,547.03125,0.917103883306408,99.9845308319314,5,6,1,13,2.51226441956706e-13,1,2,1
P1/D4,260,18,26,6,22,10,14,6,10,14,18,22,26,66.328125,0.234375000000009,0.234375000000009,240,0.234375000000009,240,547.03125,0.917103883306408,99.9845308319314,5,6,1,13,2.51226441956706e-13,1,2,1
P1/D4,261,18,26,6,14,22,10,6,10,14,18,22,26,66.328125,0.234375000000009,0.234375000000009,240,0.234375000000009,240,547.03125,0.917103883306408,99.9845308319314,5,6,1,13,2.51226441956706e-13,1,2,1
P1/D4,262,18,26,6,14,10,22,6,10,14,18,22,26,66.328125,0.234375000000009,0.234375000000009,240,0.234375000000009,240,547.03125,0.917103883306408,99.9845308319314,5,6,1,13,2.51226441956706e-13,1,2,1
P1/D4,263,18,26,6,10,22,14,6,10,14,18,22,26,66.328125,0.234375000000009,0.234375000000009,240,0.234375000000009,240,547.03125,0.917103883306408,99.9845308319314,5,6,1,13,2.51226441956706e-13,1,2,1
P1/D4,264,18,26,6,10,14,22,6,10,14,18,22,26,66.328125,0.234375000000009,0.234375000000009,240,0.234375000000009,240,547.03125,0.917103883306408,99.9845308319314,5,6,1,13,2.51226441956706e-13,1,2,1
P1/D4,265,18,22,26,14,10,6,6,10,14,18,22,26,0.234375000000009,0.234375000000009,57.1875,240,240,240,777.65625,0.919968672656095,99.9842131885885,5,6,1,13,1.71965381732308e-13,1,2,1
P1/D4,266,18,22,26,14,6,10,6,10,14,18,22,26,0.234375000000009,0.234375000000009,57.1875,240,240,240,777.65625,0.919968672656095,99.9842131885885,5,6,1,13,1.71965381732308e-13,1,2,1
P1/D4,267,18,22,26,10,14,6,6,10,14,18,22,26,0.234375000000009,59.296875,0.234375000000009,240,240,240,779.765625,0.918942939721564,99.9870908668892,5,6,1,13,1.96978134707325e-13,1,2,1
P1/D4,268,18,22,26,10,6,14,6,10,14,18,22,26,0.234375000000009,59.296875,0.234375000000009,240,240,240,779.765625,0.918942939721564,99.9870908668892,5,6,1,13,1.96978134707325e-13,1,2,1
P1/D4,269,18,22,26,6,14,10,6,10,14,18,22,26,66.328125,0.234375000000009,0.234375000000009,240,240,240,786.796875,0.917259154051402,99.9826533684977,5,6,1,13,2.49763822819047e-13,1,2,1
P1/D4,270,18,22,26,6,10,14,6,10,14,18,22,26,66.328125,0.234375000000009,0.234375000000009,240,240,240,786.796875,0.917259154051402,99.9826533684977,5,6,1,13,2.49763822819047e-13,1,2,1
P1/D4,271,18,22,14,26,10,6,6,10,14,18,22,26,0.234375000000009,0.234375000000009,240,240,240,32.8125,753.28125,0.928529679888708,99.9838283720658,5,6,1,12,5.98838719192908e-13,1,2,1
P1/D4,272,18,22,14,26,6,10,6,10,14,18,22,26,0.234375000000009,0.234375000000009,240,240,240,32.8125,753.28125,0.928529679888708,99.9838283720658,5,6,1,12,5.98838719192908e-13,1,2,1
P1/D4,273,18,22,14,10,26,6,6,10,14,18,22,26,0.234375000000009,30.234375,240,240,240,0.234375000000009,750.703125,0.929367048380124,99.9828147494157,5,6,1,12,5.41194073273609e-13,1,2,1
P1/D4,274,18,22,14,10,6,26,6,10,14,18,22,26,0.234375000000009,30.234375,240,240,240,0.234375000000009,750.703125,0.929367048380124,99.9828147494157,5,6,1,12,5.41194073273609e-13,1,2,1
P1/D4,275,18,22,14,6,26,10,6,10,14,18,22,26,32.8125,0.234375000000009,240,240,240,0.234375000000009,753.28125,0.928527585410262,99.987249621373,5,6,1,12,6.0039321729505e-13,1,2,1
P1/D4,276,18,22,14,6,10,26,6,10,14,18,22,26,32.8125,0.234375000000009,240,240,240,0.234375000000009,753.28125,0.928527585410262,99.987249621373,5,6,1,12,6.0039321729505e-13,1,2,1
P1/D4,277,18,22,10,26,14,6,6,10,14,18,22,26,0.234375000000009,240,0.234375000000009,240,240,41.484375,761.953125,0.924056855490562,99.9829397696213,5,6,1,13,9.99737791719787e-14,1,2,1
P1/D4,278,18,22,10,26,6,14,6,10,14,18,22,26,0.234375000000009,240,0.234375000000009,240,240,41.484375,761.953125,0.924056855490562,99.9829397696213,5,6,1,13,9.99737791719787e-14,1,2,1
P1/D4,279,18,22,10,14,26,6,6,10,14,18,22,26,0.234375000000009,240,36.5625,240,240,0.234375000000009,757.03125,0.925759785361085,99.9873091002755,5,6,1,12,8.20961379382762e-13,1,2,1
P1/D4,280,18,22,10,14,6,26,6,10,14,18,22,26,0.234375000000009,240,36.5625,240,240,0.234375000000009,757.03125,0.925759785361085,99.9873091002755,5,6,1,12,8.20961379382762e-13,1,2,1
P1/D4,281,18,22,10,6,26,14,6,10,14,18,22,26,41.484375,240,0.234375000000009,240,240,0.234375000000009,761.953125,0.924054197703581,99.9872564944672,5,6,1,13,1.0041823181875e-13,1,2,1
P1/D4,282,18,22,10,6,14,26,6,10,14,18,22,26,41.484375,240,0.234375000000009,240,240,0.234375000000009,761.953125,0.924054197703581,99.9872564944672,5,6,1,13,1.0041823181875e-13,1,2,1
P1/D4,283,18,22,6,26,14,10,6,10,14,18,22,26,240,0.234375000000009,0.234375000000009,240,240,67.03125,787.5,0.917260165633967,99.9813865444612,5,6,1,13,2.51658364207687e-13,1,2,1
P1/D4,284,18,22,6,26,10,14,6,10,14,18,22,26,240,0.234375000000009,0.234375000000009,240,240,67.03125,787.5,0.917260165633967,99.9813865444612,5,6,1,13,2.51658364207687e-13,1,2,1
P1/D4,285,18,22,6,14,26,10,6,10,14,18,22,26,240,0.234375000000009,57.890625,240,240,0.234375000000009,778.359375,0.92000042124424,99.9871698258084,5,6,1,13,1.72857234907038e-13,1,2,1
P1/D4,286,18,22,6,14,10,26,6,10,14,18,22,26,240,0.234375000000009,57.890625,240,240,0.234375000000009,778.359375,0.92000042124424,99.9871698258084,5,6,1,13,1.72857234907038e-13,1,2,1
P1/D4,287,18,22,6,10,26,14,6,10,14,18,22,26,240,60.234375,0.234375000000009,240,240,0.234375000000009,780.703125,0.918971683038095,99.9843238240765,5,6,1,13,1.98865161048102e-13,1,2,1
P1/D4,288,18,22,6,10,14,26,6,10,14,18,22,26,240,60.234375,0.234375000000009,240,240,0.234375000000009,780.703125,0.918971683038095,99.9843238240765,5,6,1,13,1.98865161048102e-13,1,2,1
P1/D4,289,18,14,26,22,10,6,6,10,14,18,22,26,0.234375000000009,0.234375000000009,240,240,0.234375000000009,32.8125,513.515625,0.928376694667974,99.985418735101,5,6,1,12,6.02382298370009e-13,1,2,1
P1/D4,290,18,14,26,22,6,10,6,10,14,18,22,26,0.234375000000009,0.234375000000009,240,240,0.234375000000009,32.8125,513.515625,0.928376694667974,99.985418735101,5,6,1,12,6.02382298370009e-13,1,2,1
P1/D4,291,18,14,26,10,22,6,6,10,14,18,22,26,0.234375000000009,0.234375000000009,240,240,0.234375000000009,32.8125,513.515625,0.928376694667974,99.985418735101,5,6,1,12,6.02382298370009e-13,1,2,1
P1/D4,292,18,14,26,10,6,22,6,10,14,18,22,26,0.234375000000009,0.234375000000009,240,240,0.234375000000009,32.8125,513.515625,0.928376694667974,99.985418735101,5,6,1,12,6.02382298370009e-13,1,2,1
P1/D4,293,18,14,26,6,22,10,6,10,14,18,22,26,0.234375000000009,0.234375000000009,240,240,0.234375000000009,32.8125,513.515625,0.928376694667974,99.985418735101,5,6,1,12,6.02382298370009e-13,1,2,1
P1/D4,294,18,14,26,6,10,22,6,10,14,18,22,26,0.234375000000009,0.234375000000009,240,240,0.234375000000009,32.8125,513.515625,0.928376694667974,99.985418735101,5,6,1,12,6.02382298370009e-13,1,2,1
P1/D4,295,18,14,22,26,10,6,6,10,14,18,22,26,0.234375000000009,0.234375000000009,240,240,240,32.8125,753.28125,0.928529679888708,99.9838283720658,5,6,1,12,5.98838719192908e-13,1,2,1
P1/D4,296,18,14,22,26,6,10,6,10,14,18,22,26,0.234375000000009,0.234375000000009,240,240,240,32.8125,753.28125,0.928529679888708,99.9838283720658,5,6,1,12,5.98838719192908e-13,1,2,1
P1/D4,297,18,14,22,10,26,6,6,10,14,18,22,26,0.234375000000009,30.234375,240,240,240,0.234375000000009,750.703125,0.929367048380124,99.9828147494157,5,6,1,12,5.41194073273609e-13,1,2,1
P1/D4,298,18,14,22,10,6,26,6,10,14,18,22,26,0.234375000000009,30.234375,240,240,240,0.234375000000009,750.703125,0.929367048380124,99.9828147494157,5,6,1,12,5.41194073273609e-13,1,2,1
P1/D4,299,18,14,22,6,26,10,6,10,14,18,22,26,32.8125,0.234375000000009,240,240,240,0.234375000000009,753.28125,0.928527585410262,99.987249621373,5,6,1,12,6.0039321729505e-13,1,2,1
P1/D4,300,18,14,22,6,10,26,6,10,14,18,22,26,32.8125,0.234375000000009,240,240,240,0.234375000000009,753.28125,0.928527585410262,99.987249621373,5,6,1,12,6.0039321729505e-13,1,2,1
P1/D4,301,18,14,10,26,22,6,6,10,14,18,22,26,0.234375000000009,30.234375,240,240,0.234375000000009,0.234375000000009,510.9375,0.929214226632685,99.9843834052158,5,6,1,12,5.44738820340957e-13,1,2,1
P1/D4,302,18,14,10,26,6,22,6,10,14,18,22,26,0.234375000000009,30.234375,240,240,0.234375000000009,0.234375000000009,510.9375,0.929214226632685,99.9843834052158,5,6,1,12,5.44738820340957e-13,1,2,1
P1/D4,303,18,14,10,22,26,6,6,10,14,18,22,26,0.234375000000009,30.234375,240,240,0.234375000000009,0.234375000000009,510.9375,0.929214226632685,99.9843834052158,5,6,1,12,5.44738820340957e-13,1,2,1
P1/D4,304,18,14,10,22,6,26,6,10,14,18,22,26,0.234375000000009,30.234375,240,240,0.234375000000009,0.234375000000009,510.9375,0.929214226632685,99.9843834052158,5,6,1,12,5.44738820340957e-13,1,2,1
P1/D4,305,18,14,10,6,26,22,6,10,14,18,22,26,0.234375000000009,30.234375,240,240,0.234375000000009,0.234375000000009,510.9375,0.929214226632685,99.9843834052158,5,6,1,12,5.44738820340957e-13,1,2,1
P1/D4,306,18,14,10,6,22,26,6,10,14,18,22,26,0.234375000000009,30.234375,240,240,0.234375000000009,0.234375000000009,510.9375,0.929214226632685,99.9843834052158,5,6,1,12,5.44738820340957e-13,1,2,1
P1/D4,307,18,14,6,26,22,10,6,10,14,18,22,26,33.046875,0.234375000000009,240,240,0.234375000000009,0.234375000000009,513.75,0.928378215166434,99.983036763837,5,6,1,12,6.03492920410848e-13,1,2,1
P1/D4,308,18,14,6,26,10,22,6,10,14,18,22,26,33.046875,0.234375000000009,240,240,0.234375000000009,0.234375000000009,513.75,0.928378215166434,99.983036763837,5,6,1,12,6.03492920410848e-13,1,2,1
P1/D4,309,18,14,6,22,26,10,6,10,14,18,22,26,33.046875,0.234375000000009,240,240,0.234375000000009,0.234375000000009,513.75,0.928378215166434,99.983036763837,5,6,1,12,6.03492920410848e-13,1,2,1
P1/D4,310,18,14,6,22,10,26,6,10,14,18,22,26,33.046875,0.234375000000009,240,240,0.234375000000009,0.234375000000009,513.75,0.928378215166434,99.983036763837,5,6,1,12,6.03492920410848e-13,1,2,1
P1/D4,311,18,14,6,10,26,22,6,10,14,18,22,26,33.046875,0.234375000000009,240,240,0.234375000000009,0.234375000000009,513.75,0.928378215166434,99.983036763837,5,6,1,12,6.03492920410848e-13,1,2,1
P1/D4,312,18,14,6,10,22,26,6,10,14,18,22,26,33.046875,0.234375000000009,240,240,0.234375000000009,0.234375000000009,513.75,0.928378215166434,99.983036763837,5,6,1,12,6.03492920410848e-13,1,2,1
P1/D4,313,18,10,26,22,14,6,6,10,14,18,22,26,0.234375000000009,240,0.234375000000009,240,0.234375000000009,41.484375,522.1875,0.92390297624538,99.9846074601782,5,6,1,13,1.00754740908038e-13,1,2,1
P1/D4,314,18,10,26,22,6,14,6,10,14,18,22,26,0.234375000000009,240,0.234375000000009,240,0.234375000000009,41.484375,522.1875,0.92390297624538,99.9846074601782,5,6,1,13,1.00754740908038e-13,1,2,1
P1/D4,315,18,10,26,14,22,6,6,10,14,18,22,26,0.234375000000009,240,0.234375000000009,240,0.234375000000009,41.484375,522.1875,0.92390297624538,99.9846074601782,5,6,1,13,1.00754740908038e-13,1,2,1
P1/D4,316,18,10,26,14,6,22,6,10,14,18,22,26,0.234375000000009,240,0.234375000000009,240,0.234375000000009,41.484375,522.1875,0.92390297624538,99.9846074601782,5,6,1,13,1.00754740908038e-13,1,2,1
P1/D4,317,18,10,26,6,22,14,6,10,14,18,22,26,0.234375000000009,240,0.234375000000009,240,0.234375000000009,41.484375,522.1875,0.92390297624538,99.9846074601782,5,6,1,13,1.00754740908038e-13,1,2,1
P1/D4,318,18,10,26,6,14,22,6,10,14,18,22,26,0.234375000000009,240,0.234375000000009,240,0.234375000000009,41.484375,522.1875,0.92390297624538,99.9846074601782,5,6,1,13,1.00754740908038e-13,1,2,1
P1/D4,319,18,10,22,26,14,6,6,10,14,18,22,26,0.234375000000009,240,0.234375000000009,240,240,41.484375,761.953125,0.924056855490562,99.9829397696213,5,6,1,13,9.99737791719787e-14,1,2,1
P1/D4,320,18,10,22,26,6,14,6,10,14,18,22,26,0.234375000000009,240,0.234375000000009,240,240,41.484375,761.953125,0.924056855490562,99.9829397696213,5,6,1,13,9.99737791719787e-14,1,2,1
P1/D4,321,18,10,22,14,26,6,6,10,14,18,22,26,0.234375000000009,240,36.5625,240,240,0.234375000000009,757.03125,0.925759785361085,99.9873091002755,5,6,1,12,8.20961379382762e-13,1,2,1
P1/D4,322,18,10,22,14,6,26,6,10,14,18,22,26,0.234375000000009,240,36.5625,240,240,0.234375000000009,757.03125,0.925759785361085,99.9873091002755,5,6,1,12,8.20961379382762e-13,1,2,1
P1/D4,323,18,10,22,6,26,14,6,10,14,18,22,26,41.484375,240,0.234375000000009,240,240,0.234375000000009,761.953125,0.924054197703581,99.9872564944672,5,6,1,13,1.0041823181875e-13,1,2,1
P1/D4,324,18,10,22,6,14,26,6,10,14,18,22,26,41.484375,240,0.234375000000009,240,240,0.234375000000009,761.953125,0.924054197703581,99.9872564944672,5,6,1,13,1.0041823181875e-13,1,2,1
P1/D4,325,18,10,14,26,22,6,6,10,14,18,22,26,0.234375000000009,240,36.796875,240,0.234375000000009,0.234375000000009,517.5,0.92562133643788,99.9823660908758,5,6,1,12,8.24045052786666e-13,1,2,1
P1/D4,326,18,10,14,26,6,22,6,10,14,18,22,26,0.234375000000009,240,36.796875,240,0.234375000000009,0.234375000000009,517.5,0.92562133643788,99.9823660908758,5,6,1,12,8.24045052786666e-13,1,2,1
P1/D4,327,18,10,14,22,26,6,6,10,14,18,22,26,0.234375000000009,240,36.796875,240,0.234375000000009,0.234375000000009,517.5,0.92562133643788,99.9823660908758,5,6,1,12,8.24045052786666e-13,1,2,1
P1/D4,328,18,10,14,22,6,26,6,10,14,18,22,26,0.234375000000009,240,36.796875,240,0.234375000000009,0.234375000000009,517.5,0.92562133643788,99.9823660908758,5,6,1,12,8.24045052786666e-13,1,2,1
P1/D4,329,18,10,14,6,26,22,6,10,14,18,22,26,0.234375000000009,240,36.796875,240,0.234375000000009,0.234375000000009,517.5,0.92562133643788,99.9823660908758,5,6,1,12,8.24045052786666e-13,1,2,1
P1/D4,330,18,10,14,6,22,26,6,10,14,18,22,26,0.234375000000009,240,36.796875,240,0.234375000000009,0.234375000000009,517.5,0.92562133643788,99.9823660908758,5,6,1,12,8.24045052786666e-13,1,2,1
P1/D4,331,18,10,6,26,22,14,6,10,14,18,22,26,41.71875,240,0.234375000000009,240,0.234375000000009,0.234375000000009,522.421875,0.923903954091199,99.9831254872989,5,6,1,13,1.00977015888311e-13,1,2,1
P1/D4,332,18,10,6,26,14,22,6,10,14,18,22,26,41.71875,240,0.234375000000009,240,0.234375000000009,0.234375000000009,522.421875,0.923903954091199,99.9831254872989,5,6,1,13,1.00977015888311e-13,1,2,1
P1/D4,333,18,10,6,22,26,14,6,10,14,18,22,26,41.71875,240,0.234375000000009,240,0.234375000000009,0.234375000000009,522.421875,0.923903954091199,99.9831254872989,5,6,1,13,1.00977015888311e-13,1,2,1
P1/D4,334,18,10,6,22,14,26,6,10,14,18,22,26,41.71875,240,0.234375000000009,240,0.234375000000009,0.234375000000009,522.421875,0.923903954091199,99.9831254872989,5,6,1,13,1.00977015888311e-13,1,2,1
P1/D4,335,18,10,6,14,26,22,6,10,14,18,22,26,41.71875,240,0.234375000000009,240,0.234375000000009,0.234375000000009,522.421875,0.923903954091199,99.9831254872989,5,6,1,13,1.00977015888311e-13,1,2,1
P1/D4,336,18,10,6,14,22,26,6,10,14,18,22,26,41.71875,240,0.234375000000009,240,0.234375000000009,0.234375000000009,522.421875,0.923903954091199,99.9831254872989,5,6,1,13,1.00977015888311e-13,1,2,1
P1/D4,337,18,6,26,22,14,10,6,10,14,18,22,26,240,0.234375000000009,0.234375000000009,240,0.234375000000009,67.03125,547.734375,0.917104892010706,99.9832689816318,5,6,1,13,2.5323076019921e-13,1,2,1
P1/D4,338,18,6,26,22,10,14,6,10,14,18,22,26,240,0.234375000000009,0.234375000000009,240,0.234375000000009,67.03125,547.734375,0.917104892010706,99.9832689816318,5,6,1,13,2.5323076019921e-13,1,2,1
P1/D4,339,18,6,26,14,22,10,6,10,14,18,22,26,240,0.234375000000009,0.234375000000009,240,0.234375000000009,67.03125,547.734375,0.917104892010706,99.9832689816318,5,6,1,13,2.5323076019921e-13,1,2,1
P1/D4,340,18,6,26,14,10,22,6,10,14,18,22,26,240,0.234375000000009,0.234375000000009,240,0.234375000000009,67.03125,547.734375,0.917104892010706,99.9832689816318,5,6,1,13,2.5323076019921e-13,1,2,1
P1/D4,341,18,6,26,10,22,14,6,10,14,18,22,26,240,0.234375000000009,0.234375000000009,240,0.234375000000009,67.03125,547.734375,0.917104892010706,99.9832689816318,5,6,1,13,2.5323076019921e-13,1,2,1
P1/D4,342,18,6,26,10,14,22,6,10,14,18,22,26,240,0.234375000000009,0.234375000000009,240,0.234375000000009,67.03125,547.734375,0.917104892010706,99.9832689816318,5,6,1,13,2.5323076019921e-13,1,2,1
P1/D4,343,18,6,22,26,14,10,6,10,14,18,22,26,240,0.234375000000009,0.234375000000009,240,240,67.03125,787.5,0.917260165633967,99.9813865444612,5,6,1,13,2.51658364207687e-13,1,2,1
P1/D4,344,18,6,22,26,10,14,6,10,14,18,22,26,240,0.234375000000009,0.234375000000009,240,240,67.03125,787.5,0.917260165633967,99.9813865444612,5,6,1,13,2.51658364207687e-13,1,2,1
P1/D4,345,18,6,22,14,26,10,6,10,14,18,22,26,240,0.234375000000009,57.890625,240,240,0.234375000000009,778.359375,0.92000042124424,99.9871698258084,5,6,1,13,1.72857234907038e-13,1,2,1
P1/D4,346,18,6,22,14,10,26,6,10,14,18,22,26,240,0.234375000000009,57.890625,240,240,0.234375000000009,778.359375,0.92000042124424,99.9871698258084,5,6,1,13,1.72857234907038e-13,1,2,1
P1/D4,347,18,6,22,10,26,14,6,10,14,18,22,26,240,60.234375,0.234375000000009,240,240,0.234375000000009,780.703125,0.918971683038095,99.9843238240765,5,6,1,13,1.98865161048102e-13,1,2,1
P1/D4,348,18,6,22,10,14,26,6,10,14,18,22,26,240,60.234375,0.234375000000009,240,240,0.234375000000009,780.703125,0.918971683038095,99.9843238240765,5,6,1,13,1.98865161048102e-13,1,2,1
P1/D4,349,18,6,14,26,22,10,6,10,14,18,22,26,240,0.234375000000009,58.125,240,0.234375000000009,0.234375000000009,538.828125,0.919861051443448,99.9822920367923,5,6,1,13,1.73421851503093e-13,1,2,1
P1/D4,350,18,6,14,26,10,22,6,10,14,18,22,26,240,0.234375000000009,58.125,240,0.234375000000009,0.234375000000009,538.828125,0.919861051443448,99.9822920367923,5,6,1,13,1.73421851503093e-13,1,2,1
P1/D4,351,18,6,14,22,26,10,6,10,14,18,22,26,240,0.234375000000009,58.125,240,0.234375000000009,0.234375000000009,538.828125,0.919861051443448,99.9822920367923,5,6,1,13,1.73421851503093e-13,1,2,1
P1/D4,352,18,6,14,22,10,26,6,10,14,18,22,26,240,0.234375000000009,58.125,240,0.234375000000009,0.234375000000009,538.828125,0.919861051443448,99.9822920367923,5,6,1,13,1.73421851503093e-13,1,2,1
P1/D4,353,18,6,14,10,26,22,6,10,14,18,22,26,240,0.234375000000009,58.125,240,0.234375000000009,0.234375000000009,538.828125,0.919861051443448,99.9822920367923,5,6,1,13,1.73421851503093e-13,1,2,1
P1/D4,354,18,6,14,10,22,26,6,10,14,18,22,26,240,0.234375000000009,58.125,240,0.234375000000009,0.234375000000009,538.828125,0.919861051443448,99.9822920367923,5,6,1,13,1.73421851503093e-13,1,2,1
P1/D4,355,18,6,10,26,22,14,6,10,14,18,22,26,240,60.234375,0.234375000000009,240,0.234375000000009,0.234375000000009,540.9375,0.918816766787643,99.9861494996067,5,6,1,13,1.99436743665947e-13,1,2,1
P1/D4,356,18,6,10,26,14,22,6,10,14,18,22,26,240,60.234375,0.234375000000009,240,0.234375000000009,0.234375000000009,540.9375,0.918816766787643,99.9861494996067,5,6,1,13,1.99436743665947e-13,1,2,1
P1/D4,357,18,6,10,22,26,14,6,10,14,18,22,26,240,60.234375,0.234375000000009,240,0.234375000000009,0.234375000000009,540.9375,0.918816766787643,99.9861494996067,5,6,1,13,1.99436743665947e-13,1,2,1
P1/D4,358,18,6,10,22,14,26,6,10,14,18,22,26,240,60.234375,0.234375000000009,240,0.234375000000009,0.234375000000009,540.9375,0.918816766787643,99.9861494996067,5,6,1,13,1.99436743665947e-13,1,2,1
P1/D4,359,18,6,10,14,26,22,6,10,14,18,22,26,240,60.234375,0.234375000000009,240,0.234375000000009,0.234375000000009,540.9375,0.918816766787643,99.9861494996067,5,6,1,13,1.99436743665947e-13,1,2,1
P1/D4,360,18,6,10,14,22,26,6,10,14,18,22,26,240,60.234375,0.234375000000009,240,0.234375000000009,0.234375000000009,540.9375,0.918816766787643,99.9861494996067,5,6,1,13,1.99436743665947e-13,1,2,1
P1/D4,361,14,26,22,18,10,6,6,10,14,18,22,26,0.234375000000009,0.234375000000009,240,61.171875,240,240,781.640625,0.915832812310982,99.9818872630441,5,6,1,13,2.39729469035204e-13,1,2,1
P1/D4,362,14,26,22,18,6,10,6,10,14,18,22,26,0.234375000000009,0.234375000000009,240,61.171875,240,240,781.640625,0.915832812310982,99.9818872630441,5,6,1,13,2.39729469035204e-13,1,2,1
P1/D4,363,14,26,22,10,18,6,6,10,14,18,22,26,0.234375000000009,65.625,240,0.234375000000009,240,240,786.09375,0.913273181669014,99.9811643947879,5,6,1,13,3.28296668013681e-13,1,2,1
P1/D4,364,14,26,22,10,6,18,6,10,14,18,22,26,0.234375000000009,65.625,240,0.234375000000009,240,240,786.09375,0.913273181669014,99.9811643947879,5,6,1,13,3.28296668013681e-13,1,2,1
P1/D4,365,14,26,22,6,18,10,6,10,14,18,22,26,73.125,0.234375000000009,240,0.234375000000009,240,240,793.59375,0.911390516854837,99.9843332552678,5,6,1,13,4.21017273658158e-13,1,2,1
P1/D4,366,14,26,22,6,10,18,6,10,14,18,22,26,73.125,0.234375000000009,240,0.234375000000009,240,240,793.59375,0.911390516854837,99.9843332552678,5,6,1,13,4.21017273658158e-13,1,2,1
P1/D4,367,14,26,18,22,10,6,6,10,14,18,22,26,0.234375000000009,0.234375000000009,240,61.171875,0.234375000000009,240,541.875,0.915677304102692,99.9837235931415,5,6,1,13,2.41198406308078e-13,1,2,1
P1/D4,368,14,26,18,22,6,10,6,10,14,18,22,26,0.234375000000009,0.234375000000009,240,61.171875,0.234375000000009,240,541.875,0.915677304102692,99.9837235931415,5,6,1,13,2.41198406308078e-13,1,2,1
P1/D4,369,14,26,18,10,22,6,6,10,14,18,22,26,0.234375000000009,0.234375000000009,240,61.171875,0.234375000000009,240,541.875,0.915677304102692,99.9837235931415,5,6,1,13,2.41198406308078e-13,1,2,1
P1/D4,370,14,26,18,10,6,22,6,10,14,18,22,26,0.234375000000009,0.234375000000009,240,61.171875,0.234375000000009,240,541.875,0.915677304102692,99.9837235931415,5,6,1,13,2.41198406308078e-13,1,2,1
P1/D4,371,14,26,18,6,22,10,6,10,14,18,22,26,0.234375000000009,0.234375000000009,240,61.171875,0.234375000000009,240,541.875,0.915677304102692,99.9837235931415,5,6,1,13,2.41198406308078e-13,1,2,1
P1/D4,372,14,26,18,6,10,22,6,10,14,18,22,26,0.234375000000009,0.234375000000009,240,61.171875,0.234375000000009,240,541.875,0.915677304102692,99.9837235931415,5,6,1,13,2.41198406308078e-13,1,2,1
P1/D4,373,14,26,10,22,18,6,6,10,14,18,22,26,0.234375000000009,65.625,240,0.234375000000009,0.234375000000009,240,546.328125,0.913117134878746,99.9830429050422,5,6,1,13,3.29890535362055e-13,1,2,1
P1/D4,374,14,26,10,22,6,18,6,10,14,18,22,26,0.234375000000009,65.625,240,0.234375000000009,0.234375000000009,240,546.328125,0.913117134878746,99.9830429050422,5,6,1,13,3.29890535362055e-13,1,2,1
P1/D4,375,14,26,10,18,22,6,6,10,14,18,22,26,0.234375000000009,65.625,240,0.234375000000009,0.234375000000009,240,546.328125,0.913117134878746,99.9830429050422,5,6,1,13,3.29890535362055e-13,1,2,1
P1/D4,376,14,26,10,18,6,22,6,10,14,18,22,26,0.234375000000009,65.625,240,0.234375000000009,0.234375000000009,240,546.328125,0.913117134878746,99.9830429050422,5,6,1,13,3.29890535362055e-13,1,2,1
P1/D4,377,14,26,10,6,22,18,6,10,14,18,22,26,0.234375000000009,65.625,240,0.234375000000009,0.234375000000009,240,546.328125,0.913117134878746,99.9830429050422,5,6,1,13,3.29890535362055e-13,1,2,1
P1/D4,378,14,26,10,6,18,22,6,10,14,18,22,26,0.234375000000009,65.625,240,0.234375000000009,0.234375000000009,240,546.328125,0.913117134878746,99.9830429050422,5,6,1,13,3.29890535362055e-13,1,2,1
P1/D4,379,14,26,6,22,18,10,6,10,14,18,22,26,73.125,0.234375000000009,240,0.234375000000009,0.234375000000009,240,553.828125,0.911234069250467,99.9862769970911,5,6,1,13,4.23181224799466e-13,1,2,1
P1/D4,380,14,26,6,22,10,18,6,10,14,18,22,26,73.125,0.234375000000009,240,0.234375000000009,0.234375000000009,240,553.828125,0.911234069250467,99.9862769970911,5,6,1,13,4.23181224799466e-13,1,2,1
P1/D4,381,14,26,6,18,22,10,6,10,14,18,22,26,73.125,0.234375000000009,240,0.234375000000009,0.234375000000009,240,553.828125,0.911234069250467,99.9862769970911,5,6,1,13,4.23181224799466e-13,1,2,1
P1/D4,382,14,26,6,18,10,22,6,10,14,18,22,26,73.125,0.234375000000009,240,0.234375000000009,0.234375000000009,240,553.828125,0.911234069250467,99.9862769970911,5,6,1,13,4.23181224799466e-13,1,2,1
P1/D4,383,14,26,6,10,22,18,6,10,14,18,22,26,73.125,0.234375000000009,240,0.234375000000009,0.234375000000009,240,553.828125,0.911234069250467,99.9862769970911,5,6,1,13,4.23181224799466e-13,1,2,1
P1/D4,384,14,26,6,10,18,22,6,10,14,18,22,26,73.125,0.234375000000009,240,0.234375000000009,0.234375000000009,240,553.828125,0.911234069250467,99.9862769970911,5,6,1,13,4.23181224799466e-13,1,2,1
P1/D4,385,14,22,26,18,10,6,6,10,14,18,22,26,0.234375000000009,0.234375000000009,240,61.171875,240,240,781.640625,0.915832812310982,99.9818872630441,5,6,1,13,2.39729469035204e-13,1,2,1
P1/D4,386,14,22,26,18,6,10,6,10,14,18,22,26,0.234375000000009,0.234375000000009,240,61.171875,240,240,781.640625,0.915832812310982,99.9818872630441,5,6,1,13,2.39729469035204e-13,1,2,1
P1/D4,387,14,22,26,10,18,6,6,10,14,18,22,26,0.234375000000009,65.625,240,0.234375000000009,240,240,786.09375,0.913273181669014,99.9811643947879,5,6,1,13,3.28296668013681e-13,1,2,1
P1/D4,388,14,22,26,10,6,18,6,10,14,18,22,26,0.234375000000009,65.625,240,0.234375000000009,240,240,786.09375,0.913273181669014,99.9811643947879,5,6,1,13,3.28296668013681e-13,1,2,1
P1/D4,389,14,22,26,6,18,10,6,10,14,18,22,26,73.125,0.234375000000009,240,0.234375000000009,240,240,793.59375,0.911390516854837,99.9843332552678,5,6,1,13,4.21017273658158e-13,1,2,1
P1/D4,390,14,22,26,6,10,18,6,10,14,18,22,26,73.125,0.234375000000009,240,0.234375000000009,240,240,793.59375,0.911390516854837,99.9843332552678,5,6,1,13,4.21017273658158e-13,1,2,1
P1/D4,391,14,22,18,26,10,6,6,10,14,18,22,26,0.234375000000009,0.234375000000009,240,240,240,32.8125,753.28125,0.928529679888708,99.9838283720658,5,6,1,12,5.98838719192908e-13,1,2,1
P1/D4,392,14,22,18,26,6,10,6,10,14,18,22,26,0.234375000000009,0.234375000000009,240,240,240,32.8125,753.28125,0.928529679888708,99.9838283720658,5,6,1,12,5.98838719192908e-13,1,2,1
P1/D4,393,14,22,18,10,26,6,6,10,14,18,22,26,0.234375000000009,30.234375,240,240,240,0.234375000000009,750.703125,0.929367048380124,99.9828147494157,5,6,1,12,5.41194073273609e-13,1,2,1
P1/D4,394,14,22,18,10,6,26,6,10,14,18,22,26,0.234375000000009,30.234375,240,240,240,0.234375000000009,750.703125,0.929367048380124,99.9828147494157,5,6,1,12,5.41194073273609e-13,1,2,1
P1/D4,395,14,22,18,6,26,10,6,10,14,18,22,26,32.8125,0.234375000000009,240,240,240,0.234375000000009,753.28125,0.928527585410262,99.987249621373,5,6,1,12,6.0039321729505e-13,1,2,1
P1/D4,396,14,22,18,6,10,26,6,10,14,18,22,26,32.8125,0.234375000000009,240,240,240,0.234375000000009,753.28125,0.928527585410262,99.987249621373,5,6,1,12,6.0039321729505e-13,1,2,1
P1/D4,397,14,22,10,26,18,6,6,10,14,18,22,26,0.234375000000009,240,240,0.234375000000009,240,48.046875,768.515625,0.918238553143212,99.9841223685446,5,6,1,13,1.74540025904277e-13,1,2,1
P1/D4,398,14,22,10,26,6,18,6,10,14,18,22,26,0.234375000000009,240,240,0.234375000000009,240,48.046875,768.515625,0.918238553143212,99.9841223685446,5,6,1,13,1.74540025904277e-13,1,2,1
P1/D4,399,14,22,10,18,26,6,6,10,14,18,22,26,0.234375000000009,240,240,41.015625,240,0.234375000000009,761.484375,0.921176330359458,99.9878890743305,5,6,1,13,1.20247693241957e-13,1,2,1
P1/D4,400,14,22,10,18,6,26,6,10,14,18,22,26,0.234375000000009,240,240,41.015625,240,0.234375000000009,761.484375,0.921176330359458,99.9878890743305,5,6,1,13,1.20247693241957e-13,1,2,1
P1/D4,401,14,22,10,6,26,18,6,10,14,18,22,26,48.28125,240,240,0.234375000000009,240,0.234375000000009,768.75,0.918239121317078,99.9833162694174,5,6,1,13,1.75317574455063e-13,1,2,1
P1/D4,402,14,22,10,6,18,26,6,10,14,18,22,26,48.28125,240,240,0.234375000000009,240,0.234375000000009,768.75,0.918239121317078,99.9833162694174,5,6,1,13,1.75317574455063e-13,1,2,1
P1/D4,403,14,22,6,26,18,10,6,10,14,18,22,26,240,0.234375000000009,240,0.234375000000009,240,73.828125,794.296875,0.911391962388632,99.982397648992,5,6,1,13,4.23478343265918e-13,1,2,1
P1/D4,404,14,22,6,26,10,18,6,10,14,18,22,26,240,0.234375000000009,240,0.234375000000009,240,73.828125,794.296875,0.911391962388632,99.982397648992,5,6,1,13,4.23478343265918e-13,1,2,1
P1/D4,405,14,22,6,18,26,10,6,10,14,18,22,26,240,0.234375000000009,240,61.875,240,0.234375000000009,782.34375,0.915882490946136,99.9842562645123,5,6,1,13,2.40839739830984e-13,1,2,1
P1/D4,406,14,22,6,18,10,26,6,10,14,18,22,26,240,0.234375000000009,240,61.875,240,0.234375000000009,782.34375,0.915882490946136,99.9842562645123,5,6,1,13,2.40839739830984e-13,1,2,1
P1/D4,407,14,22,6,10,26,18,6,10,14,18,22,26,240,66.328125,240,0.234375000000009,240,0.234375000000009,786.796875,0.913291301058682,99.9848487036183,5,6,1,13,3.30420022657801e-13,1,2,1
P1/D4,408,14,22,6,10,18,26,6,10,14,18,22,26,240,66.328125,240,0.234375000000009,240,0.234375000000009,786.796875,0.913291301058682,99.9848487036183,5,6,1,13,3.30420022657801e-13,1,2,1
P1/D4,409,14,18,26,22,10,6,6,10,14,18,22,26,0.234375000000009,0.234375000000009,240,240,0.234375000000009,32.8125,513.515625,0.928376694667974,99.985418735101,5,6,1,12,6.02382298370009e-13,1,2,1
P1/D4,410,14,18,26,22,6,10,6,10,14,18,22,26,0.234375000000009,0.234375000000009,240,240,0.234375000000009,32.8125,513.515625,0.928376694667974,99.985418735101,5,6,1,12,6.02382298370009e-13,1,2,1
P1/D4,411,14,18,26,10,22,6,6,10,14,18,22,26,0.234375000000009,0.234375000000009,240,240,0.234375000000009,32.8125,513.515625,0.928376694667974,99.985418735101,5,6,1,12,6.02382298370009e-13,1,2,1
P1/D4,412,14,18,26,10,6,22,6,10,14,18,22,26,0.234375000000009,0.234375000000009,240,240,0.234375000000009,32.8125,513.515625,0.928376694667974,99.985418735101,5,6,1,12,6.02382298370009e-13,1,2,1
P1/D4,413,14,18,26,6,22,10,6,10,14,18,22,26,0.234375000000009,0.234375000000009,240,240,0.234375000000009,32.8125,513.515625,0.928376694667974,99.985418735101,5,6,1,12,6.02382298370009e-13,1,2,1
P1/D4,414,14,18,26,6,10,22,6,10,14,18,22,26,0.234375000000009,0.234375000000009,240,240,0.234375000000009,32.8125,513.515625,0.928376694667974,99.985418735101,5,6,1,12,6.02382298370009e-13,1,2,1
P1/D4,415,14,18,22,26,10,6,6,10,14,18,22,26,0.234375000000009,0.234375000000009,240,240,240,32.8125,753.28125,0.928529679888708,99.9838283720658,5,6,1,12,5.98838719192908e-13,1,2,1
P1/D4,416,14,18,22,26,6,10,6,10,14,18,22,26,0.234375000000009,0.234375000000009,240,240,240,32.8125,753.28125,0.928529679888708,99.9838283720658,5,6,1,12,5.98838719192908e-13,1,2,1
P1/D4,417,14,18,22,10,26,6,6,10,14,18,22,26,0.234375000000009,30.234375,240,240,240,0.234375000000009,750.703125,0.929367048380124,99.9828147494157,5,6,1,12,5.41194073273609e-13,1,2,1
P1/D4,418,14,18,22,10,6,26,6,10,14,18,22,26,0.234375000000009,30.234375,240,240,240,0.234375000000009,750.703125,0.929367048380124,99.9828147494157,5,6,1,12,5.41194073273609e-13,1,2,1
P1/D4,419,14,18,22,6,26,10,6,10,14,18,22,26,32.8125,0.234375000000009,240,240,240,0.234375000000009,753.28125,0.928527585410262,99.987249621373,5,6,1,12,6.0039321729505e-13,1,2,1
P1/D4,420,14,18,22,6,10,26,6,10,14,18,22,26,32.8125,0.234375000000009,240,240,240,0.234375000000009,753.28125,0.928527585410262,99.987249621373,5,6,1,12,6.0039321729505e-13,1,2,1
P1/D4,421,14,18,10,26,22,6,6,10,14,18,22,26,0.234375000000009,30.234375,240,240,0.234375000000009,0.234375000000009,510.9375,0.929214226632685,99.9843834052158,5,6,1,12,5.44738820340957e-13,1,2,1
P1/D4,422,14,18,10,26,6,22,6,10,14,18,22,26,0.234375000000009,30.234375,240,240,0.234375000000009,0.234375000000009,510.9375,0.929214226632685,99.9843834052158,5,6,1,12,5.44738820340957e-13,1,2,1
P1/D4,423,14,18,10,22,26,6,6,10,14,18,22,26,0.234375000000009,30.234375,240,240,0.234375000000009,0.234375000000009,510.9375,0.929214226632685,99.9843834052158,5,6,1,12,5.44738820340957e-13,1,2,1
P1/D4,424,14,18,10,22,6,26,6,10,14,18,22,26,0.234375000000009,30.234375,240,240,0.234375000000009,0.234375000000009,510.9375,0.929214226632685,99.9843834052158,5,6,1,12,5.44738820340957e-13,1,2,1
P1/D4,425,14,18,10,6,26,22,6,10,14,18,22,26,0.234375000000009,30.234375,240,240,0.234375000000009,0.234375000000009,510.9375,0.929214226632685,99.9843834052158,5,6,1,12,5.44738820340957e-13,1,2,1
P1/D4,426,14,18,10,6,22,26,6,10,14,18,22,26,0.234375000000009,30.234375,240,240,0.234375000000009,0.234375000000009,510.9375,0.929214226632685,99.9843834052158,5,6,1,12,5.44738820340957e-13,1,2,1
P1/D4,427,14,18,6,26,22,10,6,10,14,18,22,26,33.046875,0.234375000000009,240,240,0.234375000000009,0.234375000000009,513.75,0.928378215166434,99.983036763837,5,6,1,12,6.03492920410848e-13,1,2,1
P1/D4,428,14,18,6,26,10,22,6,10,14,18,22,26,33.046875,0.234375000000009,240,240,0.234375000000009,0.234375000000009,513.75,0.928378215166434,99.983036763837,5,6,1,12,6.03492920410848e-13,1,2,1
P1/D4,429,14,18,6,22,26,10,6,10,14,18,22,26,33.046875,0.234375000000009,240,240,0.234375000000009,0.234375000000009,513.75,0.928378215166434,99.983036763837,5,6,1,12,6.03492920410848e-13,1,2,1
P1/D4,430,14,18,6,22,10,26,6,10,14,18,22,26,33.046875,0.234375000000009,240,240,0.234375000000009,0.234375000000009,513.75,0.928378215166434,99.983036763837,5,6,1,12,6.03492920410848e-13,1,2,1
P1/D4,431,14,18,6,10,26,22,6,10,14,18,22,26,33.046875,0.234375000000009,240,240,0.234375000000009,0.234375000000009,513.75,0.928378215166434,99.983036763837,5,6,1,12,6.03492920410848e-13,1,2,1
P1/D4,432,14,18,6,10,22,26,6,10,14,18,22,26,33.046875,0.234375000000009,240,240,0.234375000000009,0.234375000000009,513.75,0.928378215166434,99.983036763837,5,6,1,12,6.03492920410848e-13,1,2,1
P1/D4,433,14,10,26,22,18,6,6,10,14,18,22,26,0.234375000000009,240,240,0.234375000000009,0.234375000000009,48.046875,528.75,0.918083530920504,99.9858522329499,5,6,1,13,1.76330456350457e-13,1,2,1
P1/D4,434,14,10,26,22,6,18,6,10,14,18,22,26,0.234375000000009,240,240,0.234375000000009,0.234375000000009,48.046875,528.75,0.918083530920504,99.9858522329499,5,6,1,13,1.76330456350457e-13,1,2,1
P1/D4,435,14,10,26,18,22,6,6,10,14,18,22,26,0.234375000000009,240,240,0.234375000000009,0.234375000000009,48.046875,528.75,0.918083530920504,99.9858522329499,5,6,1,13,1.76330456350457e-13,1,2,1
P1/D4,436,14,10,26,18,6,22,6,10,14,18,22,26,0.234375000000009,240,240,0.234375000000009,0.234375000000009,48.046875,528.75,0.918083530920504,99.9858522329499,5,6,1,13,1.76330456350457e-13,1,2,1
P1/D4,437,14,10,26,6,22,18,6,10,14,18,22,26,0.234375000000009,240,240,0.234375000000009,0.234375000000009,48.046875,528.75,0.918083530920504,99.9858522329499,5,6,1,13,1.76330456350457e-13,1,2,1
P1/D4,438,14,10,26,6,18,22,6,10,14,18,22,26,0.234375000000009,240,240,0.234375000000009,0.234375000000009,48.046875,528.75,0.918083530920504,99.9858522329499,5,6,1,13,1.76330456350457e-13,1,2,1
P1/D4,439,14,10,22,26,18,6,6,10,14,18,22,26,0.234375000000009,240,240,0.234375000000009,240,48.046875,768.515625,0.918238553143212,99.9841223685446,5,6,1,13,1.74540025904277e-13,1,2,1
P1/D4,440,14,10,22,26,6,18,6,10,14,18,22,26,0.234375000000009,240,240,0.234375000000009,240,48.046875,768.515625,0.918238553143212,99.9841223685446,5,6,1,13,1.74540025904277e-13,1,2,1
P1/D4,441,14,10,22,18,26,6,6,10,14,18,22,26,0.234375000000009,240,240,41.015625,240,0.234375000000009,761.484375,0.921176330359458,99.9878890743305,5,6,1,13,1.20247693241957e-13,1,2,1
P1/D4,442,14,10,22,18,6,26,6,10,14,18,22,26,0.234375000000009,240,240,41.015625,240,0.234375000000009,761.484375,0.921176330359458,99.9878890743305,5,6,1,13,1.20247693241957e-13,1,2,1
P1/D4,443,14,10,22,6,26,18,6,10,14,18,22,26,48.28125,240,240,0.234375000000009,240,0.234375000000009,768.75,0.918239121317078,99.9833162694174,5,6,1,13,1.75317574455063e-13,1,2,1
P1/D4,444,14,10,22,6,18,26,6,10,14,18,22,26,48.28125,240,240,0.234375000000009,240,0.234375000000009,768.75,0.918239121317078,99.9833162694174,5,6,1,13,1.75317574455063e-13,1,2,1
P1/D4,445,14,10,18,26,22,6,6,10,14,18,22,26,0.234375000000009,240,240,41.25,0.234375000000009,0.234375000000009,521.953125,0.921042996584887,99.9827855613479,5,6,1,13,1.20809003794206e-13,1,2,1
P1/D4,446,14,10,18,26,6,22,6,10,14,18,22,26,0.234375000000009,240,240,41.25,0.234375000000009,0.234375000000009,521.953125,0.921042996584887,99.9827855613479,5,6,1,13,1.20809003794206e-13,1,2,1
P1/D4,447,14,10,18,22,26,6,6,10,14,18,22,26,0.234375000000009,240,240,41.25,0.234375000000009,0.234375000000009,521.953125,0.921042996584887,99.9827855613479,5,6,1,13,1.20809003794206e-13,1,2,1
P1/D4,448,14,10,18,22,6,26,6,10,14,18,22,26,0.234375000000009,240,240,41.25,0.234375000000009,0.234375000000009,521.953125,0.921042996584887,99.9827855613479,5,6,1,13,1.20809003794206e-13,1,2,1
P1/D4,449,14,10,18,6,26,22,6,10,14,18,22,26,0.234375000000009,240,240,41.25,0.234375000000009,0.234375000000009,521.953125,0.921042996584887,99.9827855613479,5,6,1,13,1.20809003794206e-13,1,2,1
P1/D4,450,14,10,18,6,22,26,6,10,14,18,22,26,0.234375000000009,240,240,41.25,0.234375000000009,0.234375000000009,521.953125,0.921042996584887,99.9827855613479,5,6,1,13,1.20809003794206e-13,1,2,1
P1/D4,451,14,10,6,26,22,18,6,10,14,18,22,26,48.28125,240,240,0.234375000000009,0.234375000000009,0.234375000000009,528.984375,0.918084098259713,99.9850476596957,5,6,1,13,1.76224962776148e-13,1,2,1
P1/D4,452,14,10,6,26,18,22,6,10,14,18,22,26,48.28125,240,240,0.234375000000009,0.234375000000009,0.234375000000009,528.984375,0.918084098259713,99.9850476596957,5,6,1,13,1.76224962776148e-13,1,2,1
P1/D4,453,14,10,6,22,26,18,6,10,14,18,22,26,48.28125,240,240,0.234375000000009,0.234375000000009,0.234375000000009,528.984375,0.918084098259713,99.9850476596957,5,6,1,13,1.76224962776148e-13,1,2,1
P1/D4,454,14,10,6,22,18,26,6,10,14,18,22,26,48.28125,240,240,0.234375000000009,0.234375000000009,0.234375000000009,528.984375,0.918084098259713,99.9850476596957,5,6,1,13,1.76224962776148e-13,1,2,1
P1/D4,455,14,10,6,18,26,22,6,10,14,18,22,26,48.28125,240,240,0.234375000000009,0.234375000000009,0.234375000000009,528.984375,0.918084098259713,99.9850476596957,5,6,1,13,1.76224962776148e-13,1,2,1
P1/D4,456,14,10,6,18,22,26,6,10,14,18,22,26,48.28125,240,240,0.234375000000009,0.234375000000009,0.234375000000009,528.984375,0.918084098259713,99.9850476596957,5,6,1,13,1.76224962776148e-13,1,2,1
P1/D4,457,14,6,26,22,18,10,6,10,14,18,22,26,240,0.234375000000009,240,0.234375000000009,0.234375000000009,73.828125,554.53125,0.911235512104639,99.9843461437461,5,6,1,13,4.25970736456123e-13,1,2,1
P1/D4,458,14,6,26,22,10,18,6,10,14,18,22,26,240,0.234375000000009,240,0.234375000000009,0.234375000000009,73.828125,554.53125,0.911235512104639,99.9843461437461,5,6,1,13,4.25970736456123e-13,1,2,1
P1/D4,459,14,6,26,18,22,10,6,10,14,18,22,26,240,0.234375000000009,240,0.234375000000009,0.234375000000009,73.828125,554.53125,0.911235512104639,99.9843461437461,5,6,1,13,4.25970736456123e-13,1,2,1
P1/D4,460,14,6,26,18,10,22,6,10,14,18,22,26,240,0.234375000000009,240,0.234375000000009,0.234375000000009,73.828125,554.53125,0.911235512104639,99.9843461437461,5,6,1,13,4.25970736456123e-13,1,2,1
P1/D4,461,14,6,26,10,22,18,6,10,14,18,22,26,240,0.234375000000009,240,0.234375000000009,0.234375000000009,73.828125,554.53125,0.911235512104639,99.9843461437461,5,6,1,13,4.25970736456123e-13,1,2,1
P1/D4,462,14,6,26,10,18,22,6,10,14,18,22,26,240,0.234375000000009,240,0.234375000000009,0.234375000000009,73.828125,554.53125,0.911235512104639,99.9843461437461,5,6,1,13,4.25970736456123e-13,1,2,1
P1/D4,463,14,6,22,26,18,10,6,10,14,18,22,26,240,0.234375000000009,240,0.234375000000009,240,73.828125,794.296875,0.911391962388632,99.982397648992,5,6,1,13,4.23478343265918e-13,1,2,1
P1/D4,464,14,6,22,26,10,18,6,10,14,18,22,26,240,0.234375000000009,240,0.234375000000009,240,73.828125,794.296875,0.911391962388632,99.982397648992,5,6,1,13,4.23478343265918e-13,1,2,1
P1/D4,465,14,6,22,18,26,10,6,10,14,18,22,26,240,0.234375000000009,240,61.875,240,0.234375000000009,782.34375,0.915882490946136,99.9842562645123,5,6,1,13,2.40839739830984e-13,1,2,1
P1/D4,466,14,6,22,18,10,26,6,10,14,18,22,26,240,0.234375000000009,240,61.875,240,0.234375000000009,782.34375,0.915882490946136,99.9842562645123,5,6,1,13,2.40839739830984e-13,1,2,1
P1/D4,467,14,6,22,10,26,18,6,10,14,18,22,26,240,66.328125,240,0.234375000000009,240,0.234375000000009,786.796875,0.913291301058682,99.9848487036183,5,6,1,13,3.30420022657801e-13,1,2,1
P1/D4,468,14,6,22,10,18,26,6,10,14,18,22,26,240,66.328125,240,0.234375000000009,240,0.234375000000009,786.796875,0.913291301058682,99.9848487036183,5,6,1,13,3.30420022657801e-13,1,2,1
P1/D4,469,14,6,18,26,22,10,6,10,14,18,22,26,240,0.234375000000009,240,61.875,0.234375000000009,0.234375000000009,542.578125,0.915726988679806,99.9860985949717,5,6,1,13,2.42747543450096e-13,1,2,1
P1/D4,470,14,6,18,26,10,22,6,10,14,18,22,26,240,0.234375000000009,240,61.875,0.234375000000009,0.234375000000009,542.578125,0.915726988679806,99.9860985949717,5,6,1,13,2.42747543450096e-13,1,2,1
P1/D4,471,14,6,18,22,26,10,6,10,14,18,22,26,240,0.234375000000009,240,61.875,0.234375000000009,0.234375000000009,542.578125,0.915726988679806,99.9860985949717,5,6,1,13,2.42747543450096e-13,1,2,1
P1/D4,472,14,6,18,22,10,26,6,10,14,18,22,26,240,0.234375000000009,240,61.875,0.234375000000009,0.234375000000009,542.578125,0.915726988679806,99.9860985949717,5,6,1,13,2.42747543450096e-13,1,2,1
P1/D4,473,14,6,18,10,26,22,6,10,14,18,22,26,240,0.234375000000009,240,61.875,0.234375000000009,0.234375000000009,542.578125,0.915726988679806,99.9860985949717,5,6,1,13,2.42747543450096e-13,1,2,1
P1/D4,474,14,6,18,10,22,26,6,10,14,18,22,26,240,0.234375000000009,240,61.875,0.234375000000009,0.234375000000009,542.578125,0.915726988679806,99.9860985949717,5,6,1,13,2.42747543450096e-13,1,2,1
P1/D4,475,14,6,10,26,22,18,6,10,14,18,22,26,240,66.328125,240,0.234375000000009,0.234375000000009,0.234375000000009,547.03125,0.913135253692729,99.9867337320403,5,6,1,13,3.3256519623685e-13,1,2,1
P1/D4,476,14,6,10,26,18,22,6,10,14,18,22,26,240,66.328125,240,0.234375000000009,0.234375000000009,0.234375000000009,547.03125,0.913135253692729,99.9867337320403,5,6,1,13,3.3256519623685e-13,1,2,1
P1/D4,477,14,6,10,22,26,18,6,10,14,18,22,26,240,66.328125,240,0.234375000000009,0.234375000000009,0.234375000000009,547.03125,0.913135253692729,99.9867337320403,5,6,1,13,3.3256519623685e-13,1,2,1
P1/D4,478,14,6,10,22,18,26,6,10,14,18,22,26,240,66.328125,240,0.234375000000009,0.234375000000009,0.234375000000009,547.03125,0.913135253692729,99.9867337320403,5,6,1,13,3.3256519623685e-13,1,2,1
P1/D4,479,14,6,10,18,26,22,6,10,14,18,22,26,240,66.328125,240,0.234375000000009,0.234375000000009,0.234375000000009,547.03125,0.913135253692729,99.9867337320403,5,6,1,13,3.3256519623685e-13,1,2,1
P1/D4,480,14,6,10,18,22,26,6,10,14,18,22,26,240,66.328125,240,0.234375000000009,0.234375000000009,0.234375000000009,547.03125,0.913135253692729,99.9867337320403,5,6,1,13,3.3256519623685e-13,1,2,1
P1/D4,481,10,26,22,18,14,6,6,10,14,18,22,26,0.234375000000009,240,0.234375000000009,71.015625,240,240,791.484375,0.911905795505765,99.9829602272892,5,6,1,13,4.29873107978738e-13,1,2,1
P1/D4,482,10,26,22,18,6,14,6,10,14,18,22,26,0.234375000000009,240,0.234375000000009,71.015625,240,240,791.484375,0.911905795505765,99.9829602272892,5,6,1,13,4.29873107978738e-13,1,2,1
P1/D4,483,10,26,22,14,18,6,6,10,14,18,22,26,0.234375000000009,240,73.359375,0.234375000000009,240,240,793.828125,0.910247995300873,99.9805630812241,5,6,1,13,5.14037145717746e-13,1,2,1
P1/D4,484,10,26,22,14,6,18,6,10,14,18,22,26,0.234375000000009,240,73.359375,0.234375000000009,240,240,793.828125,0.910247995300873,99.9805630812241,5,6,1,13,5.14037145717746e-13,1,2,1
P1/D4,485,10,26,22,6,18,14,6,10,14,18,22,26,86.25,240,0.234375000000009,0.234375000000009,240,240,806.71875,0.906679347633917,99.9837712328302,5,6,1,13,8.4356928433407e-13,1,2,1
P1/D4,486,10,26,22,6,14,18,6,10,14,18,22,26,86.25,240,0.234375000000009,0.234375000000009,240,240,806.71875,0.906679347633917,99.9837712328302,5,6,1,13,8.4356928433407e-13,1,2,1
P1/D4,487,10,26,18,22,14,6,6,10,14,18,22,26,0.234375000000009,240,0.234375000000009,71.015625,0.234375000000009,240,551.71875,0.911749427433241,99.9848891658408,5,6,1,13,4.32586187354611e-13,1,2,1
P1/D4,488,10,26,18,22,6,14,6,10,14,18,22,26,0.234375000000009,240,0.234375000000009,71.015625,0.234375000000009,240,551.71875,0.911749427433241,99.9848891658408,5,6,1,13,4.32586187354611e-13,1,2,1
P1/D4,489,10,26,18,14,22,6,6,10,14,18,22,26,0.234375000000009,240,0.234375000000009,71.015625,0.234375000000009,240,551.71875,0.911749427433241,99.9848891658408,5,6,1,13,4.32586187354611e-13,1,2,1
P1/D4,490,10,26,18,14,6,22,6,10,14,18,22,26,0.234375000000009,240,0.234375000000009,71.015625,0.234375000000009,240,551.71875,0.911749427433241,99.9848891658408,5,6,1,13,4.32586187354611e-13,1,2,1
P1/D4,491,10,26,18,6,22,14,6,10,14,18,22,26,0.234375000000009,240,0.234375000000009,71.015625,0.234375000000009,240,551.71875,0.911749427433241,99.9848891658408,5,6,1,13,4.32586187354611e-13,1,2,1
P1/D4,492,10,26,18,6,14,22,6,10,14,18,22,26,0.234375000000009,240,0.234375000000009,71.015625,0.234375000000009,240,551.71875,0.911749427433241,99.9848891658408,5,6,1,13,4.32586187354611e-13,1,2,1
P1/D4,493,10,26,14,22,18,6,6,10,14,18,22,26,0.234375000000009,240,73.359375,0.234375000000009,0.234375000000009,240,554.0625,0.910091278330912,99.9825142710628,5,6,1,13,5.16658121015637e-13,1,2,1
P1/D4,494,10,26,14,22,6,18,6,10,14,18,22,26,0.234375000000009,240,73.359375,0.234375000000009,0.234375000000009,240,554.0625,0.910091278330912,99.9825142710628,5,6,1,13,5.16658121015637e-13,1,2,1
P1/D4,495,10,26,14,18,22,6,6,10,14,18,22,26,0.234375000000009,240,73.359375,0.234375000000009,0.234375000000009,240,554.0625,0.910091278330912,99.9825142710628,5,6,1,13,5.16658121015637e-13,1,2,1
P1/D4,496,10,26,14,18,6,22,6,10,14,18,22,26,0.234375000000009,240,73.359375,0.234375000000009,0.234375000000009,240,554.0625,0.910091278330912,99.9825142710628,5,6,1,13,5.16658121015637e-13,1,2,1
P1/D4,497,10,26,14,6,22,18,6,10,14,18,22,26,0.234375000000009,240,73.359375,0.234375000000009,0.234375000000009,240,554.0625,0.910091278330912,99.9825142710628,5,6,1,13,5.16658121015637e-13,1,2,1
P1/D4,498,10,26,14,6,18,22,6,10,14,18,22,26,0.234375000000009,240,73.359375,0.234375000000009,0.234375000000009,240,554.0625,0.910091278330912,99.9825142710628,5,6,1,13,5.16658121015637e-13,1,2,1
P1/D4,499,10,26,6,22,18,14,6,10,14,18,22,26,86.25,240,0.234375000000009,0.234375000000009,0.234375000000009,240,566.953125,0.906521839400031,99.985838599311,5,6,1,13,8.48128504116733e-13,1,2,1
P1/D4,500,10,26,6,22,14,18,6,10,14,18,22,26,86.25,240,0.234375000000009,0.234375000000009,0.234375000000009,240,566.953125,0.906521839400031,99.985838599311,5,6,1,13,8.48128504116733e-13,1,2,1
P1/D4,501,10,26,6,18,22,14,6,10,14,18,22,26,86.25,240,0.234375000000009,0.234375000000009,0.234375000000009,240,566.953125,0.906521839400031,99.985838599311,5,6,1,13,8.48128504116733e-13,1,2,1
P1/D4,502,10,26,6,18,14,22,6,10,14,18,22,26,86.25,240,0.234375000000009,0.234375000000009,0.234375000000009,240,566.953125,0.906521839400031,99.985838599311,5,6,1,13,8.48128504116733e-13,1,2,1
P1/D4,503,10,26,6,14,22,18,6,10,14,18,22,26,86.25,240,0.234375000000009,0.234375000000009,0.234375000000009,240,566.953125,0.906521839400031,99.985838599311,5,6,1,13,8.48128504116733e-13,1,2,1
P1/D4,504,10,26,6,14,18,22,6,10,14,18,22,26,86.25,240,0.234375000000009,0.234375000000009,0.234375000000009,240,566.953125,0.906521839400031,99.985838599311,5,6,1,13,8.48128504116733e-13,1,2,1
P1/D4,505,10,22,26,18,14,6,6,10,14,18,22,26,0.234375000000009,240,0.234375000000009,71.015625,240,240,791.484375,0.911905795505765,99.9829602272892,5,6,1,13,4.29873107978738e-13,1,2,1
P1/D4,506,10,22,26,18,6,14,6,10,14,18,22,26,0.234375000000009,240,0.234375000000009,71.015625,240,240,791.484375,0.911905795505765,99.9829602272892,5,6,1,13,4.29873107978738e-13,1,2,1
P1/D4,507,10,22,26,14,18,6,6,10,14,18,22,26,0.234375000000009,240,73.359375,0.234375000000009,240,240,793.828125,0.910247995300873,99.9805630812241,5,6,1,13,5.14037145717746e-13,1,2,1
P1/D4,508,10,22,26,14,6,18,6,10,14,18,22,26,0.234375000000009,240,73.359375,0.234375000000009,240,240,793.828125,0.910247995300873,99.9805630812241,5,6,1,13,5.14037145717746e-13,1,2,1
P1/D4,509,10,22,26,6,18,14,6,10,14,18,22,26,86.25,240,0.234375000000009,0.234375000000009,240,240,806.71875,0.906679347633917,99.9837712328302,5,6,1,13,8.4356928433407e-13,1,2,1
P1/D4,510,10,22,26,6,14,18,6,10,14,18,22,26,86.25,240,0.234375000000009,0.234375000000009,240,240,806.71875,0.906679347633917,99.9837712328302,5,6,1,13,8.4356928433407e-13,1,2,1
P1/D4,511,10,22,18,26,14,6,6,10,14,18,22,26,0.234375000000009,240,0.234375000000009,240,240,41.484375,761.953125,0.924056855490562,99.9829397696213,5,6,1,13,9.99737791719787e-14,1,2,1
P1/D4,512,10,22,18,26,6,14,6,10,14,18,22,26,0.234375000000009,240,0.234375000000009,240,240,41.484375,761.953125,0.924056855490562,99.9829397696213,5,6,1,13,9.99737791719787e-14,1,2,1
P1/D4,513,10,22,18,14,26,6,6,10,14,18,22,26,0.234375000000009,240,36.5625,240,240,0.234375000000009,757.03125,0.925759785361085,99.9873091002755,5,6,1,12,8.20961379382762e-13,1,2,1
P1/D4,514,10,22,18,14,6,26,6,10,14,18,22,26,0.234375000000009,240,36.5625,240,240,0.234375000000009,757.03125,0.925759785361085,99.9873091002755,5,6,1,12,8.20961379382762e-13,1,2,1
P1/D4,515,10,22,18,6,26,14,6,10,14,18,22,26,41.484375,240,0.234375000000009,240,240,0.234375000000009,761.953125,0.924054197703581,99.9872564944672,5,6,1,13,1.0041823181875e-13,1,2,1
P1/D4,516,10,22,18,6,14,26,6,10,14,18,22,26,41.484375,240,0.234375000000009,240,240,0.234375000000009,761.953125,0.924054197703581,99.9872564944672,5,6,1,13,1.0041823181875e-13,1,2,1
P1/D4,517,10,22,14,26,18,6,6,10,14,18,22,26,0.234375000000009,240,240,0.234375000000009,240,48.046875,768.515625,0.918238553143212,99.9841223685446,5,6,1,13,1.74540025904277e-13,1,2,1
P1/D4,518,10,22,14,26,6,18,6,10,14,18,22,26,0.234375000000009,240,240,0.234375000000009,240,48.046875,768.515625,0.918238553143212,99.9841223685446,5,6,1,13,1.74540025904277e-13,1,2,1
P1/D4,519,10,22,14,18,26,6,6,10,14,18,22,26,0.234375000000009,240,240,41.015625,240,0.234375000000009,761.484375,0.921176330359458,99.9878890743305,5,6,1,13,1.20247693241957e-13,1,2,1
P1/D4,520,10,22,14,18,6,26,6,10,14,18,22,26,0.234375000000009,240,240,41.015625,240,0.234375000000009,761.484375,0.921176330359458,99.9878890743305,5,6,1,13,1.20247693241957e-13,1,2,1
P1/D4,521,10,22,14,6,26,18,6,10,14,18,22,26,48.28125,240,240,0.234375000000009,240,0.234375000000009,768.75,0.918239121317078,99.9833162694174,5,6,1,13,1.75317574455063e-13,1,2,1
P1/D4,522,10,22,14,6,18,26,6,10,14,18,22,26,48.28125,240,240,0.234375000000009,240,0.234375000000009,768.75,0.918239121317078,99.9833162694174,5,6,1,13,1.75317574455063e-13,1,2,1
P1/D4,523,10,22,6,26,18,14,6,10,14,18,22,26,240,240,0.234375000000009,0.234375000000009,240,86.953125,807.421875,0.906681624593613,99.9805520674651,5,6,1,13,8.47047480980069e-13,1,2,1
P1/D4,524,10,22,6,26,14,18,6,10,14,18,22,26,240,240,0.234375000000009,0.234375000000009,240,86.953125,807.421875,0.906681624593613,99.9805520674651,5,6,1,13,8.47047480980069e-13,1,2,1
P1/D4,525,10,22,6,18,26,14,6,10,14,18,22,26,240,240,0.234375000000009,71.71875,240,0.234375000000009,792.1875,0.911956250658821,99.9850708125391,5,6,1,13,4.31200205588378e-13,1,2,1
P1/D4,526,10,22,6,18,14,26,6,10,14,18,22,26,240,240,0.234375000000009,71.71875,240,0.234375000000009,792.1875,0.911956250658821,99.9850708125391,5,6,1,13,4.31200205588378e-13,1,2,1
P1/D4,527,10,22,6,14,26,18,6,10,14,18,22,26,240,240,74.0625,0.234375000000009,240,0.234375000000009,794.53125,0.910280693946807,99.9832608233217,5,6,1,13,5.15929884797933e-13,1,2,1
P1/D4,528,10,22,6,14,18,26,6,10,14,18,22,26,240,240,74.0625,0.234375000000009,240,0.234375000000009,794.53125,0.910280693946807,99.9832608233217,5,6,1,13,5.15929884797933e-13,1,2,1
P1/D4,529,10,18,26,22,14,6,6,10,14,18,22,26,0.234375000000009,240,0.234375000000009,240,0.234375000000009,41.484375,522.1875,0.92390297624538,99.9846074601782,5,6,1,13,1.00754740908038e-13,1,2,1
P1/D4,530,10,18,26,22,6,14,6,10,14,18,22,26,0.234375000000009,240,0.234375000000009,240,0.234375000000009,41.484375,522.1875,0.92390297624538,99.9846074601782,5,6,1,13,1.00754740908038e-13,1,2,1
P1/D4,531,10,18,26,14,22,6,6,10,14,18,22,26,0.234375000000009,240,0.234375000000009,240,0.234375000000009,41.484375,522.1875,0.92390297624538,99.9846074601782,5,6,1,13,1.00754740908038e-13,1,2,1
P1/D4,532,10,18,26,14,6,22,6,10,14,18,22,26,0.234375000000009,240,0.234375000000009,240,0.234375000000009,41.484375,522.1875,0.92390297624538,99.9846074601782,5,6,1,13,1.00754740908038e-13,1,2,1
P1/D4,533,10,18,26,6,22,14,6,10,14,18,22,26,0.234375000000009,240,0.234375000000009,240,0.234375000000009,41.484375,522.1875,0.92390297624538,99.9846074601782,5,6,1,13,1.00754740908038e-13,1,2,1
P1/D4,534,10,18,26,6,14,22,6,10,14,18,22,26,0.234375000000009,240,0.234375000000009,240,0.234375000000009,41.484375,522.1875,0.92390297624538,99.9846074601782,5,6,1,13,1.00754740908038e-13,1,2,1
P1/D4,535,10,18,22,26,14,6,6,10,14,18,22,26,0.234375000000009,240,0.234375000000009,240,240,41.484375,761.953125,0.924056855490562,99.9829397696213,5,6,1,13,9.99737791719787e-14,1,2,1
P1/D4,536,10,18,22,26,6,14,6,10,14,18,22,26,0.234375000000009,240,0.234375000000009,240,240,41.484375,761.953125,0.924056855490562,99.9829397696213,5,6,1,13,9.99737791719787e-14,1,2,1
P1/D4,537,10,18,22,14,26,6,6,10,14,18,22,26,0.234375000000009,240,36.5625,240,240,0.234375000000009,757.03125,0.925759785361085,99.9873091002755,5,6,1,12,8.20961379382762e-13,1,2,1
P1/D4,538,10,18,22,14,6,26,6,10,14,18,22,26,0.234375000000009,240,36.5625,240,240,0.234375000000009,757.03125,0.925759785361085,99.9873091002755,5,6,1,12,8.20961379382762e-13,1,2,1
P1/D4,539,10,18,22,6,26,14,6,10,14,18,22,26,41.484375,240,0.234375000000009,240,240,0.234375000000009,761.953125,0.924054197703581,99.9872564944672,5,6,1,13,1.0041823181875e-13,1,2,1
P1/D4,540,10,18,22,6,14,26,6,10,14,18,22,26,41.484375,240,0.234375000000009,240,240,0.234375000000009,761.953125,0.924054197703581,99.9872564944672,5,6,1,13,1.0041823181875e-13,1,2,1
P1/D4,541,10,18,14,26,22,6,6,10,14,18,22,26,0.234375000000009,240,36.796875,240,0.234375000000009,0.234375000000009,517.5,0.92562133643788,99.9823660908758,5,6,1,12,8.24045052786666e-13,1,2,1
P1/D4,542,10,18,14,26,6,22,6,10,14,18,22,26,0.234375000000009,240,36.796875,240,0.234375000000009,0.234375000000009,517.5,0.92562133643788,99.9823660908758,5,6,1,12,8.24045052786666e-13,1,2,1
P1/D4,543,10,18,14,22,26,6,6,10,14,18,22,26,0.234375000000009,240,36.796875,240,0.234375000000009,0.234375000000009,517.5,0.92562133643788,99.9823660908758,5,6,1,12,8.24045052786666e-13,1,2,1
P1/D4,544,10,18,14,22,6,26,6,10,14,18,22,26,0.234375000000009,240,36.796875,240,0.234375000000009,0.234375000000009,517.5,0.92562133643788,99.9823660908758,5,6,1,12,8.24045052786666e-13,1,2,1
P1/D4,545,10,18,14,6,26,22,6,10,14,18,22,26,0.234375000000009,240,36.796875,240,0.234375000000009,0.234375000000009,517.5,0.92562133643788,99.9823660908758,5,6,1,12,8.24045052786666e-13,1,2,1
P1/D4,546,10,18,14,6,22,26,6,10,14,18,22,26,0.234375000000009,240,36.796875,240,0.234375000000009,0.234375000000009,517.5,0.92562133643788,99.9823660908758,5,6,1,12,8.24045052786666e-13,1,2,1
P1/D4,547,10,18,6,26,22,14,6,10,14,18,22,26,41.71875,240,0.234375000000009,240,0.234375000000009,0.234375000000009,522.421875,0.923903954091199,99.9831254872989,5,6,1,13,1.00977015888311e-13,1,2,1
P1/D4,548,10,18,6,26,14,22,6,10,14,18,22,26,41.71875,240,0.234375000000009,240,0.234375000000009,0.234375000000009,522.421875,0.923903954091199,99.9831254872989,5,6,1,13,1.00977015888311e-13,1,2,1
P1/D4,549,10,18,6,22,26,14,6,10,14,18,22,26,41.71875,240,0.234375000000009,240,0.234375000000009,0.234375000000009,522.421875,0.923903954091199,99.9831254872989,5,6,1,13,1.00977015888311e-13,1,2,1
P1/D4,550,10,18,6,22,14,26,6,10,14,18,22,26,41.71875,240,0.234375000000009,240,0.234375000000009,0.234375000000009,522.421875,0.923903954091199,99.9831254872989,5,6,1,13,1.00977015888311e-13,1,2,1
P1/D4,551,10,18,6,14,26,22,6,10,14,18,22,26,41.71875,240,0.234375000000009,240,0.234375000000009,0.234375000000009,522.421875,0.923903954091199,99.9831254872989,5,6,1,13,1.00977015888311e-13,1,2,1
P1/D4,552,10,18,6,14,22,26,6,10,14,18,22,26,41.71875,240,0.234375000000009,240,0.234375000000009,0.234375000000009,522.421875,0.923903954091199,99.9831254872989,5,6,1,13,1.00977015888311e-13,1,2,1
P1/D4,553,10,14,26,22,18,6,6,10,14,18,22,26,0.234375000000009,240,240,0.234375000000009,0.234375000000009,48.046875,528.75,0.918083530920504,99.9858522329499,5,6,1,13,1.76330456350457e-13,1,2,1
P1/D4,554,10,14,26,22,6,18,6,10,14,18,22,26,0.234375000000009,240,240,0.234375000000009,0.234375000000009,48.046875,528.75,0.918083530920504,99.9858522329499,5,6,1,13,1.76330456350457e-13,1,2,1
P1/D4,555,10,14,26,18,22,6,6,10,14,18,22,26,0.234375000000009,240,240,0.234375000000009,0.234375000000009,48.046875,528.75,0.918083530920504,99.9858522329499,5,6,1,13,1.76330456350457e-13,1,2,1
P1/D4,556,10,14,26,18,6,22,6,10,14,18,22,26,0.234375000000009,240,240,0.234375000000009,0.234375000000009,48.046875,528.75,0.918083530920504,99.9858522329499,5,6,1,13,1.76330456350457e-13,1,2,1
P1/D4,557,10,14,26,6,22,18,6,10,14,18,22,26,0.234375000000009,240,240,0.234375000000009,0.234375000000009,48.046875,528.75,0.918083530920504,99.9858522329499,5,6,1,13,1.76330456350457e-13,1,2,1
P1/D4,558,10,14,26,6,18,22,6,10,14,18,22,26,0.234375000000009,240,240,0.234375000000009,0.234375000000009,48.046875,528.75,0.918083530920504,99.9858522329499,5,6,1,13,1.76330456350457e-13,1,2,1
P1/D4,559,10,14,22,26,18,6,6,10,14,18,22,26,0.234375000000009,240,240,0.234375000000009,240,48.046875,768.515625,0.918238553143212,99.9841223685446,5,6,1,13,1.74540025904277e-13,1,2,1
P1/D4,560,10,14,22,26,6,18,6,10,14,18,22,26,0.234375000000009,240,240,0.234375000000009,240,48.046875,768.515625,0.918238553143212,99.9841223685446,5,6,1,13,1.74540025904277e-13,1,2,1
P1/D4,561,10,14,22,18,26,6,6,10,14,18,22,26,0.234375000000009,240,240,41.015625,240,0.234375000000009,761.484375,0.921176330359458,99.9878890743305,5,6,1,13,1.20247693241957e-13,1,2,1
P1/D4,562,10,14,22,18,6,26,6,10,14,18,22,26,0.234375000000009,240,240,41.015625,240,0.234375000000009,761.484375,0.921176330359458,99.9878890743305,5,6,1,13,1.20247693241957e-13,1,2,1
P1/D4,563,10,14,22,6,26,18,6,10,14,18,22,26,48.28125,240,240,0.234375000000009,240,0.234375000000009,768.75,0.918239121317078,99.9833162694174,5,6,1,13,1.75317574455063e-13,1,2,1
P1/D4,564,10,14,22,6,18,26,6,10,14,18,22,26,48.28125,240,240,0.234375000000009,240,0.234375000000009,768.75,0.918239121317078,99.9833162694174,5,6,1,13,1.75317574455063e-13,1,2,1
P1/D4,565,10,14,18,26,22,6,6,10,14,18,22,26,0.234375000000009,240,240,41.25,0.234375000000009,0.234375000000009,521.953125,0.921042996584887,99.9827855613479,5,6,1,13,1.20809003794206e-13,1,2,1
P1/D4,566,10,14,18,26,6,22,6,10,14,18,22,26,0.234375000000009,240,240,41.25,0.234375000000009,0.234375000000009,521.953125,0.921042996584887,99.9827855613479,5,6,1,13,1.20809003794206e-13,1,2,1
P1/D4,567,10,14,18,22,26,6,6,10,14,18,22,26,0.234375000000009,240,240,41.25,0.234375000000009,0.234375000000009,521.953125,0.921042996584887,99.9827855613479,5,6,1,13,1.20809003794206e-13,1,2,1
P1/D4,568,10,14,18,22,6,26,6,10,14,18,22,26,0.234375000000009,240,240,41.25,0.234375000000009,0.234375000000009,521.953125,0.921042996584887,99.9827855613479,5,6,1,13,1.20809003794206e-13,1,2,1
P1/D4,569,10,14,18,6,26,22,6,10,14,18,22,26,0.234375000000009,240,240,41.25,0.234375000000009,0.234375000000009,521.953125,0.921042996584887,99.9827855613479,5,6,1,13,1.20809003794206e-13,1,2,1
P1/D4,570,10,14,18,6,22,26,6,10,14,18,22,26,0.234375000000009,240,240,41.25,0.234375000000009,0.234375000000009,521.953125,0.921042996584887,99.9827855613479,5,6,1,13,1.20809003794206e-13,1,2,1
P1/D4,571,10,14,6,26,22,18,6,10,14,18,22,26,48.28125,240,240,0.234375000000009,0.234375000000009,0.234375000000009,528.984375,0.918084098259713,99.9850476596957,5,6,1,13,1.76224962776148e-13,1,2,1
P1/D4,572,10,14,6,26,18,22,6,10,14,18,22,26,48.28125,240,240,0.234375000000009,0.234375000000009,0.234375000000009,528.984375,0.918084098259713,99.9850476596957,5,6,1,13,1.76224962776148e-13,1,2,1
P1/D4,573,10,14,6,22,26,18,6,10,14,18,22,26,48.28125,240,240,0.234375000000009,0.234375000000009,0.234375000000009,528.984375,0.918084098259713,99.9850476596957,5,6,1,13,1.76224962776148e-13,1,2,1
P1/D4,574,10,14,6,22,18,26,6,10,14,18,22,26,48.28125,240,240,0.234375000000009,0.234375000000009,0.234375000000009,528.984375,0.918084098259713,99.9850476596957,5,6,1,13,1.76224962776148e-13,1,2,1
P1/D4,575,10,14,6,18,26,22,6,10,14,18,22,26,48.28125,240,240,0.234375000000009,0.234375000000009,0.234375000000009,528.984375,0.918084098259713,99.9850476596957,5,6,1,13,1.76224962776148e-13,1,2,1
P1/D4,576,10,14,6,18,22,26,6,10,14,18,22,26,48.28125,240,240,0.234375000000009,0.234375000000009,0.234375000000009,528.984375,0.918084098259713,99.9850476596957,5,6,1,13,1.76224962776148e-13,1,2,1
P1/D4,577,10,6,26,22,18,14,6,10,14,18,22,26,240,240,0.234375000000009,0.234375000000009,0.234375000000009,86.953125,567.65625,0.906524114088371,99.9826237616268,5,6,1,13,8.5193413079262e-13,1,2,1
P1/D4,578,10,6,26,22,14,18,6,10,14,18,22,26,240,240,0.234375000000009,0.234375000000009,0.234375000000009,86.953125,567.65625,0.906524114088371,99.9826237616268,5,6,1,13,8.5193413079262e-13,1,2,1
P1/D4,579,10,6,26,18,22,14,6,10,14,18,22,26,240,240,0.234375000000009,0.234375000000009,0.234375000000009,86.953125,567.65625,0.906524114088371,99.9826237616268,5,6,1,13,8.5193413079262e-13,1,2,1
P1/D4,580,10,6,26,18,14,22,6,10,14,18,22,26,240,240,0.234375000000009,0.234375000000009,0.234375000000009,86.953125,567.65625,0.906524114088371,99.9826237616268,5,6,1,13,8.5193413079262e-13,1,2,1
P1/D4,581,10,6,26,14,22,18,6,10,14,18,22,26,240,240,0.234375000000009,0.234375000000009,0.234375000000009,86.953125,567.65625,0.906524114088371,99.9826237616268,5,6,1,13,8.5193413079262e-13,1,2,1
P1/D4,582,10,6,26,14,18,22,6,10,14,18,22,26,240,240,0.234375000000009,0.234375000000009,0.234375000000009,86.953125,567.65625,0.906524114088371,99.9826237616268,5,6,1,13,8.5193413079262e-13,1,2,1
P1/D4,583,10,6,22,26,18,14,6,10,14,18,22,26,240,240,0.234375000000009,0.234375000000009,240,86.953125,807.421875,0.906681624593613,99.9805520674651,5,6,1,13,8.47047480980069e-13,1,2,1
P1/D4,584,10,6,22,26,14,18,6,10,14,18,22,26,240,240,0.234375000000009,0.234375000000009,240,86.953125,807.421875,0.906681624593613,99.9805520674651,5,6,1,13,8.47047480980069e-13,1,2,1
P1/D4,585,10,6,22,18,26,14,6,10,14,18,22,26,240,240,0.234375000000009,71.71875,240,0.234375000000009,792.1875,0.911956250658821,99.9850708125391,5,6,1,13,4.31200205588378e-13,1,2,1
P1/D4,586,10,6,22,18,14,26,6,10,14,18,22,26,240,240,0.234375000000009,71.71875,240,0.234375000000009,792.1875,0.911956250658821,99.9850708125391,5,6,1,13,4.31200205588378e-13,1,2,1
P1/D4,587,10,6,22,14,26,18,6,10,14,18,22,26,240,240,74.0625,0.234375000000009,240,0.234375000000009,794.53125,0.910280693946807,99.9832608233217,5,6,1,13,5.15929884797933e-13,1,2,1
P1/D4,588,10,6,22,14,18,26,6,10,14,18,22,26,240,240,74.0625,0.234375000000009,240,0.234375000000009,794.53125,0.910280693946807,99.9832608233217,5,6,1,13,5.15929884797933e-13,1,2,1
P1/D4,589,10,6,18,26,22,14,6,10,14,18,22,26,240,240,0.234375000000009,71.71875,0.234375000000009,0.234375000000009,552.421875,0.91179988896753,99.9870056309236,5,6,1,13,4.33911984835865e-13,1,2,1
P1/D4,590,10,6,18,26,14,22,6,10,14,18,22,26,240,240,0.234375000000009,71.71875,0.234375000000009,0.234375000000009,552.421875,0.91179988896753,99.9870056309236,5,6,1,13,4.33911984835865e-13,1,2,1
P1/D4,591,10,6,18,22,26,14,6,10,14,18,22,26,240,240,0.234375000000009,71.71875,0.234375000000009,0.234375000000009,552.421875,0.91179988896753,99.9870056309236,5,6,1,13,4.33911984835865e-13,1,2,1
P1/D4,592,10,6,18,22,14,26,6,10,14,18,22,26,240,240,0.234375000000009,71.71875,0.234375000000009,0.234375000000009,552.421875,0.91179988896753,99.9870056309236,5,6,1,13,4.33911984835865e-13,1,2,1
P1/D4,593,10,6,18,14,26,22,6,10,14,18,22,26,240,240,0.234375000000009,71.71875,0.234375000000009,0.234375000000009,552.421875,0.91179988896753,99.9870056309236,5,6,1,13,4.33911984835865e-13,1,2,1
P1/D4,594,10,6,18,14,22,26,6,10,14,18,22,26,240,240,0.234375000000009,71.71875,0.234375000000009,0.234375000000009,552.421875,0.91179988896753,99.9870056309236,5,6,1,13,4.33911984835865e-13,1,2,1
P1/D4,595,10,6,14,26,22,18,6,10,14,18,22,26,240,240,74.0625,0.234375000000009,0.234375000000009,0.234375000000009,554.765625,0.910123979710208,99.9852181304949,5,6,1,13,5.19762401799517e-13,1,2,1
P1/D4,596,10,6,14,26,18,22,6,10,14,18,22,26,240,240,74.0625,0.234375000000009,0.234375000000009,0.234375000000009,554.765625,0.910123979710208,99.9852181304949,5,6,1,13,5.19762401799517e-13,1,2,1
P1/D4,597,10,6,14,22,26,18,6,10,14,18,22,26,240,240,74.0625,0.234375000000009,0.234375000000009,0.234375000000009,554.765625,0.910123979710208,99.9852181304949,5,6,1,13,5.19762401799517e-13,1,2,1
P1/D4,598,10,6,14,22,18,26,6,10,14,18,22,26,240,240,74.0625,0.234375000000009,0.234375000000009,0.234375000000009,554.765625,0.910123979710208,99.9852181304949,5,6,1,13,5.19762401799517e-13,1,2,1
P1/D4,599,10,6,14,18,26,22,6,10,14,18,22,26,240,240,74.0625,0.234375000000009,0.234375000000009,0.234375000000009,554.765625,0.910123979710208,99.9852181304949,5,6,1,13,5.19762401799517e-13,1,2,1
P1/D4,600,10,6,14,18,22,26,6,10,14,18,22,26,240,240,74.0625,0.234375000000009,0.234375000000009,0.234375000000009,554.765625,0.910123979710208,99.9852181304949,5,6,1,13,5.19762401799517e-13,1,2,1
P1/D4,601,6,26,22,18,14,10,6,10,14,18,22,26,240,0.234375000000009,0.234375000000009,95.625,240,240,816.09375,0.906770161559392,99.9833905479112,5,6,1,13,8.59036502404611e-13,1,2,1
P1/D4,602,6,26,22,18,10,14,6,10,14,18,22,26,240,0.234375000000009,0.234375000000009,95.625,240,240,816.09375,0.906770161559392,99.9833905479112,5,6,1,13,8.59036502404611e-13,1,2,1
P1/D4,603,6,26,22,14,18,10,6,10,14,18,22,26,240,0.234375000000009,98.671875,0.234375000000009,240,240,819.140625,0.904521227592043,99.9812390198833,5,6,1,14,1.26920418212417e-13,1,2,1
P1/D4,604,6,26,22,14,10,18,6,10,14,18,22,26,240,0.234375000000009,98.671875,0.234375000000009,240,240,819.140625,0.904521227592043,99.9812390198833,5,6,1,14,1.26920418212417e-13,1,2,1
P1/D4,605,6,26,22,10,18,14,6,10,14,18,22,26,240,103.828125,0.234375000000009,0.234375000000009,240,240,824.296875,0.902704377816295,99.9845375758196,5,6,1,14,1.69982488061976e-13,1,2,1
P1/D4,606,6,26,22,10,14,18,6,10,14,18,22,26,240,103.828125,0.234375000000009,0.234375000000009,240,240,824.296875,0.902704377816295,99.9845375758196,5,6,1,14,1.69982488061976e-13,1,2,1
P1/D4,607,6,26,18,22,14,10,6,10,14,18,22,26,240,0.234375000000009,0.234375000000009,95.625,0.234375000000009,240,576.328125,0.906612675118072,99.9855299862035,5,6,1,13,8.63702342010357e-13,1,2,1
P1/D4,608,6,26,18,22,10,14,6,10,14,18,22,26,240,0.234375000000009,0.234375000000009,95.625,0.234375000000009,240,576.328125,0.906612675118072,99.9855299862035,5,6,1,13,8.63702342010357e-13,1,2,1
P1/D4,609,6,26,18,14,22,10,6,10,14,18,22,26,240,0.234375000000009,0.234375000000009,95.625,0.234375000000009,240,576.328125,0.906612675118072,99.9855299862035,5,6,1,13,8.63702342010357e-13,1,2,1
P1/D4,610,6,26,18,14,10,22,6,10,14,18,22,26,240,0.234375000000009,0.234375000000009,95.625,0.234375000000009,240,576.328125,0.906612675118072,99.9855299862035,5,6,1,13,8.63702342010357e-13,1,2,1
P1/D4,611,6,26,18,10,22,14,6,10,14,18,22,26,240,0.234375000000009,0.234375000000009,95.625,0.234375000000009,240,576.328125,0.906612675118072,99.9855299862035,5,6,1,13,8.63702342010357e-13,1,2,1
P1/D4,612,6,26,18,10,14,22,6,10,14,18,22,26,240,0.234375000000009,0.234375000000009,95.625,0.234375000000009,240,576.328125,0.906612675118072,99.9855299862035,5,6,1,13,8.63702342010357e-13,1,2,1
P1/D4,613,6,26,14,22,18,10,6,10,14,18,22,26,240,0.234375000000009,98.671875,0.234375000000009,0.234375000000009,240,579.375,0.904363263005241,99.9834085285035,5,6,1,14,1.28134577961014e-13,1,2,1
P1/D4,614,6,26,14,22,10,18,6,10,14,18,22,26,240,0.234375000000009,98.671875,0.234375000000009,0.234375000000009,240,579.375,0.904363263005241,99.9834085285035,5,6,1,14,1.28134577961014e-13,1,2,1
P1/D4,615,6,26,14,18,22,10,6,10,14,18,22,26,240,0.234375000000009,98.671875,0.234375000000009,0.234375000000009,240,579.375,0.904363263005241,99.9834085285035,5,6,1,14,1.28134577961014e-13,1,2,1
P1/D4,616,6,26,14,18,10,22,6,10,14,18,22,26,240,0.234375000000009,98.671875,0.234375000000009,0.234375000000009,240,579.375,0.904363263005241,99.9834085285035,5,6,1,14,1.28134577961014e-13,1,2,1
P1/D4,617,6,26,14,10,22,18,6,10,14,18,22,26,240,0.234375000000009,98.671875,0.234375000000009,0.234375000000009,240,579.375,0.904363263005241,99.9834085285035,5,6,1,14,1.28134577961014e-13,1,2,1
P1/D4,618,6,26,14,10,18,22,6,10,14,18,22,26,240,0.234375000000009,98.671875,0.234375000000009,0.234375000000009,240,579.375,0.904363263005241,99.9834085285035,5,6,1,14,1.28134577961014e-13,1,2,1
P1/D4,619,6,26,10,22,18,14,6,10,14,18,22,26,240,104.0625,0.234375000000009,0.234375000000009,0.234375000000009,240,584.765625,0.902557121600386,99.9802041523912,5,6,1,14,1.7086256954847e-13,1,2,1
P1/D4,620,6,26,10,22,14,18,6,10,14,18,22,26,240,104.0625,0.234375000000009,0.234375000000009,0.234375000000009,240,584.765625,0.902557121600386,99.9802041523912,5,6,1,14,1.7086256954847e-13,1,2,1
P1/D4,621,6,26,10,18,22,14,6,10,14,18,22,26,240,104.0625,0.234375000000009,0.234375000000009,0.234375000000009,240,584.765625,0.902557121600386,99.9802041523912,5,6,1,14,1.7086256954847e-13,1,2,1
P1/D4,622,6,26,10,18,14,22,6,10,14,18,22,26,240,104.0625,0.234375000000009,0.234375000000009,0.234375000000009,240,584.765625,0.902557121600386,99.9802041523912,5,6,1,14,1.7086256954847e-13,1,2,1
P1/D4,623,6,26,10,14,22,18,6,10,14,18,22,26,240,104.0625,0.234375000000009,0.234375000000009,0.234375000000009,240,584.765625,0.902557121600386,99.9802041523912,5,6,1,14,1.7086256954847e-13,1,2,1
P1/D4,624,6,26,10,14,18,22,6,10,14,18,22,26,240,104.0625,0.234375000000009,0.234375000000009,0.234375000000009,240,584.765625,0.902557121600386,99.9802041523912,5,6,1,14,1.7086256954847e-13,1,2,1
P1/D4,625,6,22,26,18,14,10,6,10,14,18,22,26,240,0.234375000000009,0.234375000000009,95.625,240,240,816.09375,0.906770161559392,99.9833905479112,5,6,1,13,8.59036502404611e-13,1,2,1
P1/D4,626,6,22,26,18,10,14,6,10,14,18,22,26,240,0.234375000000009,0.234375000000009,95.625,240,240,816.09375,0.906770161559392,99.9833905479112,5,6,1,13,8.59036502404611e-13,1,2,1
P1/D4,627,6,22,26,14,18,10,6,10,14,18,22,26,240,0.234375000000009,98.671875,0.234375000000009,240,240,819.140625,0.904521227592043,99.9812390198833,5,6,1,14,1.26920418212417e-13,1,2,1
P1/D4,628,6,22,26,14,10,18,6,10,14,18,22,26,240,0.234375000000009,98.671875,0.234375000000009,240,240,819.140625,0.904521227592043,99.9812390198833,5,6,1,14,1.26920418212417e-13,1,2,1
P1/D4,629,6,22,26,10,18,14,6,10,14,18,22,26,240,103.828125,0.234375000000009,0.234375000000009,240,240,824.296875,0.902704377816295,99.9845375758196,5,6,1,14,1.69982488061976e-13,1,2,1
P1/D4,630,6,22,26,10,14,18,6,10,14,18,22,26,240,103.828125,0.234375000000009,0.234375000000009,240,240,824.296875,0.902704377816295,99.9845375758196,5,6,1,14,1.69982488061976e-13,1,2,1
P1/D4,631,6,22,18,26,14,10,6,10,14,18,22,26,240,0.234375000000009,0.234375000000009,240,240,67.03125,787.5,0.917260165633967,99.9813865444612,5,6,1,13,2.51658364207687e-13,1,2,1
P1/D4,632,6,22,18,26,10,14,6,10,14,18,22,26,240,0.234375000000009,0.234375000000009,240,240,67.03125,787.5,0.917260165633967,99.9813865444612,5,6,1,13,2.51658364207687e-13,1,2,1
P1/D4,633,6,22,18,14,26,10,6,10,14,18,22,26,240,0.234375000000009,57.890625,240,240,0.234375000000009,778.359375,0.92000042124424,99.9871698258084,5,6,1,13,1.72857234907038e-13,1,2,1
P1/D4,634,6,22,18,14,10,26,6,10,14,18,22,26,240,0.234375000000009,57.890625,240,240,0.234375000000009,778.359375,0.92000042124424,99.9871698258084,5,6,1,13,1.72857234907038e-13,1,2,1
P1/D4,635,6,22,18,10,26,14,6,10,14,18,22,26,240,60.234375,0.234375000000009,240,240,0.234375000000009,780.703125,0.918971683038095,99.9843238240765,5,6,1,13,1.98865161048102e-13,1,2,1
P1/D4,636,6,22,18,10,14,26,6,10,14,18,22,26,240,60.234375,0.234375000000009,240,240,0.234375000000009,780.703125,0.918971683038095,99.9843238240765,5,6,1,13,1.98865161048102e-13,1,2,1
P1/D4,637,6,22,14,26,18,10,6,10,14,18,22,26,240,0.234375000000009,240,0.234375000000009,240,73.828125,794.296875,0.911391962388632,99.982397648992,5,6,1,13,4.23478343265918e-13,1,2,1
P1/D4,638,6,22,14,26,10,18,6,10,14,18,22,26,240,0.234375000000009,240,0.234375000000009,240,73.828125,794.296875,0.911391962388632,99.982397648992,5,6,1,13,4.23478343265918e-13,1,2,1
P1/D4,639,6,22,14,18,26,10,6,10,14,18,22,26,240,0.234375000000009,240,61.875,240,0.234375000000009,782.34375,0.915882490946136,99.9842562645123,5,6,1,13,2.40839739830984e-13,1,2,1
P1/D4,640,6,22,14,18,10,26,6,10,14,18,22,26,240,0.234375000000009,240,61.875,240,0.234375000000009,782.34375,0.915882490946136,99.9842562645123,5,6,1,13,2.40839739830984e-13,1,2,1
P1/D4,641,6,22,14,10,26,18,6,10,14,18,22,26,240,66.328125,240,0.234375000000009,240,0.234375000000009,786.796875,0.913291301058682,99.9848487036183,5,6,1,13,3.30420022657801e-13,1,2,1
P1/D4,642,6,22,14,10,18,26,6,10,14,18,22,26,240,66.328125,240,0.234375000000009,240,0.234375000000009,786.796875,0.913291301058682,99.9848487036183,5,6,1,13,3.30420022657801e-13,1,2,1
P1/D4,643,6,22,10,26,18,14,6,10,14,18,22,26,240,240,0.234375000000009,0.234375000000009,240,86.953125,807.421875,0.906681624593613,99.9805520674651,5,6,1,13,8.47047480980069e-13,1,2,1
P1/D4,644,6,22,10,26,14,18,6,10,14,18,22,26,240,240,0.234375000000009,0.234375000000009,240,86.953125,807.421875,0.906681624593613,99.9805520674651,5,6,1,13,8.47047480980069e-13,1,2,1
P1/D4,645,6,22,10,18,26,14,6,10,14,18,22,26,240,240,0.234375000000009,71.71875,240,0.234375000000009,792.1875,0.911956250658821,99.9850708125391,5,6,1,13,4.31200205588378e-13,1,2,1
P1/D4,646,6,22,10,18,14,26,6,10,14,18,22,26,240,240,0.234375000000009,71.71875,240,0.234375000000009,792.1875,0.911956250658821,99.9850708125391,5,6,1,13,4.31200205588378e-13,1,2,1
P1/D4,647,6,22,10,14,26,18,6,10,14,18,22,26,240,240,74.0625,0.234375000000009,240,0.234375000000009,794.53125,0.910280693946807,99.9832608233217,5,6,1,13,5.15929884797933e-13,1,2,1
P1/D4,648,6,22,10,14,18,26,6,10,14,18,22,26,240,240,74.0625,0.234375000000009,240,0.234375000000009,794.53125,0.910280693946807,99.9832608233217,5,6,1,13,5.15929884797933e-13,1,2,1
P1/D4,649,6,18,26,22,14,10,6,10,14,18,22,26,240,0.234375000000009,0.234375000000009,240,0.234375000000009,67.03125,547.734375,0.917104892010706,99.9832689816318,5,6,1,13,2.5323076019921e-13,1,2,1
P1/D4,650,6,18,26,22,10,14,6,10,14,18,22,26,240,0.234375000000009,0.234375000000009,240,0.234375000000009,67.03125,547.734375,0.917104892010706,99.9832689816318,5,6,1,13,2.5323076019921e-13,1,2,1
P1/D4,651,6,18,26,14,22,10,6,10,14,18,22,26,240,0.234375000000009,0.234375000000009,240,0.234375000000009,67.03125,547.734375,0.917104892010706,99.9832689816318,5,6,1,13,2.5323076019921e-13,1,2,1
P1/D4,652,6,18,26,14,10,22,6,10,14,18,22,26,240,0.234375000000009,0.234375000000009,240,0.234375000000009,67.03125,547.734375,0.917104892010706,99.9832689816318,5,6,1,13,2.5323076019921e-13,1,2,1
P1/D4,653,6,18,26,10,22,14,6,10,14,18,22,26,240,0.234375000000009,0.234375000000009,240,0.234375000000009,67.03125,547.734375,0.917104892010706,99.9832689816318,5,6,1,13,2.5323076019921e-13,1,2,1
P1/D4,654,6,18,26,10,14,22,6,10,14,18,22,26,240,0.234375000000009,0.234375000000009,240,0.234375000000009,67.03125,547.734375,0.917104892010706,99.9832689816318,5,6,1,13,2.5323076019921e-13,1,2,1
P1/D4,655,6,18,22,26,14,10,6,10,14,18,22,26,240,0.234375000000009,0.234375000000009,240,240,67.03125,787.5,0.917260165633967,99.9813865444612,5,6,1,13,2.51658364207687e-13,1,2,1
P1/D4,656,6,18,22,26,10,14,6,10,14,18,22,26,240,0.234375000000009,0.234375000000009,240,240,67.03125,787.5,0.917260165633967,99.9813865444612,5,6,1,13,2.51658364207687e-13,1,2,1
P1/D4,657,6,18,22,14,26,10,6,10,14,18,22,26,240,0.234375000000009,57.890625,240,240,0.234375000000009,778.359375,0.92000042124424,99.9871698258084,5,6,1,13,1.72857234907038e-13,1,2,1
P1/D4,658,6,18,22,14,10,26,6,10,14,18,22,26,240,0.234375000000009,57.890625,240,240,0.234375000000009,778.359375,0.92000042124424,99.9871698258084,5,6,1,13,1.72857234907038e-13,1,2,1
P1/D4,659,6,18,22,10,26,14,6,10,14,18,22,26,240,60.234375,0.234375000000009,240,240,0.234375000000009,780.703125,0.918971683038095,99.9843238240765,5,6,1,13,1.98865161048102e-13,1,2,1
P1/D4,660,6,18,22,10,14,26,6,10,14,18,22,26,240,60.234375,0.234375000000009,240,240,0.234375000000009,780.703125,0.918971683038095,99.9843238240765,5,6,1,13,1.98865161048102e-13,1,2,1
P1/D4,661,6,18,14,26,22,10,6,10,14,18,22,26,240,0.234375000000009,58.125,240,0.234375000000009,0.234375000000009,538.828125,0.919861051443448,99.9822920367923,5,6,1,13,1.73421851503093e-13,1,2,1
P1/D4,662,6,18,14,26,10,22,6,10,14,18,22,26,240,0.234375000000009,58.125,240,0.234375000000009,0.234375000000009,538.828125,0.919861051443448,99.9822920367923,5,6,1,13,1.73421851503093e-13,1,2,1
P1/D4,663,6,18,14,22,26,10,6,10,14,18,22,26,240,0.234375000000009,58.125,240,0.234375000000009,0.234375000000009,538.828125,0.919861051443448,99.9822920367923,5,6,1,13,1.73421851503093e-13,1,2,1
P1/D4,664,6,18,14,22,10,26,6,10,14,18,22,26,240,0.234375000000009,58.125,240,0.234375000000009,0.234375000000009,538.828125,0.919861051443448,99.9822920367923,5,6,1,13,1.73421851503093e-13,1,2,1
P1/D4,665,6,18,14,10,26,22,6,10,14,18,22,26,240,0.234375000000009,58.125,240,0.234375000000009,0.234375000000009,538.828125,0.919861051443448,99.9822920367923,5,6,1,13,1.73421851503093e-13,1,2,1
P1/D4,666,6,18,14,10,22,26,6,10,14,18,22,26,240,0.234375000000009,58.125,240,0.234375000000009,0.234375000000009,538.828125,0.919861051443448,99.9822920367923,5,6,1,13,1.73421851503093e-13,1,2,1
P1/D4,667,6,18,10,26,22,14,6,10,14,18,22,26,240,60.234375,0.234375000000009,240,0.234375000000009,0.234375000000009,540.9375,0.918816766787643,99.9861494996067,5,6,1,13,1.99436743665947e-13,1,2,1
P1/D4,668,6,18,10,26,14,22,6,10,14,18,22,26,240,60.234375,0.234375000000009,240,0.234375000000009,0.234375000000009,540.9375,0.918816766787643,99.9861494996067,5,6,1,13,1.99436743665947e-13,1,2,1
P1/D4,669,6,18,10,22,26,14,6,10,14,18,22,26,240,60.234375,0.234375000000009,240,0.234375000000009,0.234375000000009,540.9375,0.918816766787643,99.9861494996067,5,6,1,13,1.99436743665947e-13,1,2,1
P1/D4,670,6,18,10,22,14,26,6,10,14,18,22,26,240,60.234375,0.234375000000009,240,0.234375000000009,0.234375000000009,540.9375,0.918816766787643,99.9861494996067,5,6,1,13,1.99436743665947e-13,1,2,1
P1/D4,671,6,18,10,14,26,22,6,10,14,18,22,26,240,60.234375,0.234375000000009,240,0.234375000000009,0.234375000000009,540.9375,0.918816766787643,99.9861494996067,5,6,1,13,1.99436743665947e-13,1,2,1
P1/D4,672,6,18,10,14,22,26,6,10,14,18,22,26,240,60.234375,0.234375000000009,240,0.234375000000009,0.234375000000009,540.9375,0.918816766787643,99.9861494996067,5,6,1,13,1.99436743665947e-13,1,2,1
P1/D4,673,6,14,26,22,18,10,6,10,14,18,22,26,240,0.234375000000009,240,0.234375000000009,0.234375000000009,73.828125,554.53125,0.911235512104639,99.9843461437461,5,6,1,13,4.25970736456123e-13,1,2,1
P1/D4,674,6,14,26,22,10,18,6,10,14,18,22,26,240,0.234375000000009,240,0.234375000000009,0.234375000000009,73.828125,554.53125,0.911235512104639,99.9843461437461,5,6,1,13,4.25970736456123e-13,1,2,1
P1/D4,675,6,14,26,18,22,10,6,10,14,18,22,26,240,0.234375000000009,240,0.234375000000009,0.234375000000009,73.828125,554.53125,0.911235512104639,99.9843461437461,5,6,1,13,4.25970736456123e-13,1,2,1
P1/D4,676,6,14,26,18,10,22,6,10,14,18,22,26,240,0.234375000000009,240,0.234375000000009,0.234375000000009,73.828125,554.53125,0.911235512104639,99.9843461437461,5,6,1,13,4.25970736456123e-13,1,2,1
P1/D4,677,6,14,26,10,22,18,6,10,14,18,22,26,240,0.234375000000009,240,0.234375000000009,0.234375000000009,73.828125,554.53125,0.911235512104639,99.9843461437461,5,6,1,13,4.25970736456123e-13,1,2,1
P1/D4,678,6,14,26,10,18,22,6,10,14,18,22,26,240,0.234375000000009,240,0.234375000000009,0.234375000000009,73.828125,554.53125,0.911235512104639,99.9843461437461,5,6,1,13,4.25970736456123e-13,1,2,1
P1/D4,679,6,14,22,26,18,10,6,10,14,18,22,26,240,0.234375000000009,240,0.234375000000009,240,73.828125,794.296875,0.911391962388632,99.982397648992,5,6,1,13,4.23478343265918e-13,1,2,1
P1/D4,680,6,14,22,26,10,18,6,10,14,18,22,26,240,0.234375000000009,240,0.234375000000009,240,73.828125,794.296875,0.911391962388632,99.982397648992,5,6,1,13,4.23478343265918e-13,1,2,1
P1/D4,681,6,14,22,18,26,10,6,10,14,18,22,26,240,0.234375000000009,240,61.875,240,0.234375000000009,782.34375,0.915882490946136,99.9842562645123,5,6,1,13,2.40839739830984e-13,1,2,1
P1/D4,682,6,14,22,18,10,26,6,10,14,18,22,26,240,0.234375000000009,240,61.875,240,0.234375000000009,782.34375,0.915882490946136,99.9842562645123,5,6,1,13,2.40839739830984e-13,1,2,1
P1/D4,683,6,14,22,10,26,18,6,10,14,18,22,26,240,66.328125,240,0.234375000000009,240,0.234375000000009,786.796875,0.913291301058682,99.9848487036183,5,6,1,13,3.30420022657801e-13,1,2,1
P1/D4,684,6,14,22,10,18,26,6,10,14,18,22,26,240,66.328125,240,0.234375000000009,240,0.234375000000009,786.796875,0.913291301058682,99.9848487036183,5,6,1,13,3.30420022657801e-13,1,2,1
P1/D4,685,6,14,18,26,22,10,6,10,14,18,22,26,240,0.234375000000009,240,61.875,0.234375000000009,0.234375000000009,542.578125,0.915726988679806,99.9860985949717,5,6,1,13,2.42747543450096e-13,1,2,1
P1/D4,686,6,14,18,26,10,22,6,10,14,18,22,26,240,0.234375000000009,240,61.875,0.234375000000009,0.234375000000009,542.578125,0.915726988679806,99.9860985949717,5,6,1,13,2.42747543450096e-13,1,2,1
P1/D4,687,6,14,18,22,26,10,6,10,14,18,22,26,240,0.234375000000009,240,61.875,0.234375000000009,0.234375000000009,542.578125,0.915726988679806,99.9860985949717,5,6,1,13,2.42747543450096e-13,1,2,1
P1/D4,688,6,14,18,22,10,26,6,10,14,18,22,26,240,0.234375000000009,240,61.875,0.234375000000009,0.234375000000009,542.578125,0.915726988679806,99.9860985949717,5,6,1,13,2.42747543450096e-13,1,2,1
P1/D4,689,6,14,18,10,26,22,6,10,14,18,22,26,240,0.234375000000009,240,61.875,0.234375000000009,0.234375000000009,542.578125,0.915726988679806,99.9860985949717,5,6,1,13,2.42747543450096e-13,1,2,1
P1/D4,690,6,14,18,10,22,26,6,10,14,18,22,26,240,0.234375000000009,240,61.875,0.234375000000009,0.234375000000009,542.578125,0.915726988679806,99.9860985949717,5,6,1,13,2.42747543450096e-13,1,2,1
P1/D4,691,6,14,10,26,22,18,6,10,14,18,22,26,240,66.328125,240,0.234375000000009,0.234375000000009,0.234375000000009,547.03125,0.913135253692729,99.9867337320403,5,6,1,13,3.3256519623685e-13,1,2,1
P1/D4,692,6,14,10,26,18,22,6,10,14,18,22,26,240,66.328125,240,0.234375000000009,0.234375000000009,0.234375000000009,547.03125,0.913135253692729,99.9867337320403,5,6,1,13,3.3256519623685e-13,1,2,1
P1/D4,693,6,14,10,22,26,18,6,10,14,18,22,26,240,66.328125,240,0.234375000000009,0.234375000000009,0.234375000000009,547.03125,0.913135253692729,99.9867337320403,5,6,1,13,3.3256519623685e-13,1,2,1
P1/D4,694,6,14,10,22,18,26,6,10,14,18,22,26,240,66.328125,240,0.234375000000009,0.234375000000009,0.234375000000009,547.03125,0.913135253692729,99.9867337320403,5,6,1,13,3.3256519623685e-13,1,2,1
P1/D4,695,6,14,10,18,26,22,6,10,14,18,22,26,240,66.328125,240,0.234375000000009,0.234375000000009,0.234375000000009,547.03125,0.913135253692729,99.9867337320403,5,6,1,13,3.3256519623685e-13,1,2,1
P1/D4,696,6,14,10,18,22,26,6,10,14,18,22,26,240,66.328125,240,0.234375000000009,0.234375000000009,0.234375000000009,547.03125,0.913135253692729,99.9867337320403,5,6,1,13,3.3256519623685e-13,1,2,1
P1/D4,697,6,10,26,22,18,14,6,10,14,18,22,26,240,240,0.234375000000009,0.234375000000009,0.234375000000009,86.953125,567.65625,0.906524114088371,99.9826237616268,5,6,1,13,8.5193413079262e-13,1,2,1
P1/D4,698,6,10,26,22,14,18,6,10,14,18,22,26,240,240,0.234375000000009,0.234375000000009,0.234375000000009,86.953125,567.65625,0.906524114088371,99.9826237616268,5,6,1,13,8.5193413079262e-13,1,2,1
P1/D4,699,6,10,26,18,22,14,6,10,14,18,22,26,240,240,0.234375000000009,0.234375000000009,0.234375000000009,86.953125,567.65625,0.906524114088371,99.9826237616268,5,6,1,13,8.5193413079262e-13,1,2,1
P1/D4,700,6,10,26,18,14,22,6,10,14,18,22,26,240,240,0.234375000000009,0.234375000000009,0.234375000000009,86.953125,567.65625,0.906524114088371,99.9826237616268,5,6,1,13,8.5193413079262e-13,1,2,1
P1/D4,701,6,10,26,14,22,18,6,10,14,18,22,26,240,240,0.234375000000009,0.234375000000009,0.234375000000009,86.953125,567.65625,0.906524114088371,99.9826237616268,5,6,1,13,8.5193413079262e-13,1,2,1
P1/D4,702,6,10,26,14,18,22,6,10,14,18,22,26,240,240,0.234375000000009,0.234375000000009,0.234375000000009,86.953125,567.65625,0.906524114088371,99.9826237616268,5,6,1,13,8.5193413079262e-13,1,2,1
P1/D4,703,6,10,22,26,18,14,6,10,14,18,22,26,240,240,0.234375000000009,0.234375000000009,240,86.953125,807.421875,0.906681624593613,99.9805520674651,5,6,1,13,8.47047480980069e-13,1,2,1
P1/D4,704,6,10,22,26,14,18,6,10,14,18,22,26,240,240,0.234375000000009,0.234375000000009,240,86.953125,807.421875,0.906681624593613,99.9805520674651,5,6,1,13,8.47047480980069e-13,1,2,1
P1/D4,705,6,10,22,18,26,14,6,10,14,18,22,26,240,240,0.234375000000009,71.71875,240,0.234375000000009,792.1875,0.911956250658821,99.9850708125391,5,6,1,13,4.31200205588378e-13,1,2,1
P1/D4,706,6,10,22,18,14,26,6,10,14,18,22,26,240,240,0.234375000000009,71.71875,240,0.234375000000009,792.1875,0.911956250658821,99.9850708125391,5,6,1,13,4.31200205588378e-13,1,2,1
P1/D4,707,6,10,22,14,26,18,6,10,14,18,22,26,240,240,74.0625,0.234375000000009,240,0.234375000000009,794.53125,0.910280693946807,99.9832608233217,5,6,1,13,5.15929884797933e-13,1,2,1
P1/D4,708,6,10,22,14,18,26,6,10,14,18,22,26,240,240,74.0625,0.234375000000009,240,0.234375000000009,794.53125,0.910280693946807,99.9832608233217,5,6,1,13,5.15929884797933e-13,1,2,1
P1/D4,709,6,10,18,26,22,14,6,10,14,18,22,26,240,240,0.234375000000009,71.71875,0.234375000000009,0.234375000000009,552.421875,0.91179988896753,99.9870056309236,5,6,1,13,4.33911984835865e-13,1,2,1
P1/D4,710,6,10,18,26,14,22,6,10,14,18,22,26,240,240,0.234375000000009,71.71875,0.234375000000009,0.234375000000009,552.421875,0.91179988896753,99.9870056309236,5,6,1,13,4.33911984835865e-13,1,2,1
P1/D4,711,6,10,18,22,26,14,6,10,14,18,22,26,240,240,0.234375000000009,71.71875,0.234375000000009,0.234375000000009,552.421875,0.91179988896753,99.9870056309236,5,6,1,13,4.33911984835865e-13,1,2,1
P1/D4,712,6,10,18,22,14,26,6,10,14,18,22,26,240,240,0.234375000000009,71.71875,0.234375000000009,0.234375000000009,552.421875,0.91179988896753,99.9870056309236,5,6,1,13,4.33911984835865e-13,1,2,1
P1/D4,713,6,10,18,14,26,22,6,10,14,18,22,26,240,240,0.234375000000009,71.71875,0.234375000000009,0.234375000000009,552.421875,0.91179988896753,99.9870056309236,5,6,1,13,4.33911984835865e-13,1,2,1
P1/D4,714,6,10,18,14,22,26,6,10,14,18,22,26,240,240,0.234375000000009,71.71875,0.234375000000009,0.234375000000009,552.421875,0.91179988896753,99.9870056309236,5,6,1,13,4.33911984835865e-13,1,2,1
P1/D4,715,6,10,14,26,22,18,6,10,14,18,22,26,240,240,74.0625,0.234375000000009,0.234375000000009,0.234375000000009,554.765625,0.910123979710208,99.9852181304949,5,6,1,13,5.19762401799517e-13,1,2,1
P1/D4,716,6,10,14,26,18,22,6,10,14,18,22,26,240,240,74.0625,0.234375000000009,0.234375000000009,0.234375000000009,554.765625,0.910123979710208,99.9852181304949,5,6,1,13,5.19762401799517e-13,1,2,1
P1/D4,717,6,10,14,22,26,18,6,10,14,18,22,26,240,240,74.0625,0.234375000000009,0.234375000000009,0.234375000000009,554.765625,0.910123979710208,99.9852181304949,5,6,1,13,5.19762401799517e-13,1,2,1
P1/D4,718,6,10,14,22,18,26,6,10,14,18,22,26,240,240,74.0625,0.234375000000009,0.234375000000009,0.234375000000009,554.765625,0.910123979710208,99.9852181304949,5,6,1,13,5.19762401799517e-13,1,2,1
P1/D4,719,6,10,14,18,26,22,6,10,14,18,22,26,240,240,74.0625,0.234375000000009,0.234375000000009,0.234375000000009,554.765625,0.910123979710208,99.9852181304949,5,6,1,13,5.19762401799517e-13,1,2,1
P1/D4,720,6,10,14,18,22,26,6,10,14,18,22,26,240,240,74.0625,0.234375000000009,0.234375000000009,0.234375000000009,554.765625,0.910123979710208,99.9852181304949,5,6,1,13,5.19762401799517e-13,1,2,1
P2/D2,1,33,30,18,17,16,14,14,16,17,18,30,33,0.146484375000006,0.146484375000006,0.146484375000006,0.146484375000006,85.25390625,150,235.83984375,0.898119784712567,99.9802017831635,5,6,1,14,3.62696481376572e-13,1,2,1
P2/D2,2,33,30,18,17,14,16,14,16,17,18,30,33,0.146484375000006,0.146484375000006,0.146484375000006,0.146484375000006,85.25390625,150,235.83984375,0.898119784712567,99.9802017831635,5,6,1,14,3.62696481376572e-13,1,2,1
P2/D2,3,33,30,18,16,17,14,14,16,17,18,30,33,0.146484375000006,0.146484375000006,0.146484375000006,0.146484375000006,85.25390625,150,235.83984375,0.898119784712567,99.9802017831635,5,6,1,14,3.62696481376572e-13,1,2,1
P2/D2,4,33,30,18,16,14,17,14,16,17,18,30,33,0.146484375000006,0.146484375000006,0.146484375000006,0.146484375000006,85.25390625,150,235.83984375,0.898119784712567,99.9802017831635,5,6,1,14,3.62696481376572e-13,1,2,1
P2/D2,5,33,30,18,14,17,16,14,16,17,18,30,33,0.146484375000006,0.146484375000006,0.146484375000006,0.146484375000006,85.25390625,150,235.83984375,0.898119784712567,99.9802017831635,5,6,1,14,3.62696481376572e-13,1,2,1
P2/D2,6,33,30,18,14,16,17,14,16,17,18,30,33,0.146484375000006,0.146484375000006,0.146484375000006,0.146484375000006,85.25390625,150,235.83984375,0.898119784712567,99.9802017831635,5,6,1,14,3.62696481376572e-13,1,2,1
P2/D2,7,33,30,17,18,16,14,14,16,17,18,30,33,0.146484375000006,0.146484375000006,0.146484375000006,0.146484375000006,85.25390625,150,235.83984375,0.898119784712567,99.9802017831635,5,6,1,14,3.62696481376572e-13,1,2,1
P2/D2,8,33,30,17,18,14,16,14,16,17,18,30,33,0.146484375000006,0.146484375000006,0.146484375000006,0.146484375000006,85.25390625,150,235.83984375,0.898119784712567,99.9802017831635,5,6,1,14,3.62696481376572e-13,1,2,1
P2/D2,9,33,30,17,16,18,14,14,16,17,18,30,33,0.146484375000006,0.146484375000006,0.146484375000006,0.146484375000006,85.25390625,150,235.83984375,0.898119784712567,99.9802017831635,5,6,1,14,3.62696481376572e-13,1,2,1
P2/D2,10,33,30,17,16,14,18,14,16,17,18,30,33,0.146484375000006,0.146484375000006,0.146484375000006,0.146484375000006,85.25390625,150,235.83984375,0.898119784712567,99.9802017831635,5,6,1,14,3.62696481376572e-13,1,2,1
P2/D2,11,33,30,17,14,18,16,14,16,17,18,30,33,0.146484375000006,0.146484375000006,0.146484375000006,0.146484375000006,85.25390625,150,235.83984375,0.898119784712567,99.9802017831635,5,6,1,14,3.62696481376572e-13,1,2,1
P2/D2,12,33,30,17,14,16,18,14,16,17,18,30,33,0.146484375000006,0.146484375000006,0.146484375000006,0.146484375000006,85.25390625,150,235.83984375,0.898119784712567,99.9802017831635,5,6,1,14,3.62696481376572e-13,1,2,1
P2/D2,13,33,30,16,18,17,14,14,16,17,18,30,33,0.146484375000006,0.146484375000006,0.146484375000006,0.146484375000006,85.25390625,150,235.83984375,0.898119784712567,99.9802017831635,5,6,1,14,3.62696481376572e-13,1,2,1
P2/D2,14,33,30,16,18,14,17,14,16,17,18,30,33,0.146484375000006,0.146484375000006,0.146484375000006,0.146484375000006,85.25390625,150,235.83984375,0.898119784712567,99.9802017831635,5,6,1,14,3.62696481376572e-13,1,2,1
P2/D2,15,33,30,16,17,18,14,14,16,17,18,30,33,0.146484375000006,0.146484375000006,0.146484375000006,0.146484375000006,85.25390625,150,235.83984375,0.898119784712567,99.9802017831635,5,6,1,14,3.62696481376572e-13,1,2,1
P2/D2,16,33,30,16,17,14,18,14,16,17,18,30,33,0.146484375000006,0.146484375000006,0.146484375000006,0.146484375000006,85.25390625,150,235.83984375,0.898119784712567,99.9802017831635,5,6,1,14,3.62696481376572e-13,1,2,1
P2/D2,17,33,30,16,14,18,17,14,16,17,18,30,33,0.146484375000006,0.146484375000006,0.146484375000006,0.146484375000006,85.25390625,150,235.83984375,0.898119784712567,99.9802017831635,5,6,1,14,3.62696481376572e-13,1,2,1
P2/D2,18,33,30,16,14,17,18,14,16,17,18,30,33,0.146484375000006,0.146484375000006,0.146484375000006,0.146484375000006,85.25390625,150,235.83984375,0.898119784712567,99.9802017831635,5,6,1,14,3.62696481376572e-13,1,2,1
P2/D2,19,33,30,14,18,17,16,14,16,17,18,30,33,0.146484375000006,0.146484375000006,0.146484375000006,0.146484375000006,85.25390625,150,235.83984375,0.898119784712567,99.9802017831635,5,6,1,14,3.62696481376572e-13,1,2,1
P2/D2,20,33,30,14,18,16,17,14,16,17,18,30,33,0.146484375000006,0.146484375000006,0.146484375000006,0.146484375000006,85.25390625,150,235.83984375,0.898119784712567,99.9802017831635,5,6,1,14,3.62696481376572e-13,1,2,1
P2/D2,21,33,30,14,17,18,16,14,16,17,18,30,33,0.146484375000006,0.146484375000006,0.146484375000006,0.146484375000006,85.25390625,150,235.83984375,0.898119784712567,99.9802017831635,5,6,1,14,3.62696481376572e-13,1,2,1
P2/D2,22,33,30,14,17,16,18,14,16,17,18,30,33,0.146484375000006,0.146484375000006,0.146484375000006,0.146484375000006,85.25390625,150,235.83984375,0.898119784712567,99.9802017831635,5,6,1,14,3.62696481376572e-13,1,2,1
P2/D2,23,33,30,14,16,18,17,14,16,17,18,30,33,0.146484375000006,0.146484375000006,0.146484375000006,0.146484375000006,85.25390625,150,235.83984375,0.898119784712567,99.9802017831635,5,6,1,14,3.62696481376572e-13,1,2,1
P2/D2,24,33,30,14,16,17,18,14,16,17,18,30,33,0.146484375000006,0.146484375000006,0.146484375000006,0.146484375000006,85.25390625,150,235.83984375,0.898119784712567,99.9802017831635,5,6,1,14,3.62696481376572e-13,1,2,1
P2/D2,25,33,18,30,17,16,14,14,16,17,18,30,33,0.146484375000006,0.146484375000006,0.146484375000006,72.216796875,0.146484375000006,150,222.802734375,0.903573995658964,99.9784892216474,5,6,1,14,1.80416043285708e-13,1,2,1
P2/D2,26,33,18,30,17,14,16,14,16,17,18,30,33,0.146484375000006,0.146484375000006,0.146484375000006,72.216796875,0.146484375000006,150,222.802734375,0.903573995658964,99.9784892216474,5,6,1,14,1.80416043285708e-13,1,2,1
P2/D2,27,33,18,30,16,17,14,14,16,17,18,30,33,0.146484375000006,0.146484375000006,0.146484375000006,72.216796875,0.146484375000006,150,222.802734375,0.903573995658964,99.9784892216474,5,6,1,14,1.80416043285708e-13,1,2,1
P2/D2,28,33,18,30,16,14,17,14,16,17,18,30,33,0.146484375000006,0.146484375000006,0.146484375000006,72.216796875,0.146484375000006,150,222.802734375,0.903573995658964,99.9784892216474,5,6,1,14,1.80416043285708e-13,1,2,1
P2/D2,29,33,18,30,14,17,16,14,16,17,18,30,33,0.146484375000006,0.146484375000006,0.146484375000006,72.216796875,0.146484375000006,150,222.802734375,0.903573995658964,99.9784892216474,5,6,1,14,1.80416043285708e-13,1,2,1
P2/D2,30,33,18,30,14,16,17,14,16,17,18,30,33,0.146484375000006,0.146484375000006,0.146484375000006,72.216796875,0.146484375000006,150,222.802734375,0.903573995658964,99.9784892216474,5,6,1,14,1.80416043285708e-13,1,2,1
P2/D2,31,33,18,17,30,16,14,14,16,17,18,30,33,0.146484375000006,0.146484375000006,0.146484375000006,72.216796875,0.146484375000006,150,222.802734375,0.903573995658964,99.9784892216474,5,6,1,14,1.80416043285708e-13,1,2,1
P2/D2,32,33,18,17,30,14,16,14,16,17,18,30,33,0.146484375000006,0.146484375000006,0.146484375000006,72.216796875,0.146484375000006,150,222.802734375,0.903573995658964,99.9784892216474,5,6,1,14,1.80416043285708e-13,1,2,1
P2/D2,33,33,18,17,16,30,14,14,16,17,18,30,33,0.146484375000006,0.146484375000006,0.146484375000006,72.216796875,0.146484375000006,150,222.802734375,0.903573995658964,99.9784892216474,5,6,1,14,1.80416043285708e-13,1,2,1
P2/D2,34,33,18,17,16,14,30,14,16,17,18,30,33,0.146484375000006,0.146484375000006,0.146484375000006,72.216796875,0.146484375000006,150,222.802734375,0.903573995658964,99.9784892216474,5,6,1,14,1.80416043285708e-13,1,2,1
P2/D2,35,33,18,17,14,30,16,14,16,17,18,30,33,0.146484375000006,0.146484375000006,0.146484375000006,72.216796875,0.146484375000006,150,222.802734375,0.903573995658964,99.9784892216474,5,6,1,14,1.80416043285708e-13,1,2,1
P2/D2,36,33,18,17,14,16,30,14,16,17,18,30,33,0.146484375000006,0.146484375000006,0.146484375000006,72.216796875,0.146484375000006,150,222.802734375,0.903573995658964,99.9784892216474,5,6,1,14,1.80416043285708e-13,1,2,1
P2/D2,37,33,18,16,30,17,14,14,16,17,18,30,33,0.146484375000006,0.146484375000006,0.146484375000006,72.216796875,0.146484375000006,150,222.802734375,0.903573995658964,99.9784892216474,5,6,1,14,1.80416043285708e-13,1,2,1
P2/D2,38,33,18,16,30,14,17,14,16,17,18,30,33,0.146484375000006,0.146484375000006,0.146484375000006,72.216796875,0.146484375000006,150,222.802734375,0.903573995658964,99.9784892216474,5,6,1,14,1.80416043285708e-13,1,2,1
P2/D2,39,33,18,16,17,30,14,14,16,17,18,30,33,0.146484375000006,0.146484375000006,0.146484375000006,72.216796875,0.146484375000006,150,222.802734375,0.903573995658964,99.9784892216474,5,6,1,14,1.80416043285708e-13,1,2,1
P2/D2,40,33,18,16,17,14,30,14,16,17,18,30,33,0.146484375000006,0.146484375000006,0.146484375000006,72.216796875,0.146484375000006,150,222.802734375,0.903573995658964,99.9784892216474,5,6,1,14,1.80416043285708e-13,1,2,1
P2/D2,41,33,18,16,14,30,17,14,16,17,18,30,33,0.146484375000006,0.146484375000006,0.146484375000006,72.216796875,0.146484375000006,150,222.802734375,0.903573995658964,99.9784892216474,5,6,1,14,1.80416043285708e-13,1,2,1
P2/D2,42,33,18,16,14,17,30,14,16,17,18,30,33,0.146484375000006,0.146484375000006,0.146484375000006,72.216796875,0.146484375000006,150,222.802734375,0.903573995658964,99.9784892216474,5,6,1,14,1.80416043285708e-13,1,2,1
P2/D2,43,33,18,14,30,17,16,14,16,17,18,30,33,0.146484375000006,0.146484375000006,0.146484375000006,72.216796875,0.146484375000006,150,222.802734375,0.903573995658964,99.9784892216474,5,6,1,14,1.80416043285708e-13,1,2,1
P2/D2,44,33,18,14,30,16,17,14,16,17,18,30,33,0.146484375000006,0.146484375000006,0.146484375000006,72.216796875,0.146484375000006,150,222.802734375,0.903573995658964,99.9784892216474,5,6,1,14,1.80416043285708e-13,1,2,1
P2/D2,45,33,18,14,17,30,16,14,16,17,18,30,33,0.146484375000006,0.146484375000006,0.146484375000006,72.216796875,0.146484375000006,150,222.802734375,0.903573995658964,99.9784892216474,5,6,1,14,1.80416043285708e-13,1,2,1
P2/D2,46,33,18,14,17,16,30,14,16,17,18,30,33,0.146484375000006,0.146484375000006,0.146484375000006,72.216796875,0.146484375000006,150,222.802734375,0.903573995658964,99.9784892216474,5,6,1,14,1.80416043285708e-13,1,2,1
P2/D2,47,33,18,14,16,30,17,14,16,17,18,30,33,0.146484375000006,0.146484375000006,0.146484375000006,72.216796875,0.146484375000006,150,222.802734375,0.903573995658964,99.9784892216474,5,6,1,14,1.80416043285708e-13,1,2,1
P2/D2,48,33,18,14,16,17,30,14,16,17,18,30,33,0.146484375000006,0.146484375000006,0.146484375000006,72.216796875,0.146484375000006,150,222.802734375,0.903573995658964,99.9784892216474,5,6,1,14,1.80416043285708e-13,1,2,1
P2/D2,49,33,17,30,18,16,14,14,16,17,18,30,33,0.146484375000006,0.146484375000006,72.36328125,0.146484375000006,0.146484375000006,150,222.94921875,0.903198154780812,99.9815308373311,5,6,1,14,1.84997158491925e-13,1,2,1
P2/D2,50,33,17,30,18,14,16,14,16,17,18,30,33,0.146484375000006,0.146484375000006,72.36328125,0.146484375000006,0.146484375000006,150,222.94921875,0.903198154780812,99.9815308373311,5,6,1,14,1.84997158491925e-13,1,2,1
P2/D2,51,33,17,30,16,18,14,14,16,17,18,30,33,0.146484375000006,0.146484375000006,72.36328125,0.146484375000006,0.146484375000006,150,222.94921875,0.903198154780812,99.9815308373311,5,6,1,14,1.84997158491925e-13,1,2,1
P2/D2,52,33,17,30,16,14,18,14,16,17,18,30,33,0.146484375000006,0.146484375000006,72.36328125,0.146484375000006,0.146484375000006,150,222.94921875,0.903198154780812,99.9815308373311,5,6,1,14,1.84997158491925e-13,1,2,1
P2/D2,53,33,17,30,14,18,16,14,16,17,18,30,33,0.146484375000006,0.146484375000006,72.36328125,0.146484375000006,0.146484375000006,150,222.94921875,0.903198154780812,99.9815308373311,5,6,1,14,1.84997158491925e-13,1,2,1
P2/D2,54,33,17,30,14,16,18,14,16,17,18,30,33,0.146484375000006,0.146484375000006,72.36328125,0.146484375000006,0.146484375000006,150,222.94921875,0.903198154780812,99.9815308373311,5,6,1,14,1.84997158491925e-13,1,2,1
P2/D2,55,33,17,18,30,16,14,14,16,17,18,30,33,0.146484375000006,0.146484375000006,72.36328125,0.146484375000006,0.146484375000006,150,222.94921875,0.903198154780812,99.9815308373311,5,6,1,14,1.84997158491925e-13,1,2,1
P2/D2,56,33,17,18,30,14,16,14,16,17,18,30,33,0.146484375000006,0.146484375000006,72.36328125,0.146484375000006,0.146484375000006,150,222.94921875,0.903198154780812,99.9815308373311,5,6,1,14,1.84997158491925e-13,1,2,1
P2/D2,57,33,17,18,16,30,14,14,16,17,18,30,33,0.146484375000006,0.146484375000006,72.36328125,0.146484375000006,0.146484375000006,150,222.94921875,0.903198154780812,99.9815308373311,5,6,1,14,1.84997158491925e-13,1,2,1
P2/D2,58,33,17,18,16,14,30,14,16,17,18,30,33,0.146484375000006,0.146484375000006,72.36328125,0.146484375000006,0.146484375000006,150,222.94921875,0.903198154780812,99.9815308373311,5,6,1,14,1.84997158491925e-13,1,2,1
P2/D2,59,33,17,18,14,30,16,14,16,17,18,30,33,0.146484375000006,0.146484375000006,72.36328125,0.146484375000006,0.146484375000006,150,222.94921875,0.903198154780812,99.9815308373311,5,6,1,14,1.84997158491925e-13,1,2,1
P2/D2,60,33,17,18,14,16,30,14,16,17,18,30,33,0.146484375000006,0.146484375000006,72.36328125,0.146484375000006,0.146484375000006,150,222.94921875,0.903198154780812,99.9815308373311,5,6,1,14,1.84997158491925e-13,1,2,1
P2/D2,61,33,17,16,30,18,14,14,16,17,18,30,33,0.146484375000006,0.146484375000006,72.36328125,0.146484375000006,0.146484375000006,150,222.94921875,0.903198154780812,99.9815308373311,5,6,1,14,1.84997158491925e-13,1,2,1
P2/D2,62,33,17,16,30,14,18,14,16,17,18,30,33,0.146484375000006,0.146484375000006,72.36328125,0.146484375000006,0.146484375000006,150,222.94921875,0.903198154780812,99.9815308373311,5,6,1,14,1.84997158491925e-13,1,2,1
P2/D2,63,33,17,16,18,30,14,14,16,17,18,30,33,0.146484375000006,0.146484375000006,72.36328125,0.146484375000006,0.146484375000006,150,222.94921875,0.903198154780812,99.9815308373311,5,6,1,14,1.84997158491925e-13,1,2,1
P2/D2,64,33,17,16,18,14,30,14,16,17,18,30,33,0.146484375000006,0.146484375000006,72.36328125,0.146484375000006,0.146484375000006,150,222.94921875,0.903198154780812,99.9815308373311,5,6,1,14,1.84997158491925e-13,1,2,1
P2/D2,65,33,17,16,14,30,18,14,16,17,18,30,33,0.146484375000006,0.146484375000006,72.36328125,0.146484375000006,0.146484375000006,150,222.94921875,0.903198154780812,99.9815308373311,5,6,1,14,1.84997158491925e-13,1,2,1
P2/D2,66,33,17,16,14,18,30,14,16,17,18,30,33,0.146484375000006,0.146484375000006,72.36328125,0.146484375000006,0.146484375000006,150,222.94921875,0.903198154780812,99.9815308373311,5,6,1,14,1.84997158491925e-13,1,2,1
P2/D2,67,33,17,14,30,18,16,14,16,17,18,30,33,0.146484375000006,0.146484375000006,72.36328125,0.146484375000006,0.146484375000006,150,222.94921875,0.903198154780812,99.9815308373311,5,6,1,14,1.84997158491925e-13,1,2,1
P2/D2,68,33,17,14,30,16,18,14,16,17,18,30,33,0.146484375000006,0.146484375000006,72.36328125,0.146484375000006,0.146484375000006,150,222.94921875,0.903198154780812,99.9815308373311,5,6,1,14,1.84997158491925e-13,1,2,1
P2/D2,69,33,17,14,18,30,16,14,16,17,18,30,33,0.146484375000006,0.146484375000006,72.36328125,0.146484375000006,0.146484375000006,150,222.94921875,0.903198154780812,99.9815308373311,5,6,1,14,1.84997158491925e-13,1,2,1
P2/D2,70,33,17,14,18,16,30,14,16,17,18,30,33,0.146484375000006,0.146484375000006,72.36328125,0.146484375000006,0.146484375000006,150,222.94921875,0.903198154780812,99.9815308373311,5,6,1,14,1.84997158491925e-13,1,2,1
P2/D2,71,33,17,14,16,30,18,14,16,17,18,30,33,0.146484375000006,0.146484375000006,72.36328125,0.146484375000006,0.146484375000006,150,222.94921875,0.903198154780812,99.9815308373311,5,6,1,14,1.84997158491925e-13,1,2,1
P2/D2,72,33,17,14,16,18,30,14,16,17,18,30,33,0.146484375000006,0.146484375000006,72.36328125,0.146484375000006,0.146484375000006,150,222.94921875,0.903198154780812,99.9815308373311,5,6,1,14,1.84997158491925e-13,1,2,1
P2/D2,73,33,16,30,18,17,14,14,16,17,18,30,33,0.146484375000006,73.53515625,0.146484375000006,0.146484375000006,0.146484375000006,150,224.12109375,0.902547188321061,99.978833120423,5,6,1,14,2.01077902031445e-13,1,2,1
P2/D2,74,33,16,30,18,14,17,14,16,17,18,30,33,0.146484375000006,73.53515625,0.146484375000006,0.146484375000006,0.146484375000006,150,224.12109375,0.902547188321061,99.978833120423,5,6,1,14,2.01077902031445e-13,1,2,1
P2/D2,75,33,16,30,17,18,14,14,16,17,18,30,33,0.146484375000006,73.53515625,0.146484375000006,0.146484375000006,0.146484375000006,150,224.12109375,0.902547188321061,99.978833120423,5,6,1,14,2.01077902031445e-13,1,2,1
P2/D2,76,33,16,30,17,14,18,14,16,17,18,30,33,0.146484375000006,73.53515625,0.146484375000006,0.146484375000006,0.146484375000006,150,224.12109375,0.902547188321061,99.978833120423,5,6,1,14,2.01077902031445e-13,1,2,1
P2/D2,77,33,16,30,14,18,17,14,16,17,18,30,33,0.146484375000006,73.53515625,0.146484375000006,0.146484375000006,0.146484375000006,150,224.12109375,0.902547188321061,99.978833120423,5,6,1,14,2.01077902031445e-13,1,2,1
P2/D2,78,33,16,30,14,17,18,14,16,17,18,30,33,0.146484375000006,73.53515625,0.146484375000006,0.146484375000006,0.146484375000006,150,224.12109375,0.902547188321061,99.978833120423,5,6,1,14,2.01077902031445e-13,1,2,1
P2/D2,79,33,16,18,30,17,14,14,16,17,18,30,33,0.146484375000006,73.53515625,0.146484375000006,0.146484375000006,0.146484375000006,150,224.12109375,0.902547188321061,99.978833120423,5,6,1,14,2.01077902031445e-13,1,2,1
P2/D2,80,33,16,18,30,14,17,14,16,17,18,30,33,0.146484375000006,73.53515625,0.146484375000006,0.146484375000006,0.146484375000006,150,224.12109375,0.902547188321061,99.978833120423,5,6,1,14,2.01077902031445e-13,1,2,1
P2/D2,81,33,16,18,17,30,14,14,16,17,18,30,33,0.146484375000006,73.53515625,0.146484375000006,0.146484375000006,0.146484375000006,150,224.12109375,0.902547188321061,99.978833120423,5,6,1,14,2.01077902031445e-13,1,2,1
P2/D2,82,33,16,18,17,14,30,14,16,17,18,30,33,0.146484375000006,73.53515625,0.146484375000006,0.146484375000006,0.146484375000006,150,224.12109375,0.902547188321061,99.978833120423,5,6,1,14,2.01077902031445e-13,1,2,1
P2/D2,83,33,16,18,14,30,17,14,16,17,18,30,33,0.146484375000006,73.53515625,0.146484375000006,0.146484375000006,0.146484375000006,150,224.12109375,0.902547188321061,99.978833120423,5,6,1,14,2.01077902031445e-13,1,2,1
P2/D2,84,33,16,18,14,17,30,14,16,17,18,30,33,0.146484375000006,73.53515625,0.146484375000006,0.146484375000006,0.146484375000006,150,224.12109375,0.902547188321061,99.978833120423,5,6,1,14,2.01077902031445e-13,1,2,1
P2/D2,85,33,16,17,30,18,14,14,16,17,18,30,33,0.146484375000006,73.53515625,0.146484375000006,0.146484375000006,0.146484375000006,150,224.12109375,0.902547188321061,99.978833120423,5,6,1,14,2.01077902031445e-13,1,2,1
P2/D2,86,33,16,17,30,14,18,14,16,17,18,30,33,0.146484375000006,73.53515625,0.146484375000006,0.146484375000006,0.146484375000006,150,224.12109375,0.902547188321061,99.978833120423,5,6,1,14,2.01077902031445e-13,1,2,1
P2/D2,87,33,16,17,18,30,14,14,16,17,18,30,33,0.146484375000006,73.53515625,0.146484375000006,0.146484375000006,0.146484375000006,150,224.12109375,0.902547188321061,99.978833120423,5,6,1,14,2.01077902031445e-13,1,2,1
P2/D2,88,33,16,17,18,14,30,14,16,17,18,30,33,0.146484375000006,73.53515625,0.146484375000006,0.146484375000006,0.146484375000006,150,224.12109375,0.902547188321061,99.978833120423,5,6,1,14,2.01077902031445e-13,1,2,1
P2/D2,89,33,16,17,14,30,18,14,16,17,18,30,33,0.146484375000006,73.53515625,0.146484375000006,0.146484375000006,0.146484375000006,150,224.12109375,0.902547188321061,99.978833120423,5,6,1,14,2.01077902031445e-13,1,2,1
P2/D2,90,33,16,17,14,18,30,14,16,17,18,30,33,0.146484375000006,73.53515625,0.146484375000006,0.146484375000006,0.146484375000006,150,224.12109375,0.902547188321061,99.978833120423,5,6,1,14,2.01077902031445e-13,1,2,1
P2/D2,91,33,16,14,30,18,17,14,16,17,18,30,33,0.146484375000006,73.53515625,0.146484375000006,0.146484375000006,0.146484375000006,150,224.12109375,0.902547188321061,99.978833120423,5,6,1,14,2.01077902031445e-13,1,2,1
P2/D2,92,33,16,14,30,17,18,14,16,17,18,30,33,0.146484375000006,73.53515625,0.146484375000006,0.146484375000006,0.146484375000006,150,224.12109375,0.902547188321061,99.978833120423,5,6,1,14,2.01077902031445e-13,1,2,1
P2/D2,93,33,16,14,18,30,17,14,16,17,18,30,33,0.146484375000006,73.53515625,0.146484375000006,0.146484375000006,0.146484375000006,150,224.12109375,0.902547188321061,99.978833120423,5,6,1,14,2.01077902031445e-13,1,2,1
P2/D2,94,33,16,14,18,17,30,14,16,17,18,30,33,0.146484375000006,73.53515625,0.146484375000006,0.146484375000006,0.146484375000006,150,224.12109375,0.902547188321061,99.978833120423,5,6,1,14,2.01077902031445e-13,1,2,1
P2/D2,95,33,16,14,17,30,18,14,16,17,18,30,33,0.146484375000006,73.53515625,0.146484375000006,0.146484375000006,0.146484375000006,150,224.12109375,0.902547188321061,99.978833120423,5,6,1,14,2.01077902031445e-13,1,2,1
P2/D2,96,33,16,14,17,18,30,14,16,17,18,30,33,0.146484375000006,73.53515625,0.146484375000006,0.146484375000006,0.146484375000006,150,224.12109375,0.902547188321061,99.978833120423,5,6,1,14,2.01077902031445e-13,1,2,1
P2/D2,97,33,14,30,18,17,16,14,16,17,18,30,33,75,0.146484375000006,0.146484375000006,0.146484375000006,0.146484375000006,150,225.5859375,0.90185463709966,99.9790115235976,5,6,1,14,2.22371936691635e-13,1,2,1
P2/D2,98,33,14,30,18,16,17,14,16,17,18,30,33,75,0.146484375000006,0.146484375000006,0.146484375000006,0.146484375000006,150,225.5859375,0.90185463709966,99.9790115235976,5,6,1,14,2.22371936691635e-13,1,2,1
P2/D2,99,33,14,30,17,18,16,14,16,17,18,30,33,75,0.146484375000006,0.146484375000006,0.146484375000006,0.146484375000006,150,225.5859375,0.90185463709966,99.9790115235976,5,6,1,14,2.22371936691635e-13,1,2,1
P2/D2,100,33,14,30,17,16,18,14,16,17,18,30,33,75,0.146484375000006,0.146484375000006,0.146484375000006,0.146484375000006,150,225.5859375,0.90185463709966,99.9790115235976,5,6,1,14,2.22371936691635e-13,1,2,1
P2/D2,101,33,14,30,16,18,17,14,16,17,18,30,33,75,0.146484375000006,0.146484375000006,0.146484375000006,0.146484375000006,150,225.5859375,0.90185463709966,99.9790115235976,5,6,1,14,2.22371936691635e-13,1,2,1
P2/D2,102,33,14,30,16,17,18,14,16,17,18,30,33,75,0.146484375000006,0.146484375000006,0.146484375000006,0.146484375000006,150,225.5859375,0.90185463709966,99.9790115235976,5,6,1,14,2.22371936691635e-13,1,2,1
P2/D2,103,33,14,18,30,17,16,14,16,17,18,30,33,75,0.146484375000006,0.146484375000006,0.146484375000006,0.146484375000006,150,225.5859375,0.90185463709966,99.9790115235976,5,6,1,14,2.22371936691635e-13,1,2,1
P2/D2,104,33,14,18,30,16,17,14,16,17,18,30,33,75,0.146484375000006,0.146484375000006,0.146484375000006,0.146484375000006,150,225.5859375,0.90185463709966,99.9790115235976,5,6,1,14,2.22371936691635e-13,1,2,1
P2/D2,105,33,14,18,17,30,16,14,16,17,18,30,33,75,0.146484375000006,0.146484375000006,0.146484375000006,0.146484375000006,150,225.5859375,0.90185463709966,99.9790115235976,5,6,1,14,2.22371936691635e-13,1,2,1
P2/D2,106,33,14,18,17,16,30,14,16,17,18,30,33,75,0.146484375000006,0.146484375000006,0.146484375000006,0.146484375000006,150,225.5859375,0.90185463709966,99.9790115235976,5,6,1,14,2.22371936691635e-13,1,2,1
P2/D2,107,33,14,18,16,30,17,14,16,17,18,30,33,75,0.146484375000006,0.146484375000006,0.146484375000006,0.146484375000006,150,225.5859375,0.90185463709966,99.9790115235976,5,6,1,14,2.22371936691635e-13,1,2,1
P2/D2,108,33,14,18,16,17,30,14,16,17,18,30,33,75,0.146484375000006,0.146484375000006,0.146484375000006,0.146484375000006,150,225.5859375,0.90185463709966,99.9790115235976,5,6,1,14,2.22371936691635e-13,1,2,1
P2/D2,109,33,14,17,30,18,16,14,16,17,18,30,33,75,0.146484375000006,0.146484375000006,0.146484375000006,0.146484375000006,150,225.5859375,0.90185463709966,99.9790115235976,5,6,1,14,2.22371936691635e-13,1,2,1
P2/D2,110,33,14,17,30,16,18,14,16,17,18,30,33,75,0.146484375000006,0.146484375000006,0.146484375000006,0.146484375000006,150,225.5859375,0.90185463709966,99.9790115235976,5,6,1,14,2.22371936691635e-13,1,2,1
P2/D2,111,33,14,17,18,30,16,14,16,17,18,30,33,75,0.146484375000006,0.146484375000006,0.146484375000006,0.146484375000006,150,225.5859375,0.90185463709966,99.9790115235976,5,6,1,14,2.22371936691635e-13,1,2,1
P2/D2,112,33,14,17,18,16,30,14,16,17,18,30,33,75,0.146484375000006,0.146484375000006,0.146484375000006,0.146484375000006,150,225.5859375,0.90185463709966,99.9790115235976,5,6,1,14,2.22371936691635e-13,1,2,1
P2/D2,113,33,14,17,16,30,18,14,16,17,18,30,33,75,0.146484375000006,0.146484375000006,0.146484375000006,0.146484375000006,150,225.5859375,0.90185463709966,99.9790115235976,5,6,1,14,2.22371936691635e-13,1,2,1
P2/D2,114,33,14,17,16,18,30,14,16,17,18,30,33,75,0.146484375000006,0.146484375000006,0.146484375000006,0.146484375000006,150,225.5859375,0.90185463709966,99.9790115235976,5,6,1,14,2.22371936691635e-13,1,2,1
P2/D2,115,33,14,16,30,18,17,14,16,17,18,30,33,75,0.146484375000006,0.146484375000006,0.146484375000006,0.146484375000006,150,225.5859375,0.90185463709966,99.9790115235976,5,6,1,14,2.22371936691635e-13,1,2,1
P2/D2,116,33,14,16,30,17,18,14,16,17,18,30,33,75,0.146484375000006,0.146484375000006,0.146484375000006,0.146484375000006,150,225.5859375,0.90185463709966,99.9790115235976,5,6,1,14,2.22371936691635e-13,1,2,1
P2/D2,117,33,14,16,18,30,17,14,16,17,18,30,33,75,0.146484375000006,0.146484375000006,0.146484375000006,0.146484375000006,150,225.5859375,0.90185463709966,99.9790115235976,5,6,1,14,2.22371936691635e-13,1,2,1
P2/D2,118,33,14,16,18,17,30,14,16,17,18,30,33,75,0.146484375000006,0.146484375000006,0.146484375000006,0.146484375000006,150,225.5859375,0.90185463709966,99.9790115235976,5,6,1,14,2.22371936691635e-13,1,2,1
P2/D2,119,33,14,16,17,30,18,14,16,17,18,30,33,75,0.146484375000006,0.146484375000006,0.146484375000006,0.146484375000006,150,225.5859375,0.90185463709966,99.9790115235976,5,6,1,14,2.22371936691635e-13,1,2,1
P2/D2,120,33,14,16,17,18,30,14,16,17,18,30,33,75,0.146484375000006,0.146484375000006,0.146484375000006,0.146484375000006,150,225.5859375,0.90185463709966,99.9790115235976,5,6,1,14,2.22371936691635e-13,1,2,1
P2/D2,121,30,33,18,17,16,14,14,16,17,18,30,33,0.146484375000006,0.146484375000006,0.146484375000006,0.146484375000006,150,86.1328125,236.71875,0.898120303480532,99.9796713783792,5,6,1,14,3.66034874053581e-13,1,2,1
P2/D2,122,30,33,18,17,14,16,14,16,17,18,30,33,0.146484375000006,0.146484375000006,0.146484375000006,0.146484375000006,150,86.1328125,236.71875,0.898120303480532,99.9796713783792,5,6,1,14,3.66034874053581e-13,1,2,1
P2/D2,123,30,33,18,16,17,14,14,16,17,18,30,33,0.146484375000006,0.146484375000006,0.146484375000006,0.146484375000006,150,86.1328125,236.71875,0.898120303480532,99.9796713783792,5,6,1,14,3.66034874053581e-13,1,2,1
P2/D2,124,30,33,18,16,14,17,14,16,17,18,30,33,0.146484375000006,0.146484375000006,0.146484375000006,0.146484375000006,150,86.1328125,236.71875,0.898120303480532,99.9796713783792,5,6,1,14,3.66034874053581e-13,1,2,1
P2/D2,125,30,33,18,14,17,16,14,16,17,18,30,33,0.146484375000006,0.146484375000006,0.146484375000006,0.146484375000006,150,86.1328125,236.71875,0.898120303480532,99.9796713783792,5,6,1,14,3.66034874053581e-13,1,2,1
P2/D2,126,30,33,18,14,16,17,14,16,17,18,30,33,0.146484375000006,0.146484375000006,0.146484375000006,0.146484375000006,150,86.1328125,236.71875,0.898120303480532,99.9796713783792,5,6,1,14,3.66034874053581e-13,1,2,1
P2/D2,127,30,33,17,18,16,14,14,16,17,18,30,33,0.146484375000006,0.146484375000006,0.146484375000006,0.146484375000006,150,86.1328125,236.71875,0.898120303480532,99.9796713783792,5,6,1,14,3.66034874053581e-13,1,2,1
P2/D2,128,30,33,17,18,14,16,14,16,17,18,30,33,0.146484375000006,0.146484375000006,0.146484375000006,0.146484375000006,150,86.1328125,236.71875,0.898120303480532,99.9796713783792,5,6,1,14,3.66034874053581e-13,1,2,1
P2/D2,129,30,33,17,16,18,14,14,16,17,18,30,33,0.146484375000006,0.146484375000006,0.146484375000006,0.146484375000006,150,86.1328125,236.71875,0.898120303480532,99.9796713783792,5,6,1,14,3.66034874053581e-13,1,2,1
P2/D2,130,30,33,17,16,14,18,14,16,17,18,30,33,0.146484375000006,0.146484375000006,0.146484375000006,0.146484375000006,150,86.1328125,236.71875,0.898120303480532,99.9796713783792,5,6,1,14,3.66034874053581e-13,1,2,1
P2/D2,131,30,33,17,14,18,16,14,16,17,18,30,33,0.146484375000006,0.146484375000006,0.146484375000006,0.146484375000006,150,86.1328125,236.71875,0.898120303480532,99.9796713783792,5,6,1,14,3.66034874053581e-13,1,2,1
P2/D2,132,30,33,17,14,16,18,14,16,17,18,30,33,0.146484375000006,0.146484375000006,0.146484375000006,0.146484375000006,150,86.1328125,236.71875,0.898120303480532,99.9796713783792,5,6,1,14,3.66034874053581e-13,1,2,1
P2/D2,133,30,33,16,18,17,14,14,16,17,18,30,33,0.146484375000006,0.146484375000006,0.146484375000006,0.146484375000006,150,86.1328125,236.71875,0.898120303480532,99.9796713783792,5,6,1,14,3.66034874053581e-13,1,2,1
P2/D2,134,30,33,16,18,14,17,14,16,17,18,30,33,0.146484375000006,0.146484375000006,0.146484375000006,0.146484375000006,150,86.1328125,236.71875,0.898120303480532,99.9796713783792,5,6,1,14,3.66034874053581e-13,1,2,1
P2/D2,135,30,33,16,17,18,14,14,16,17,18,30,33,0.146484375000006,0.146484375000006,0.146484375000006,0.146484375000006,150,86.1328125,236.71875,0.898120303480532,99.9796713783792,5,6,1,14,3.66034874053581e-13,1,2,1
P2/D2,136,30,33,16,17,14,18,14,16,17,18,30,33,0.146484375000006,0.146484375000006,0.146484375000006,0.146484375000006,150,86.1328125,236.71875,0.898120303480532,99.9796713783792,5,6,1,14,3.66034874053581e-13,1,2,1
P2/D2,137,30,33,16,14,18,17,14,16,17,18,30,33,0.146484375000006,0.146484375000006,0.146484375000006,0.146484375000006,150,86.1328125,236.71875,0.898120303480532,99.9796713783792,5,6,1,14,3.66034874053581e-13,1,2,1
P2/D2,138,30,33,16,14,17,18,14,16,17,18,30,33,0.146484375000006,0.146484375000006,0.146484375000006,0.146484375000006,150,86.1328125,236.71875,0.898120303480532,99.9796713783792,5,6,1,14,3.66034874053581e-13,1,2,1
P2/D2,139,30,33,14,18,17,16,14,16,17,18,30,33,0.146484375000006,0.146484375000006,0.146484375000006,0.146484375000006,150,86.1328125,236.71875,0.898120303480532,99.9796713783792,5,6,1,14,3.66034874053581e-13,1,2,1
P2/D2,140,30,33,14,18,16,17,14,16,17,18,30,33,0.146484375000006,0.146484375000006,0.146484375000006,0.146484375000006,150,86.1328125,236.71875,0.898120303480532,99.9796713783792,5,6,1,14,3.66034874053581e-13,1,2,1
P2/D2,141,30,33,14,17,18,16,14,16,17,18,30,33,0.146484375000006,0.146484375000006,0.146484375000006,0.146484375000006,150,86.1328125,236.71875,0.898120303480532,99.9796713783792,5,6,1,14,3.66034874053581e-13,1,2,1
P2/D2,142,30,33,14,17,16,18,14,16,17,18,30,33,0.146484375000006,0.146484375000006,0.146484375000006,0.146484375000006,150,86.1328125,236.71875,0.898120303480532,99.9796713783792,5,6,1,14,3.66034874053581e-13,1,2,1
P2/D2,143,30,33,14,16,18,17,14,16,17,18,30,33,0.146484375000006,0.146484375000006,0.146484375000006,0.146484375000006,150,86.1328125,236.71875,0.898120303480532,99.9796713783792,5,6,1,14,3.66034874053581e-13,1,2,1
P2/D2,144,30,33,14,16,17,18,14,16,17,18,30,33,0.146484375000006,0.146484375000006,0.146484375000006,0.146484375000006,150,86.1328125,236.71875,0.898120303480532,99.9796713783792,5,6,1,14,3.66034874053581e-13,1,2,1
P2/D2,145,30,18,33,17,16,14,14,16,17,18,30,33,0.146484375000006,0.146484375000006,0.146484375000006,74.12109375,150,0.146484375000006,224.70703125,0.90371634989871,99.9798860525014,5,6,1,14,1.82525613997043e-13,1,2,1
P2/D2,146,30,18,33,17,14,16,14,16,17,18,30,33,0.146484375000006,0.146484375000006,0.146484375000006,74.12109375,150,0.146484375000006,224.70703125,0.90371634989871,99.9798860525014,5,6,1,14,1.82525613997043e-13,1,2,1
P2/D2,147,30,18,33,16,17,14,14,16,17,18,30,33,0.146484375000006,0.146484375000006,0.146484375000006,74.12109375,150,0.146484375000006,224.70703125,0.90371634989871,99.9798860525014,5,6,1,14,1.82525613997043e-13,1,2,1
P2/D2,148,30,18,33,16,14,17,14,16,17,18,30,33,0.146484375000006,0.146484375000006,0.146484375000006,74.12109375,150,0.146484375000006,224.70703125,0.90371634989871,99.9798860525014,5,6,1,14,1.82525613997043e-13,1,2,1
P2/D2,149,30,18,33,14,17,16,14,16,17,18,30,33,0.146484375000006,0.146484375000006,0.146484375000006,74.12109375,150,0.146484375000006,224.70703125,0.90371634989871,99.9798860525014,5,6,1,14,1.82525613997043e-13,1,2,1
P2/D2,150,30,18,33,14,16,17,14,16,17,18,30,33,0.146484375000006,0.146484375000006,0.146484375000006,74.12109375,150,0.146484375000006,224.70703125,0.90371634989871,99.9798860525014,5,6,1,14,1.82525613997043e-13,1,2,1
P2/D2,151,30,18,17,33,16,14,14,16,17,18,30,33,0.146484375000006,0.146484375000006,0.146484375000006,74.12109375,150,0.146484375000006,224.70703125,0.90371634989871,99.9798860525014,5,6,1,14,1.82525613997043e-13,1,2,1
P2/D2,152,30,18,17,33,14,16,14,16,17,18,30,33,0.146484375000006,0.146484375000006,0.146484375000006,74.12109375,150,0.146484375000006,224.70703125,0.90371634989871,99.9798860525014,5,6,1,14,1.82525613997043e-13,1,2,1
P2/D2,153,30,18,17,16,33,14,14,16,17,18,30,33,0.146484375000006,0.146484375000006,0.146484375000006,74.12109375,150,0.146484375000006,224.70703125,0.90371634989871,99.9798860525014,5,6,1,14,1.82525613997043e-13,1,2,1
P2/D2,154,30,18,17,16,14,33,14,16,17,18,30,33,0.146484375000006,0.146484375000006,0.146484375000006,74.12109375,150,0.146484375000006,224.70703125,0.90371634989871,99.9798860525014,5,6,1,14,1.82525613997043e-13,1,2,1
P2/D2,155,30,18,17,14,33,16,14,16,17,18,30,33,0.146484375000006,0.146484375000006,0.146484375000006,74.12109375,150,0.146484375000006,224.70703125,0.90371634989871,99.9798860525014,5,6,1,14,1.82525613997043e-13,1,2,1
P2/D2,156,30,18,17,14,16,33,14,16,17,18,30,33,0.146484375000006,0.146484375000006,0.146484375000006,74.12109375,150,0.146484375000006,224.70703125,0.90371634989871,99.9798860525014,5,6,1,14,1.82525613997043e-13,1,2,1
P2/D2,157,30,18,16,33,17,14,14,16,17,18,30,33,0.146484375000006,0.146484375000006,0.146484375000006,74.12109375,150,0.146484375000006,224.70703125,0.90371634989871,99.9798860525014,5,6,1,14,1.82525613997043e-13,1,2,1
P2/D2,158,30,18,16,33,14,17,14,16,17,18,30,33,0.146484375000006,0.146484375000006,0.146484375000006,74.12109375,150,0.146484375000006,224.70703125,0.90371634989871,99.9798860525014,5,6,1,14,1.82525613997043e-13,1,2,1
P2/D2,159,30,18,16,17,33,14,14,16,17,18,30,33,0.146484375000006,0.146484375000006,0.146484375000006,74.12109375,150,0.146484375000006,224.70703125,0.90371634989871,99.9798860525014,5,6,1,14,1.82525613997043e-13,1,2,1
P2/D2,160,30,18,16,17,14,33,14,16,17,18,30,33,0.146484375000006,0.146484375000006,0.146484375000006,74.12109375,150,0.146484375000006,224.70703125,0.90371634989871,99.9798860525014,5,6,1,14,1.82525613997043e-13,1,2,1
P2/D2,161,30,18,16,14,33,17,14,16,17,18,30,33,0.146484375000006,0.146484375000006,0.146484375000006,74.12109375,150,0.146484375000006,224.70703125,0.90371634989871,99.9798860525014,5,6,1,14,1.82525613997043e-13,1,2,1
P2/D2,162,30,18,16,14,17,33,14,16,17,18,30,33,0.146484375000006,0.146484375000006,0.146484375000006,74.12109375,150,0.146484375000006,224.70703125,0.90371634989871,99.9798860525014,5,6,1,14,1.82525613997043e-13,1,2,1
P2/D2,163,30,18,14,33,17,16,14,16,17,18,30,33,0.146484375000006,0.146484375000006,0.146484375000006,74.12109375,150,0.146484375000006,224.70703125,0.90371634989871,99.9798860525014,5,6,1,14,1.82525613997043e-13,1,2,1
P2/D2,164,30,18,14,33,16,17,14,16,17,18,30,33,0.146484375000006,0.146484375000006,0.146484375000006,74.12109375,150,0.146484375000006,224.70703125,0.90371634989871,99.9798860525014,5,6,1,14,1.82525613997043e-13,1,2,1
P2/D2,165,30,18,14,17,33,16,14,16,17,18,30,33,0.146484375000006,0.146484375000006,0.146484375000006,74.12109375,150,0.146484375000006,224.70703125,0.90371634989871,99.9798860525014,5,6,1,14,1.82525613997043e-13,1,2,1
P2/D2,166,30,18,14,17,16,33,14,16,17,18,30,33,0.146484375000006,0.146484375000006,0.146484375000006,74.12109375,150,0.146484375000006,224.70703125,0.90371634989871,99.9798860525014,5,6,1,14,1.82525613997043e-13,1,2,1
P2/D2,167,30,18,14,16,33,17,14,16,17,18,30,33,0.146484375000006,0.146484375000006,0.146484375000006,74.12109375,150,0.146484375000006,224.70703125,0.90371634989871,99.9798860525014,5,6,1,14,1.82525613997043e-13,1,2,1
P2/D2,168,30,18,14,16,17,33,14,16,17,18,30,33,0.146484375000006,0.146484375000006,0.146484375000006,74.12109375,150,0.146484375000006,224.70703125,0.90371634989871,99.9798860525014,5,6,1,14,1.82525613997043e-13,1,2,1
P2/D2,169,30,17,33,18,16,14,14,16,17,18,30,33,0.146484375000006,0.146484375000006,74.4140625,0.146484375000006,150,0.146484375000006,225,0.903343508501494,99.9785613525697,5,6,1,14,1.86218741637345e-13,1,2,1
P2/D2,170,30,17,33,18,14,16,14,16,17,18,30,33,0.146484375000006,0.146484375000006,74.4140625,0.146484375000006,150,0.146484375000006,225,0.903343508501494,99.9785613525697,5,6,1,14,1.86218741637345e-13,1,2,1
P2/D2,171,30,17,33,16,18,14,14,16,17,18,30,33,0.146484375000006,0.146484375000006,74.4140625,0.146484375000006,150,0.146484375000006,225,0.903343508501494,99.9785613525697,5,6,1,14,1.86218741637345e-13,1,2,1
P2/D2,172,30,17,33,16,14,18,14,16,17,18,30,33,0.146484375000006,0.146484375000006,74.4140625,0.146484375000006,150,0.146484375000006,225,0.903343508501494,99.9785613525697,5,6,1,14,1.86218741637345e-13,1,2,1
P2/D2,173,30,17,33,14,18,16,14,16,17,18,30,33,0.146484375000006,0.146484375000006,74.4140625,0.146484375000006,150,0.146484375000006,225,0.903343508501494,99.9785613525697,5,6,1,14,1.86218741637345e-13,1,2,1
P2/D2,174,30,17,33,14,16,18,14,16,17,18,30,33,0.146484375000006,0.146484375000006,74.4140625,0.146484375000006,150,0.146484375000006,225,0.903343508501494,99.9785613525697,5,6,1,14,1.86218741637345e-13,1,2,1
P2/D2,175,30,17,18,33,16,14,14,16,17,18,30,33,0.146484375000006,0.146484375000006,74.4140625,0.146484375000006,150,0.146484375000006,225,0.903343508501494,99.9785613525697,5,6,1,14,1.86218741637345e-13,1,2,1
P2/D2,176,30,17,18,33,14,16,14,16,17,18,30,33,0.146484375000006,0.146484375000006,74.4140625,0.146484375000006,150,0.146484375000006,225,0.903343508501494,99.9785613525697,5,6,1,14,1.86218741637345e-13,1,2,1
P2/D2,177,30,17,18,16,33,14,14,16,17,18,30,33,0.146484375000006,0.146484375000006,74.4140625,0.146484375000006,150,0.146484375000006,225,0.903343508501494,99.9785613525697,5,6,1,14,1.86218741637345e-13,1,2,1
P2/D2,178,30,17,18,16,14,33,14,16,17,18,30,33,0.146484375000006,0.146484375000006,74.4140625,0.146484375000006,150,0.146484375000006,225,0.903343508501494,99.9785613525697,5,6,1,14,1.86218741637345e-13,1,2,1
P2/D2,179,30,17,18,14,33,16,14,16,17,18,30,33,0.146484375000006,0.146484375000006,74.4140625,0.146484375000006,150,0.146484375000006,225,0.903343508501494,99.9785613525697,5,6,1,14,1.86218741637345e-13,1,2,1
P2/D2,180,30,17,18,14,16,33,14,16,17,18,30,33,0.146484375000006,0.146484375000006,74.4140625,0.146484375000006,150,0.146484375000006,225,0.903343508501494,99.9785613525697,5,6,1,14,1.86218741637345e-13,1,2,1
P2/D2,181,30,17,16,33,18,14,14,16,17,18,30,33,0.146484375000006,0.146484375000006,74.4140625,0.146484375000006,150,0.146484375000006,225,0.903343508501494,99.9785613525697,5,6,1,14,1.86218741637345e-13,1,2,1
P2/D2,182,30,17,16,33,14,18,14,16,17,18,30,33,0.146484375000006,0.146484375000006,74.4140625,0.146484375000006,150,0.146484375000006,225,0.903343508501494,99.9785613525697,5,6,1,14,1.86218741637345e-13,1,2,1
P2/D2,183,30,17,16,18,33,14,14,16,17,18,30,33,0.146484375000006,0.146484375000006,74.4140625,0.146484375000006,150,0.146484375000006,225,0.903343508501494,99.9785613525697,5,6,1,14,1.86218741637345e-13,1,2,1
P2/D2,184,30,17,16,18,14,33,14,16,17,18,30,33,0.146484375000006,0.146484375000006,74.4140625,0.146484375000006,150,0.146484375000006,225,0.903343508501494,99.9785613525697,5,6,1,14,1.86218741637345e-13,1,2,1
P2/D2,185,30,17,16,14,33,18,14,16,17,18,30,33,0.146484375000006,0.146484375000006,74.4140625,0.146484375000006,150,0.146484375000006,225,0.903343508501494,99.9785613525697,5,6,1,14,1.86218741637345e-13,1,2,1
P2/D2,186,30,17,16,14,18,33,14,16,17,18,30,33,0.146484375000006,0.146484375000006,74.4140625,0.146484375000006,150,0.146484375000006,225,0.903343508501494,99.9785613525697,5,6,1,14,1.86218741637345e-13,1,2,1
P2/D2,187,30,17,14,33,18,16,14,16,17,18,30,33,0.146484375000006,0.146484375000006,74.4140625,0.146484375000006,150,0.146484375000006,225,0.903343508501494,99.9785613525697,5,6,1,14,1.86218741637345e-13,1,2,1
P2/D2,188,30,17,14,33,16,18,14,16,17,18,30,33,0.146484375000006,0.146484375000006,74.4140625,0.146484375000006,150,0.146484375000006,225,0.903343508501494,99.9785613525697,5,6,1,14,1.86218741637345e-13,1,2,1
P2/D2,189,30,17,14,18,33,16,14,16,17,18,30,33,0.146484375000006,0.146484375000006,74.4140625,0.146484375000006,150,0.146484375000006,225,0.903343508501494,99.9785613525697,5,6,1,14,1.86218741637345e-13,1,2,1
P2/D2,190,30,17,14,18,16,33,14,16,17,18,30,33,0.146484375000006,0.146484375000006,74.4140625,0.146484375000006,150,0.146484375000006,225,0.903343508501494,99.9785613525697,5,6,1,14,1.86218741637345e-13,1,2,1
P2/D2,191,30,17,14,16,33,18,14,16,17,18,30,33,0.146484375000006,0.146484375000006,74.4140625,0.146484375000006,150,0.146484375000006,225,0.903343508501494,99.9785613525697,5,6,1,14,1.86218741637345e-13,1,2,1
P2/D2,192,30,17,14,16,18,33,14,16,17,18,30,33,0.146484375000006,0.146484375000006,74.4140625,0.146484375000006,150,0.146484375000006,225,0.903343508501494,99.9785613525697,5,6,1,14,1.86218741637345e-13,1,2,1
P2/D2,193,30,16,33,18,17,14,14,16,17,18,30,33,0.146484375000006,75.439453125,0.146484375000006,0.146484375000006,150,0.146484375000006,226.025390625,0.90266018310718,99.9811940822733,5,6,1,14,2.03301190768091e-13,1,2,1
P2/D2,194,30,16,33,18,14,17,14,16,17,18,30,33,0.146484375000006,75.439453125,0.146484375000006,0.146484375000006,150,0.146484375000006,226.025390625,0.90266018310718,99.9811940822733,5,6,1,14,2.03301190768091e-13,1,2,1
P2/D2,195,30,16,33,17,18,14,14,16,17,18,30,33,0.146484375000006,75.439453125,0.146484375000006,0.146484375000006,150,0.146484375000006,226.025390625,0.90266018310718,99.9811940822733,5,6,1,14,2.03301190768091e-13,1,2,1
P2/D2,196,30,16,33,17,14,18,14,16,17,18,30,33,0.146484375000006,75.439453125,0.146484375000006,0.146484375000006,150,0.146484375000006,226.025390625,0.90266018310718,99.9811940822733,5,6,1,14,2.03301190768091e-13,1,2,1
P2/D2,197,30,16,33,14,18,17,14,16,17,18,30,33,0.146484375000006,75.439453125,0.146484375000006,0.146484375000006,150,0.146484375000006,226.025390625,0.90266018310718,99.9811940822733,5,6,1,14,2.03301190768091e-13,1,2,1
P2/D2,198,30,16,33,14,17,18,14,16,17,18,30,33,0.146484375000006,75.439453125,0.146484375000006,0.146484375000006,150,0.146484375000006,226.025390625,0.90266018310718,99.9811940822733,5,6,1,14,2.03301190768091e-13,1,2,1
P2/D2,199,30,16,18,33,17,14,14,16,17,18,30,33,0.146484375000006,75.439453125,0.146484375000006,0.146484375000006,150,0.146484375000006,226.025390625,0.90266018310718,99.9811940822733,5,6,1,14,2.03301190768091e-13,1,2,1
P2/D2,200,30,16,18,33,14,17,14,16,17,18,30,33,0.146484375000006,75.439453125,0.146484375000006,0.146484375000006,150,0.146484375000006,226.025390625,0.90266018310718,99.9811940822733,5,6,1,14,2.03301190768091e-13,1,2,1
P2/D2,201,30,16,18,17,33,14,14,16,17,18,30,33,0.146484375000006,75.439453125,0.146484375000006,0.146484375000006,150,0.146484375000006,226.025390625,0.90266018310718,99.9811940822733,5,6,1,14,2.03301190768091e-13,1,2,1
P2/D2,202,30,16,18,17,14,33,14,16,17,18,30,33,0.146484375000006,75.439453125,0.146484375000006,0.146484375000006,150,0.146484375000006,226.025390625,0.90266018310718,99.9811940822733,5,6,1,14,2.03301190768091e-13,1,2,1
P2/D2,203,30,16,18,14,33,17,14,16,17,18,30,33,0.146484375000006,75.439453125,0.146484375000006,0.146484375000006,150,0.146484375000006,226.025390625,0.90266018310718,99.9811940822733,5,6,1,14,2.03301190768091e-13,1,2,1
P2/D2,204,30,16,18,14,17,33,14,16,17,18,30,33,0.146484375000006,75.439453125,0.146484375000006,0.146484375000006,150,0.146484375000006,226.025390625,0.90266018310718,99.9811940822733,5,6,1,14,2.03301190768091e-13,1,2,1
P2/D2,205,30,16,17,33,18,14,14,16,17,18,30,33,0.146484375000006,75.439453125,0.146484375000006,0.146484375000006,150,0.146484375000006,226.025390625,0.90266018310718,99.9811940822733,5,6,1,14,2.03301190768091e-13,1,2,1
P2/D2,206,30,16,17,33,14,18,14,16,17,18,30,33,0.146484375000006,75.439453125,0.146484375000006,0.146484375000006,150,0.146484375000006,226.025390625,0.90266018310718,99.9811940822733,5,6,1,14,2.03301190768091e-13,1,2,1
P2/D2,207,30,16,17,18,33,14,14,16,17,18,30,33,0.146484375000006,75.439453125,0.146484375000006,0.146484375000006,150,0.146484375000006,226.025390625,0.90266018310718,99.9811940822733,5,6,1,14,2.03301190768091e-13,1,2,1
P2/D2,208,30,16,17,18,14,33,14,16,17,18,30,33,0.146484375000006,75.439453125,0.146484375000006,0.146484375000006,150,0.146484375000006,226.025390625,0.90266018310718,99.9811940822733,5,6,1,14,2.03301190768091e-13,1,2,1
P2/D2,209,30,16,17,14,33,18,14,16,17,18,30,33,0.146484375000006,75.439453125,0.146484375000006,0.146484375000006,150,0.146484375000006,226.025390625,0.90266018310718,99.9811940822733,5,6,1,14,2.03301190768091e-13,1,2,1
P2/D2,210,30,16,17,14,18,33,14,16,17,18,30,33,0.146484375000006,75.439453125,0.146484375000006,0.146484375000006,150,0.146484375000006,226.025390625,0.90266018310718,99.9811940822733,5,6,1,14,2.03301190768091e-13,1,2,1
P2/D2,211,30,16,14,33,18,17,14,16,17,18,30,33,0.146484375000006,75.439453125,0.146484375000006,0.146484375000006,150,0.146484375000006,226.025390625,0.90266018310718,99.9811940822733,5,6,1,14,2.03301190768091e-13,1,2,1
P2/D2,212,30,16,14,33,17,18,14,16,17,18,30,33,0.146484375000006,75.439453125,0.146484375000006,0.146484375000006,150,0.146484375000006,226.025390625,0.90266018310718,99.9811940822733,5,6,1,14,2.03301190768091e-13,1,2,1
P2/D2,213,30,16,14,18,33,17,14,16,17,18,30,33,0.146484375000006,75.439453125,0.146484375000006,0.146484375000006,150,0.146484375000006,226.025390625,0.90266018310718,99.9811940822733,5,6,1,14,2.03301190768091e-13,1,2,1
P2/D2,214,30,16,14,18,17,33,14,16,17,18,30,33,0.146484375000006,75.439453125,0.146484375000006,0.146484375000006,150,0.146484375000006,226.025390625,0.90266018310718,99.9811940822733,5,6,1,14,2.03301190768091e-13,1,2,1
P2/D2,215,30,16,14,17,33,18,14,16,17,18,30,33,0.146484375000006,75.439453125,0.146484375000006,0.146484375000006,150,0.146484375000006,226.025390625,0.90266018310718,99.9811940822733,5,6,1,14,2.03301190768091e-13,1,2,1
P2/D2,216,30,16,14,17,18,33,14,16,17,18,30,33,0.146484375000006,75.439453125,0.146484375000006,0.146484375000006,150,0.146484375000006,226.025390625,0.90266018310718,99.9811940822733,5,6,1,14,2.03301190768091e-13,1,2,1
P2/D2,217,30,14,33,18,17,16,14,16,17,18,30,33,77.05078125,0.146484375000006,0.146484375000006,0.146484375000006,150,0.146484375000006,227.63671875,0.901957380806581,99.9780691202333,5,6,1,14,2.24819999722357e-13,1,2,1
P2/D2,218,30,14,33,18,16,17,14,16,17,18,30,33,77.05078125,0.146484375000006,0.146484375000006,0.146484375000006,150,0.146484375000006,227.63671875,0.901957380806581,99.9780691202333,5,6,1,14,2.24819999722357e-13,1,2,1
P2/D2,219,30,14,33,17,18,16,14,16,17,18,30,33,77.05078125,0.146484375000006,0.146484375000006,0.146484375000006,150,0.146484375000006,227.63671875,0.901957380806581,99.9780691202333,5,6,1,14,2.24819999722357e-13,1,2,1
P2/D2,220,30,14,33,17,16,18,14,16,17,18,30,33,77.05078125,0.146484375000006,0.146484375000006,0.146484375000006,150,0.146484375000006,227.63671875,0.901957380806581,99.9780691202333,5,6,1,14,2.24819999722357e-13,1,2,1
P2/D2,221,30,14,33,16,18,17,14,16,17,18,30,33,77.05078125,0.146484375000006,0.146484375000006,0.146484375000006,150,0.146484375000006,227.63671875,0.901957380806581,99.9780691202333,5,6,1,14,2.24819999722357e-13,1,2,1
P2/D2,222,30,14,33,16,17,18,14,16,17,18,30,33,77.05078125,0.146484375000006,0.146484375000006,0.146484375000006,150,0.146484375000006,227.63671875,0.901957380806581,99.9780691202333,5,6,1,14,2.24819999722357e-13,1,2,1
P2/D2,223,30,14,18,33,17,16,14,16,17,18,30,33,77.05078125,0.146484375000006,0.146484375000006,0.146484375000006,150,0.146484375000006,227.63671875,0.901957380806581,99.9780691202333,5,6,1,14,2.24819999722357e-13,1,2,1
P2/D2,224,30,14,18,33,16,17,14,16,17,18,30,33,77.05078125,0.146484375000006,0.146484375000006,0.146484375000006,150,0.146484375000006,227.63671875,0.901957380806581,99.9780691202333,5,6,1,14,2.24819999722357e-13,1,2,1
P2/D2,225,30,14,18,17,33,16,14,16,17,18,30,33,77.05078125,0.146484375000006,0.146484375000006,0.146484375000006,150,0.146484375000006,227.63671875,0.901957380806581,99.9780691202333,5,6,1,14,2.24819999722357e-13,1,2,1
P2/D2,226,30,14,18,17,16,33,14,16,17,18,30,33,77.05078125,0.146484375000006,0.146484375000006,0.146484375000006,150,0.146484375000006,227.63671875,0.901957380806581,99.9780691202333,5,6,1,14,2.24819999722357e-13,1,2,1
P2/D2,227,30,14,18,16,33,17,14,16,17,18,30,33,77.05078125,0.146484375000006,0.146484375000006,0.146484375000006,150,0.146484375000006,227.63671875,0.901957380806581,99.9780691202333,5,6,1,14,2.24819999722357e-13,1,2,1
P2/D2,228,30,14,18,16,17,33,14,16,17,18,30,33,77.05078125,0.146484375000006,0.146484375000006,0.146484375000006,150,0.146484375000006,227.63671875,0.901957380806581,99.9780691202333,5,6,1,14,2.24819999722357e-13,1,2,1
P2/D2,229,30,14,17,33,18,16,14,16,17,18,30,33,77.05078125,0.146484375000006,0.146484375000006,0.146484375000006,150,0.146484375000006,227.63671875,0.901957380806581,99.9780691202333,5,6,1,14,2.24819999722357e-13,1,2,1
P2/D2,230,30,14,17,33,16,18,14,16,17,18,30,33,77.05078125,0.146484375000006,0.146484375000006,0.146484375000006,150,0.146484375000006,227.63671875,0.901957380806581,99.9780691202333,5,6,1,14,2.24819999722357e-13,1,2,1
P2/D2,231,30,14,17,18,33,16,14,16,17,18,30,33,77.05078125,0.146484375000006,0.146484375000006,0.146484375000006,150,0.146484375000006,227.63671875,0.901957380806581,99.9780691202333,5,6,1,14,2.24819999722357e-13,1,2,1
P2/D2,232,30,14,17,18,16,33,14,16,17,18,30,33,77.05078125,0.146484375000006,0.146484375000006,0.146484375000006,150,0.146484375000006,227.63671875,0.901957380806581,99.9780691202333,5,6,1,14,2.24819999722357e-13,1,2,1
P2/D2,233,30,14,17,16,33,18,14,16,17,18,30,33,77.05078125,0.146484375000006,0.146484375000006,0.146484375000006,150,0.146484375000006,227.63671875,0.901957380806581,99.9780691202333,5,6,1,14,2.24819999722357e-13,1,2,1
P2/D2,234,30,14,17,16,18,33,14,16,17,18,30,33,77.05078125,0.146484375000006,0.146484375000006,0.146484375000006,150,0.146484375000006,227.63671875,0.901957380806581,99.9780691202333,5,6,1,14,2.24819999722357e-13,1,2,1
P2/D2,235,30,14,16,33,18,17,14,16,17,18,30,33,77.05078125,0.146484375000006,0.146484375000006,0.146484375000006,150,0.146484375000006,227.63671875,0.901957380806581,99.9780691202333,5,6,1,14,2.24819999722357e-13,1,2,1
P2/D2,236,30,14,16,33,17,18,14,16,17,18,30,33,77.05078125,0.146484375000006,0.146484375000006,0.146484375000006,150,0.146484375000006,227.63671875,0.901957380806581,99.9780691202333,5,6,1,14,2.24819999722357e-13,1,2,1
P2/D2,237,30,14,16,18,33,17,14,16,17,18,30,33,77.05078125,0.146484375000006,0.146484375000006,0.146484375000006,150,0.146484375000006,227.63671875,0.901957380806581,99.9780691202333,5,6,1,14,2.24819999722357e-13,1,2,1
P2/D2,238,30,14,16,18,17,33,14,16,17,18,30,33,77.05078125,0.146484375000006,0.146484375000006,0.146484375000006,150,0.146484375000006,227.63671875,0.901957380806581,99.9780691202333,5,6,1,14,2.24819999722357e-13,1,2,1
P2/D2,239,30,14,16,17,33,18,14,16,17,18,30,33,77.05078125,0.146484375000006,0.146484375000006,0.146484375000006,150,0.146484375000006,227.63671875,0.901957380806581,99.9780691202333,5,6,1,14,2.24819999722357e-13,1,2,1
P2/D2,240,30,14,16,17,18,33,14,16,17,18,30,33,77.05078125,0.146484375000006,0.146484375000006,0.146484375000006,150,0.146484375000006,227.63671875,0.901957380806581,99.9780691202333,5,6,1,14,2.24819999722357e-13,1,2,1
P2/D2,241,18,33,30,17,16,14,14,16,17,18,30,33,0.146484375000006,0.146484375000006,0.146484375000006,150,0.146484375000006,61.376953125,211.962890625,0.909355125596931,99.9827904430296,5,6,1,13,7.82123953253557e-13,1,2,1
P2/D2,242,18,33,30,17,14,16,14,16,17,18,30,33,0.146484375000006,0.146484375000006,0.146484375000006,150,0.146484375000006,61.376953125,211.962890625,0.909355125596931,99.9827904430296,5,6,1,13,7.82123953253557e-13,1,2,1
P2/D2,243,18,33,30,16,17,14,14,16,17,18,30,33,0.146484375000006,0.146484375000006,0.146484375000006,150,0.146484375000006,61.376953125,211.962890625,0.909355125596931,99.9827904430296,5,6,1,13,7.82123953253557e-13,1,2,1
P2/D2,244,18,33,30,16,14,17,14,16,17,18,30,33,0.146484375000006,0.146484375000006,0.146484375000006,150,0.146484375000006,61.376953125,211.962890625,0.909355125596931,99.9827904430296,5,6,1,13,7.82123953253557e-13,1,2,1
P2/D2,245,18,33,30,14,17,16,14,16,17,18,30,33,0.146484375000006,0.146484375000006,0.146484375000006,150,0.146484375000006,61.376953125,211.962890625,0.909355125596931,99.9827904430296,5,6,1,13,7.82123953253557e-13,1,2,1
P2/D2,246,18,33,30,14,16,17,14,16,17,18,30,33,0.146484375000006,0.146484375000006,0.146484375000006,150,0.146484375000006,61.376953125,211.962890625,0.909355125596931,99.9827904430296,5,6,1,13,7.82123953253557e-13,1,2,1
P2/D2,247,18,33,17,30,16,14,14,16,17,18,30,33,0.146484375000006,0.146484375000006,0.146484375000006,150,0.146484375000006,61.376953125,211.962890625,0.909355125596931,99.9827904430296,5,6,1,13,7.82123953253557e-13,1,2,1
P2/D2,248,18,33,17,30,14,16,14,16,17,18,30,33,0.146484375000006,0.146484375000006,0.146484375000006,150,0.146484375000006,61.376953125,211.962890625,0.909355125596931,99.9827904430296,5,6,1,13,7.82123953253557e-13,1,2,1
P2/D2,249,18,33,17,16,30,14,14,16,17,18,30,33,0.146484375000006,0.146484375000006,0.146484375000006,150,0.146484375000006,61.376953125,211.962890625,0.909355125596931,99.9827904430296,5,6,1,13,7.82123953253557e-13,1,2,1
P2/D2,250,18,33,17,16,14,30,14,16,17,18,30,33,0.146484375000006,0.146484375000006,0.146484375000006,150,0.146484375000006,61.376953125,211.962890625,0.909355125596931,99.9827904430296,5,6,1,13,7.82123953253557e-13,1,2,1
P2/D2,251,18,33,17,14,30,16,14,16,17,18,30,33,0.146484375000006,0.146484375000006,0.146484375000006,150,0.146484375000006,61.376953125,211.962890625,0.909355125596931,99.9827904430296,5,6,1,13,7.82123953253557e-13,1,2,1
P2/D2,252,18,33,17,14,16,30,14,16,17,18,30,33,0.146484375000006,0.146484375000006,0.146484375000006,150,0.146484375000006,61.376953125,211.962890625,0.909355125596931,99.9827904430296,5,6,1,13,7.82123953253557e-13,1,2,1
P2/D2,253,18,33,16,30,17,14,14,16,17,18,30,33,0.146484375000006,0.146484375000006,0.146484375000006,150,0.146484375000006,61.376953125,211.962890625,0.909355125596931,99.9827904430296,5,6,1,13,7.82123953253557e-13,1,2,1
P2/D2,254,18,33,16,30,14,17,14,16,17,18,30,33,0.146484375000006,0.146484375000006,0.146484375000006,150,0.146484375000006,61.376953125,211.962890625,0.909355125596931,99.9827904430296,5,6,1,13,7.82123953253557e-13,1,2,1
P2/D2,255,18,33,16,17,30,14,14,16,17,18,30,33,0.146484375000006,0.146484375000006,0.146484375000006,150,0.146484375000006,61.376953125,211.962890625,0.909355125596931,99.9827904430296,5,6,1,13,7.82123953253557e-13,1,2,1
P2/D2,256,18,33,16,17,14,30,14,16,17,18,30,33,0.146484375000006,0.146484375000006,0.146484375000006,150,0.146484375000006,61.376953125,211.962890625,0.909355125596931,99.9827904430296,5,6,1,13,7.82123953253557e-13,1,2,1
P2/D2,257,18,33,16,14,30,17,14,16,17,18,30,33,0.146484375000006,0.146484375000006,0.146484375000006,150,0.146484375000006,61.376953125,211.962890625,0.909355125596931,99.9827904430296,5,6,1,13,7.82123953253557e-13,1,2,1
P2/D2,258,18,33,16,14,17,30,14,16,17,18,30,33,0.146484375000006,0.146484375000006,0.146484375000006,150,0.146484375000006,61.376953125,211.962890625,0.909355125596931,99.9827904430296,5,6,1,13,7.82123953253557e-13,1,2,1
P2/D2,259,18,33,14,30,17,16,14,16,17,18,30,33,0.146484375000006,0.146484375000006,0.146484375000006,150,0.146484375000006,61.376953125,211.962890625,0.909355125596931,99.9827904430296,5,6,1,13,7.82123953253557e-13,1,2,1
P2/D2,260,18,33,14,30,16,17,14,16,17,18,30,33,0.146484375000006,0.146484375000006,0.146484375000006,150,0.146484375000006,61.376953125,211.962890625,0.909355125596931,99.9827904430296,5,6,1,13,7.82123953253557e-13,1,2,1
P2/D2,261,18,33,14,17,30,16,14,16,17,18,30,33,0.146484375000006,0.146484375000006,0.146484375000006,150,0.146484375000006,61.376953125,211.962890625,0.909355125596931,99.9827904430296,5,6,1,13,7.82123953253557e-13,1,2,1
P2/D2,262,18,33,14,17,16,30,14,16,17,18,30,33,0.146484375000006,0.146484375000006,0.146484375000006,150,0.146484375000006,61.376953125,211.962890625,0.909355125596931,99.9827904430296,5,6,1,13,7.82123953253557e-13,1,2,1
P2/D2,263,18,33,14,16,30,17,14,16,17,18,30,33,0.146484375000006,0.146484375000006,0.146484375000006,150,0.146484375000006,61.376953125,211.962890625,0.909355125596931,99.9827904430296,5,6,1,13,7.82123953253557e-13,1,2,1
P2/D2,264,18,33,14,16,17,30,14,16,17,18,30,33,0.146484375000006,0.146484375000006,0.146484375000006,150,0.146484375000006,61.376953125,211.962890625,0.909355125596931,99.9827904430296,5,6,1,13,7.82123953253557e-13,1,2,1
P2/D2,265,18,30,33,17,16,14,14,16,17,18,30,33,0.146484375000006,0.146484375000006,0.146484375000006,150,62.548828125,0.146484375000006,213.134765625,0.909357497550058,99.9792626063059,5,6,1,13,7.93525202501566e-13,1,2,1
P2/D2,266,18,30,33,17,14,16,14,16,17,18,30,33,0.146484375000006,0.146484375000006,0.146484375000006,150,62.548828125,0.146484375000006,213.134765625,0.909357497550058,99.9792626063059,5,6,1,13,7.93525202501566e-13,1,2,1
P2/D2,267,18,30,33,16,17,14,14,16,17,18,30,33,0.146484375000006,0.146484375000006,0.146484375000006,150,62.548828125,0.146484375000006,213.134765625,0.909357497550058,99.9792626063059,5,6,1,13,7.93525202501566e-13,1,2,1
P2/D2,268,18,30,33,16,14,17,14,16,17,18,30,33,0.146484375000006,0.146484375000006,0.146484375000006,150,62.548828125,0.146484375000006,213.134765625,0.909357497550058,99.9792626063059,5,6,1,13,7.93525202501566e-13,1,2,1
P2/D2,269,18,30,33,14,17,16,14,16,17,18,30,33,0.146484375000006,0.146484375000006,0.146484375000006,150,62.548828125,0.146484375000006,213.134765625,0.909357497550058,99.9792626063059,5,6,1,13,7.93525202501566e-13,1,2,1
P2/D2,270,18,30,33,14,16,17,14,16,17,18,30,33,0.146484375000006,0.146484375000006,0.146484375000006,150,62.548828125,0.146484375000006,213.134765625,0.909357497550058,99.9792626063059,5,6,1,13,7.93525202501566e-13,1,2,1
P2/D2,271,18,30,17,33,16,14,14,16,17,18,30,33,0.146484375000006,0.146484375000006,0.146484375000006,150,62.548828125,0.146484375000006,213.134765625,0.909357497550058,99.9792626063059,5,6,1,13,7.93525202501566e-13,1,2,1
P2/D2,272,18,30,17,33,14,16,14,16,17,18,30,33,0.146484375000006,0.146484375000006,0.146484375000006,150,62.548828125,0.146484375000006,213.134765625,0.909357497550058,99.9792626063059,5,6,1,13,7.93525202501566e-13,1,2,1
P2/D2,273,18,30,17,16,33,14,14,16,17,18,30,33,0.146484375000006,0.146484375000006,0.146484375000006,150,62.548828125,0.146484375000006,213.134765625,0.909357497550058,99.9792626063059,5,6,1,13,7.93525202501566e-13,1,2,1
P2/D2,274,18,30,17,16,14,33,14,16,17,18,30,33,0.146484375000006,0.146484375000006,0.146484375000006,150,62.548828125,0.146484375000006,213.134765625,0.909357497550058,99.9792626063059,5,6,1,13,7.93525202501566e-13,1,2,1
P2/D2,275,18,30,17,14,33,16,14,16,17,18,30,33,0.146484375000006,0.146484375000006,0.146484375000006,150,62.548828125,0.146484375000006,213.134765625,0.909357497550058,99.9792626063059,5,6,1,13,7.93525202501566e-13,1,2,1
P2/D2,276,18,30,17,14,16,33,14,16,17,18,30,33,0.146484375000006,0.146484375000006,0.146484375000006,150,62.548828125,0.146484375000006,213.134765625,0.909357497550058,99.9792626063059,5,6,1,13,7.93525202501566e-13,1,2,1
P2/D2,277,18,30,16,33,17,14,14,16,17,18,30,33,0.146484375000006,0.146484375000006,0.146484375000006,150,62.548828125,0.146484375000006,213.134765625,0.909357497550058,99.9792626063059,5,6,1,13,7.93525202501566e-13,1,2,1
P2/D2,278,18,30,16,33,14,17,14,16,17,18,30,33,0.146484375000006,0.146484375000006,0.146484375000006,150,62.548828125,0.146484375000006,213.134765625,0.909357497550058,99.9792626063059,5,6,1,13,7.93525202501566e-13,1,2,1
P2/D2,279,18,30,16,17,33,14,14,16,17,18,30,33,0.146484375000006,0.146484375000006,0.146484375000006,150,62.548828125,0.146484375000006,213.134765625,0.909357497550058,99.9792626063059,5,6,1,13,7.93525202501566e-13,1,2,1
P2/D2,280,18,30,16,17,14,33,14,16,17,18,30,33,0.146484375000006,0.146484375000006,0.146484375000006,150,62.548828125,0.146484375000006,213.134765625,0.909357497550058,99.9792626063059,5,6,1,13,7.93525202501566e-13,1,2,1
P2/D2,281,18,30,16,14,33,17,14,16,17,18,30,33,0.146484375000006,0.146484375000006,0.146484375000006,150,62.548828125,0.146484375000006,213.134765625,0.909357497550058,99.9792626063059,5,6,1,13,7.93525202501566e-13,1,2,1
P2/D2,282,18,30,16,14,17,33,14,16,17,18,30,33,0.146484375000006,0.146484375000006,0.146484375000006,150,62.548828125,0.146484375000006,213.134765625,0.909357497550058,99.9792626063059,5,6,1,13,7.93525202501566e-13,1,2,1
P2/D2,283,18,30,14,33,17,16,14,16,17,18,30,33,0.146484375000006,0.146484375000006,0.146484375000006,150,62.548828125,0.146484375000006,213.134765625,0.909357497550058,99.9792626063059,5,6,1,13,7.93525202501566e-13,1,2,1
P2/D2,284,18,30,14,33,16,17,14,16,17,18,30,33,0.146484375000006,0.146484375000006,0.146484375000006,150,62.548828125,0.146484375000006,213.134765625,0.909357497550058,99.9792626063059,5,6,1,13,7.93525202501566e-13,1,2,1
P2/D2,285,18,30,14,17,33,16,14,16,17,18,30,33,0.146484375000006,0.146484375000006,0.146484375000006,150,62.548828125,0.146484375000006,213.134765625,0.909357497550058,99.9792626063059,5,6,1,13,7.93525202501566e-13,1,2,1
P2/D2,286,18,30,14,17,16,33,14,16,17,18,30,33,0.146484375000006,0.146484375000006,0.146484375000006,150,62.548828125,0.146484375000006,213.134765625,0.909357497550058,99.9792626063059,5,6,1,13,7.93525202501566e-13,1,2,1
P2/D2,287,18,30,14,16,33,17,14,16,17,18,30,33,0.146484375000006,0.146484375000006,0.146484375000006,150,62.548828125,0.146484375000006,213.134765625,0.909357497550058,99.9792626063059,5,6,1,13,7.93525202501566e-13,1,2,1
P2/D2,288,18,30,14,16,17,33,14,16,17,18,30,33,0.146484375000006,0.146484375000006,0.146484375000006,150,62.548828125,0.146484375000006,213.134765625,0.909357497550058,99.9792626063059,5,6,1,13,7.93525202501566e-13,1,2,1
P2/D2,289,18,17,33,30,16,14,14,16,17,18,30,33,0.146484375000006,0.146484375000006,55.37109375,150,0.146484375000006,0.146484375000006,205.95703125,0.91311939657911,99.9825735479733,5,6,1,13,5.26320936921776e-13,1,2,1
P2/D2,290,18,17,33,30,14,16,14,16,17,18,30,33,0.146484375000006,0.146484375000006,55.37109375,150,0.146484375000006,0.146484375000006,205.95703125,0.91311939657911,99.9825735479733,5,6,1,13,5.26320936921776e-13,1,2,1
P2/D2,291,18,17,33,16,30,14,14,16,17,18,30,33,0.146484375000006,0.146484375000006,55.37109375,150,0.146484375000006,0.146484375000006,205.95703125,0.91311939657911,99.9825735479733,5,6,1,13,5.26320936921776e-13,1,2,1
P2/D2,292,18,17,33,16,14,30,14,16,17,18,30,33,0.146484375000006,0.146484375000006,55.37109375,150,0.146484375000006,0.146484375000006,205.95703125,0.91311939657911,99.9825735479733,5,6,1,13,5.26320936921776e-13,1,2,1
P2/D2,293,18,17,33,14,30,16,14,16,17,18,30,33,0.146484375000006,0.146484375000006,55.37109375,150,0.146484375000006,0.146484375000006,205.95703125,0.91311939657911,99.9825735479733,5,6,1,13,5.26320936921776e-13,1,2,1
P2/D2,294,18,17,33,14,16,30,14,16,17,18,30,33,0.146484375000006,0.146484375000006,55.37109375,150,0.146484375000006,0.146484375000006,205.95703125,0.91311939657911,99.9825735479733,5,6,1,13,5.26320936921776e-13,1,2,1
P2/D2,295,18,17,30,33,16,14,14,16,17,18,30,33,0.146484375000006,0.146484375000006,55.37109375,150,0.146484375000006,0.146484375000006,205.95703125,0.91311939657911,99.9825735479733,5,6,1,13,5.26320936921776e-13,1,2,1
P2/D2,296,18,17,30,33,14,16,14,16,17,18,30,33,0.146484375000006,0.146484375000006,55.37109375,150,0.146484375000006,0.146484375000006,205.95703125,0.91311939657911,99.9825735479733,5,6,1,13,5.26320936921776e-13,1,2,1
P2/D2,297,18,17,30,16,33,14,14,16,17,18,30,33,0.146484375000006,0.146484375000006,55.37109375,150,0.146484375000006,0.146484375000006,205.95703125,0.91311939657911,99.9825735479733,5,6,1,13,5.26320936921776e-13,1,2,1
P2/D2,298,18,17,30,16,14,33,14,16,17,18,30,33,0.146484375000006,0.146484375000006,55.37109375,150,0.146484375000006,0.146484375000006,205.95703125,0.91311939657911,99.9825735479733,5,6,1,13,5.26320936921776e-13,1,2,1
P2/D2,299,18,17,30,14,33,16,14,16,17,18,30,33,0.146484375000006,0.146484375000006,55.37109375,150,0.146484375000006,0.146484375000006,205.95703125,0.91311939657911,99.9825735479733,5,6,1,13,5.26320936921776e-13,1,2,1
P2/D2,300,18,17,30,14,16,33,14,16,17,18,30,33,0.146484375000006,0.146484375000006,55.37109375,150,0.146484375000006,0.146484375000006,205.95703125,0.91311939657911,99.9825735479733,5,6,1,13,5.26320936921776e-13,1,2,1
P2/D2,301,18,17,16,33,30,14,14,16,17,18,30,33,0.146484375000006,0.146484375000006,55.37109375,150,0.146484375000006,0.146484375000006,205.95703125,0.91311939657911,99.9825735479733,5,6,1,13,5.26320936921776e-13,1,2,1
P2/D2,302,18,17,16,33,14,30,14,16,17,18,30,33,0.146484375000006,0.146484375000006,55.37109375,150,0.146484375000006,0.146484375000006,205.95703125,0.91311939657911,99.9825735479733,5,6,1,13,5.26320936921776e-13,1,2,1
P2/D2,303,18,17,16,30,33,14,14,16,17,18,30,33,0.146484375000006,0.146484375000006,55.37109375,150,0.146484375000006,0.146484375000006,205.95703125,0.91311939657911,99.9825735479733,5,6,1,13,5.26320936921776e-13,1,2,1
P2/D2,304,18,17,16,30,14,33,14,16,17,18,30,33,0.146484375000006,0.146484375000006,55.37109375,150,0.146484375000006,0.146484375000006,205.95703125,0.91311939657911,99.9825735479733,5,6,1,13,5.26320936921776e-13,1,2,1
P2/D2,305,18,17,16,14,33,30,14,16,17,18,30,33,0.146484375000006,0.146484375000006,55.37109375,150,0.146484375000006,0.146484375000006,205.95703125,0.91311939657911,99.9825735479733,5,6,1,13,5.26320936921776e-13,1,2,1
P2/D2,306,18,17,16,14,30,33,14,16,17,18,30,33,0.146484375000006,0.146484375000006,55.37109375,150,0.146484375000006,0.146484375000006,205.95703125,0.91311939657911,99.9825735479733,5,6,1,13,5.26320936921776e-13,1,2,1
P2/D2,307,18,17,14,33,30,16,14,16,17,18,30,33,0.146484375000006,0.146484375000006,55.37109375,150,0.146484375000006,0.146484375000006,205.95703125,0.91311939657911,99.9825735479733,5,6,1,13,5.26320936921776e-13,1,2,1
P2/D2,308,18,17,14,33,16,30,14,16,17,18,30,33,0.146484375000006,0.146484375000006,55.37109375,150,0.146484375000006,0.146484375000006,205.95703125,0.91311939657911,99.9825735479733,5,6,1,13,5.26320936921776e-13,1,2,1
P2/D2,309,18,17,14,30,33,16,14,16,17,18,30,33,0.146484375000006,0.146484375000006,55.37109375,150,0.146484375000006,0.146484375000006,205.95703125,0.91311939657911,99.9825735479733,5,6,1,13,5.26320936921776e-13,1,2,1
P2/D2,310,18,17,14,30,16,33,14,16,17,18,30,33,0.146484375000006,0.146484375000006,55.37109375,150,0.146484375000006,0.146484375000006,205.95703125,0.91311939657911,99.9825735479733,5,6,1,13,5.26320936921776e-13,1,2,1
P2/D2,311,18,17,14,16,33,30,14,16,17,18,30,33,0.146484375000006,0.146484375000006,55.37109375,150,0.146484375000006,0.146484375000006,205.95703125,0.91311939657911,99.9825735479733,5,6,1,13,5.26320936921776e-13,1,2,1
P2/D2,312,18,17,14,16,30,33,14,16,17,18,30,33,0.146484375000006,0.146484375000006,55.37109375,150,0.146484375000006,0.146484375000006,205.95703125,0.91311939657911,99.9825735479733,5,6,1,13,5.26320936921776e-13,1,2,1
P2/D2,313,18,16,33,30,17,14,14,16,17,18,30,33,0.146484375000006,55.95703125,0.146484375000006,150,0.146484375000006,0.146484375000006,206.54296875,0.912629512124553,99.9811082801338,5,6,1,13,5.4983273588887e-13,1,2,1
P2/D2,314,18,16,33,30,14,17,14,16,17,18,30,33,0.146484375000006,55.95703125,0.146484375000006,150,0.146484375000006,0.146484375000006,206.54296875,0.912629512124553,99.9811082801338,5,6,1,13,5.4983273588887e-13,1,2,1
P2/D2,315,18,16,33,17,30,14,14,16,17,18,30,33,0.146484375000006,55.95703125,0.146484375000006,150,0.146484375000006,0.146484375000006,206.54296875,0.912629512124553,99.9811082801338,5,6,1,13,5.4983273588887e-13,1,2,1
P2/D2,316,18,16,33,17,14,30,14,16,17,18,30,33,0.146484375000006,55.95703125,0.146484375000006,150,0.146484375000006,0.146484375000006,206.54296875,0.912629512124553,99.9811082801338,5,6,1,13,5.4983273588887e-13,1,2,1
P2/D2,317,18,16,33,14,30,17,14,16,17,18,30,33,0.146484375000006,55.95703125,0.146484375000006,150,0.146484375000006,0.146484375000006,206.54296875,0.912629512124553,99.9811082801338,5,6,1,13,5.4983273588887e-13,1,2,1
P2/D2,318,18,16,33,14,17,30,14,16,17,18,30,33,0.146484375000006,55.95703125,0.146484375000006,150,0.146484375000006,0.146484375000006,206.54296875,0.912629512124553,99.9811082801338,5,6,1,13,5.4983273588887e-13,1,2,1
P2/D2,319,18,16,30,33,17,14,14,16,17,18,30,33,0.146484375000006,55.95703125,0.146484375000006,150,0.146484375000006,0.146484375000006,206.54296875,0.912629512124553,99.9811082801338,5,6,1,13,5.4983273588887e-13,1,2,1
P2/D2,320,18,16,30,33,14,17,14,16,17,18,30,33,0.146484375000006,55.95703125,0.146484375000006,150,0.146484375000006,0.146484375000006,206.54296875,0.912629512124553,99.9811082801338,5,6,1,13,5.4983273588887e-13,1,2,1
P2/D2,321,18,16,30,17,33,14,14,16,17,18,30,33,0.146484375000006,55.95703125,0.146484375000006,150,0.146484375000006,0.146484375000006,206.54296875,0.912629512124553,99.9811082801338,5,6,1,13,5.4983273588887e-13,1,2,1
P2/D2,322,18,16,30,17,14,33,14,16,17,18,30,33,0.146484375000006,55.95703125,0.146484375000006,150,0.146484375000006,0.146484375000006,206.54296875,0.912629512124553,99.9811082801338,5,6,1,13,5.4983273588887e-13,1,2,1
P2/D2,323,18,16,30,14,33,17,14,16,17,18,30,33,0.146484375000006,55.95703125,0.146484375000006,150,0.146484375000006,0.146484375000006,206.54296875,0.912629512124553,99.9811082801338,5,6,1,13,5.4983273588887e-13,1,2,1
P2/D2,324,18,16,30,14,17,33,14,16,17,18,30,33,0.146484375000006,55.95703125,0.146484375000006,150,0.146484375000006,0.146484375000006,206.54296875,0.912629512124553,99.9811082801338,5,6,1,13,5.4983273588887e-13,1,2,1
P2/D2,325,18,16,17,33,30,14,14,16,17,18,30,33,0.146484375000006,55.95703125,0.146484375000006,150,0.146484375000006,0.146484375000006,206.54296875,0.912629512124553,99.9811082801338,5,6,1,13,5.4983273588887e-13,1,2,1
P2/D2,326,18,16,17,33,14,30,14,16,17,18,30,33,0.146484375000006,55.95703125,0.146484375000006,150,0.146484375000006,0.146484375000006,206.54296875,0.912629512124553,99.9811082801338,5,6,1,13,5.4983273588887e-13,1,2,1
P2/D2,327,18,16,17,30,33,14,14,16,17,18,30,33,0.146484375000006,55.95703125,0.146484375000006,150,0.146484375000006,0.146484375000006,206.54296875,0.912629512124553,99.9811082801338,5,6,1,13,5.4983273588887e-13,1,2,1
P2/D2,328,18,16,17,30,14,33,14,16,17,18,30,33,0.146484375000006,55.95703125,0.146484375000006,150,0.146484375000006,0.146484375000006,206.54296875,0.912629512124553,99.9811082801338,5,6,1,13,5.4983273588887e-13,1,2,1
P2/D2,329,18,16,17,14,33,30,14,16,17,18,30,33,0.146484375000006,55.95703125,0.146484375000006,150,0.146484375000006,0.146484375000006,206.54296875,0.912629512124553,99.9811082801338,5,6,1,13,5.4983273588887e-13,1,2,1
P2/D2,330,18,16,17,14,30,33,14,16,17,18,30,33,0.146484375000006,55.95703125,0.146484375000006,150,0.146484375000006,0.146484375000006,206.54296875,0.912629512124553,99.9811082801338,5,6,1,13,5.4983273588887e-13,1,2,1
P2/D2,331,18,16,14,33,30,17,14,16,17,18,30,33,0.146484375000006,55.95703125,0.146484375000006,150,0.146484375000006,0.146484375000006,206.54296875,0.912629512124553,99.9811082801338,5,6,1,13,5.4983273588887e-13,1,2,1
P2/D2,332,18,16,14,33,17,30,14,16,17,18,30,33,0.146484375000006,55.95703125,0.146484375000006,150,0.146484375000006,0.146484375000006,206.54296875,0.912629512124553,99.9811082801338,5,6,1,13,5.4983273588887e-13,1,2,1
P2/D2,333,18,16,14,30,33,17,14,16,17,18,30,33,0.146484375000006,55.95703125,0.146484375000006,150,0.146484375000006,0.146484375000006,206.54296875,0.912629512124553,99.9811082801338,5,6,1,13,5.4983273588887e-13,1,2,1
P2/D2,334,18,16,14,30,17,33,14,16,17,18,30,33,0.146484375000006,55.95703125,0.146484375000006,150,0.146484375000006,0.146484375000006,206.54296875,0.912629512124553,99.9811082801338,5,6,1,13,5.4983273588887e-13,1,2,1
P2/D2,335,18,16,14,17,33,30,14,16,17,18,30,33,0.146484375000006,55.95703125,0.146484375000006,150,0.146484375000006,0.146484375000006,206.54296875,0.912629512124553,99.9811082801338,5,6,1,13,5.4983273588887e-13,1,2,1
P2/D2,336,18,16,14,17,30,33,14,16,17,18,30,33,0.146484375000006,55.95703125,0.146484375000006,150,0.146484375000006,0.146484375000006,206.54296875,0.912629512124553,99.9811082801338,5,6,1,13,5.4983273588887e-13,1,2,1
P2/D2,337,18,14,33,30,17,16,14,16,17,18,30,33,56.8359375,0.146484375000006,0.146484375000006,150,0.146484375000006,0.146484375000006,207.421875,0.912112718670073,99.9805330591251,5,6,1,13,5.82531700375155e-13,1,2,1
P2/D2,338,18,14,33,30,16,17,14,16,17,18,30,33,56.8359375,0.146484375000006,0.146484375000006,150,0.146484375000006,0.146484375000006,207.421875,0.912112718670073,99.9805330591251,5,6,1,13,5.82531700375155e-13,1,2,1
P2/D2,339,18,14,33,17,30,16,14,16,17,18,30,33,56.8359375,0.146484375000006,0.146484375000006,150,0.146484375000006,0.146484375000006,207.421875,0.912112718670073,99.9805330591251,5,6,1,13,5.82531700375155e-13,1,2,1
P2/D2,340,18,14,33,17,16,30,14,16,17,18,30,33,56.8359375,0.146484375000006,0.146484375000006,150,0.146484375000006,0.146484375000006,207.421875,0.912112718670073,99.9805330591251,5,6,1,13,5.82531700375155e-13,1,2,1
P2/D2,341,18,14,33,16,30,17,14,16,17,18,30,33,56.8359375,0.146484375000006,0.146484375000006,150,0.146484375000006,0.146484375000006,207.421875,0.912112718670073,99.9805330591251,5,6,1,13,5.82531700375155e-13,1,2,1
P2/D2,342,18,14,33,16,17,30,14,16,17,18,30,33,56.8359375,0.146484375000006,0.146484375000006,150,0.146484375000006,0.146484375000006,207.421875,0.912112718670073,99.9805330591251,5,6,1,13,5.82531700375155e-13,1,2,1
P2/D2,343,18,14,30,33,17,16,14,16,17,18,30,33,56.8359375,0.146484375000006,0.146484375000006,150,0.146484375000006,0.146484375000006,207.421875,0.912112718670073,99.9805330591251,5,6,1,13,5.82531700375155e-13,1,2,1
P2/D2,344,18,14,30,33,16,17,14,16,17,18,30,33,56.8359375,0.146484375000006,0.146484375000006,150,0.146484375000006,0.146484375000006,207.421875,0.912112718670073,99.9805330591251,5,6,1,13,5.82531700375155e-13,1,2,1
P2/D2,345,18,14,30,17,33,16,14,16,17,18,30,33,56.8359375,0.146484375000006,0.146484375000006,150,0.146484375000006,0.146484375000006,207.421875,0.912112718670073,99.9805330591251,5,6,1,13,5.82531700375155e-13,1,2,1
P2/D2,346,18,14,30,17,16,33,14,16,17,18,30,33,56.8359375,0.146484375000006,0.146484375000006,150,0.146484375000006,0.146484375000006,207.421875,0.912112718670073,99.9805330591251,5,6,1,13,5.82531700375155e-13,1,2,1
P2/D2,347,18,14,30,16,33,17,14,16,17,18,30,33,56.8359375,0.146484375000006,0.146484375000006,150,0.146484375000006,0.146484375000006,207.421875,0.912112718670073,99.9805330591251,5,6,1,13,5.82531700375155e-13,1,2,1
P2/D2,348,18,14,30,16,17,33,14,16,17,18,30,33,56.8359375,0.146484375000006,0.146484375000006,150,0.146484375000006,0.146484375000006,207.421875,0.912112718670073,99.9805330591251,5,6,1,13,5.82531700375155e-13,1,2,1
P2/D2,349,18,14,17,33,30,16,14,16,17,18,30,33,56.8359375,0.146484375000006,0.146484375000006,150,0.146484375000006,0.146484375000006,207.421875,0.912112718670073,99.9805330591251,5,6,1,13,5.82531700375155e-13,1,2,1
P2/D2,350,18,14,17,33,16,30,14,16,17,18,30,33,56.8359375,0.146484375000006,0.146484375000006,150,0.146484375000006,0.146484375000006,207.421875,0.912112718670073,99.9805330591251,5,6,1,13,5.82531700375155e-13,1,2,1
P2/D2,351,18,14,17,30,33,16,14,16,17,18,30,33,56.8359375,0.146484375000006,0.146484375000006,150,0.146484375000006,0.146484375000006,207.421875,0.912112718670073,99.9805330591251,5,6,1,13,5.82531700375155e-13,1,2,1
P2/D2,352,18,14,17,30,16,33,14,16,17,18,30,33,56.8359375,0.146484375000006,0.146484375000006,150,0.146484375000006,0.146484375000006,207.421875,0.912112718670073,99.9805330591251,5,6,1,13,5.82531700375155e-13,1,2,1
P2/D2,353,18,14,17,16,33,30,14,16,17,18,30,33,56.8359375,0.146484375000006,0.146484375000006,150,0.146484375000006,0.146484375000006,207.421875,0.912112718670073,99.9805330591251,5,6,1,13,5.82531700375155e-13,1,2,1
P2/D2,354,18,14,17,16,30,33,14,16,17,18,30,33,56.8359375,0.146484375000006,0.146484375000006,150,0.146484375000006,0.146484375000006,207.421875,0.912112718670073,99.9805330591251,5,6,1,13,5.82531700375155e-13,1,2,1
P2/D2,355,18,14,16,33,30,17,14,16,17,18,30,33,56.8359375,0.146484375000006,0.146484375000006,150,0.146484375000006,0.146484375000006,207.421875,0.912112718670073,99.9805330591251,5,6,1,13,5.82531700375155e-13,1,2,1
P2/D2,356,18,14,16,33,17,30,14,16,17,18,30,33,56.8359375,0.146484375000006,0.146484375000006,150,0.146484375000006,0.146484375000006,207.421875,0.912112718670073,99.9805330591251,5,6,1,13,5.82531700375155e-13,1,2,1
P2/D2,357,18,14,16,30,33,17,14,16,17,18,30,33,56.8359375,0.146484375000006,0.146484375000006,150,0.146484375000006,0.146484375000006,207.421875,0.912112718670073,99.9805330591251,5,6,1,13,5.82531700375155e-13,1,2,1
P2/D2,358,18,14,16,30,17,33,14,16,17,18,30,33,56.8359375,0.146484375000006,0.146484375000006,150,0.146484375000006,0.146484375000006,207.421875,0.912112718670073,99.9805330591251,5,6,1,13,5.82531700375155e-13,1,2,1
P2/D2,359,18,14,16,17,33,30,14,16,17,18,30,33,56.8359375,0.146484375000006,0.146484375000006,150,0.146484375000006,0.146484375000006,207.421875,0.912112718670073,99.9805330591251,5,6,1,13,5.82531700375155e-13,1,2,1
P2/D2,360,18,14,16,17,30,33,14,16,17,18,30,33,56.8359375,0.146484375000006,0.146484375000006,150,0.146484375000006,0.146484375000006,207.421875,0.912112718670073,99.9805330591251,5,6,1,13,5.82531700375155e-13,1,2,1
P2/D2,361,17,33,30,18,16,14,14,16,17,18,30,33,0.146484375000006,0.146484375000006,150,0.146484375000006,0.146484375000006,61.962890625,212.548828125,0.908571929050526,99.9792939786098,5,6,1,13,8.13877317036351e-13,1,2,1
P2/D2,362,17,33,30,18,14,16,14,16,17,18,30,33,0.146484375000006,0.146484375000006,150,0.146484375000006,0.146484375000006,61.962890625,212.548828125,0.908571929050526,99.9792939786098,5,6,1,13,8.13877317036351e-13,1,2,1
P2/D2,363,17,33,30,16,18,14,14,16,17,18,30,33,0.146484375000006,0.146484375000006,150,0.146484375000006,0.146484375000006,61.962890625,212.548828125,0.908571929050526,99.9792939786098,5,6,1,13,8.13877317036351e-13,1,2,1
P2/D2,364,17,33,30,16,14,18,14,16,17,18,30,33,0.146484375000006,0.146484375000006,150,0.146484375000006,0.146484375000006,61.962890625,212.548828125,0.908571929050526,99.9792939786098,5,6,1,13,8.13877317036351e-13,1,2,1
P2/D2,365,17,33,30,14,18,16,14,16,17,18,30,33,0.146484375000006,0.146484375000006,150,0.146484375000006,0.146484375000006,61.962890625,212.548828125,0.908571929050526,99.9792939786098,5,6,1,13,8.13877317036351e-13,1,2,1
P2/D2,366,17,33,30,14,16,18,14,16,17,18,30,33,0.146484375000006,0.146484375000006,150,0.146484375000006,0.146484375000006,61.962890625,212.548828125,0.908571929050526,99.9792939786098,5,6,1,13,8.13877317036351e-13,1,2,1
P2/D2,367,17,33,18,30,16,14,14,16,17,18,30,33,0.146484375000006,0.146484375000006,150,0.146484375000006,0.146484375000006,61.962890625,212.548828125,0.908571929050526,99.9792939786098,5,6,1,13,8.13877317036351e-13,1,2,1
P2/D2,368,17,33,18,30,14,16,14,16,17,18,30,33,0.146484375000006,0.146484375000006,150,0.146484375000006,0.146484375000006,61.962890625,212.548828125,0.908571929050526,99.9792939786098,5,6,1,13,8.13877317036351e-13,1,2,1
P2/D2,369,17,33,18,16,30,14,14,16,17,18,30,33,0.146484375000006,0.146484375000006,150,0.146484375000006,0.146484375000006,61.962890625,212.548828125,0.908571929050526,99.9792939786098,5,6,1,13,8.13877317036351e-13,1,2,1
P2/D2,370,17,33,18,16,14,30,14,16,17,18,30,33,0.146484375000006,0.146484375000006,150,0.146484375000006,0.146484375000006,61.962890625,212.548828125,0.908571929050526,99.9792939786098,5,6,1,13,8.13877317036351e-13,1,2,1
P2/D2,371,17,33,18,14,30,16,14,16,17,18,30,33,0.146484375000006,0.146484375000006,150,0.146484375000006,0.146484375000006,61.962890625,212.548828125,0.908571929050526,99.9792939786098,5,6,1,13,8.13877317036351e-13,1,2,1
P2/D2,372,17,33,18,14,16,30,14,16,17,18,30,33,0.146484375000006,0.146484375000006,150,0.146484375000006,0.146484375000006,61.962890625,212.548828125,0.908571929050526,99.9792939786098,5,6,1,13,8.13877317036351e-13,1,2,1
P2/D2,373,17,33,16,30,18,14,14,16,17,18,30,33,0.146484375000006,0.146484375000006,150,0.146484375000006,0.146484375000006,61.962890625,212.548828125,0.908571929050526,99.9792939786098,5,6,1,13,8.13877317036351e-13,1,2,1
P2/D2,374,17,33,16,30,14,18,14,16,17,18,30,33,0.146484375000006,0.146484375000006,150,0.146484375000006,0.146484375000006,61.962890625,212.548828125,0.908571929050526,99.9792939786098,5,6,1,13,8.13877317036351e-13,1,2,1
P2/D2,375,17,33,16,18,30,14,14,16,17,18,30,33,0.146484375000006,0.146484375000006,150,0.146484375000006,0.146484375000006,61.962890625,212.548828125,0.908571929050526,99.9792939786098,5,6,1,13,8.13877317036351e-13,1,2,1
P2/D2,376,17,33,16,18,14,30,14,16,17,18,30,33,0.146484375000006,0.146484375000006,150,0.146484375000006,0.146484375000006,61.962890625,212.548828125,0.908571929050526,99.9792939786098,5,6,1,13,8.13877317036351e-13,1,2,1
P2/D2,377,17,33,16,14,30,18,14,16,17,18,30,33,0.146484375000006,0.146484375000006,150,0.146484375000006,0.146484375000006,61.962890625,212.548828125,0.908571929050526,99.9792939786098,5,6,1,13,8.13877317036351e-13,1,2,1
P2/D2,378,17,33,16,14,18,30,14,16,17,18,30,33,0.146484375000006,0.146484375000006,150,0.146484375000006,0.146484375000006,61.962890625,212.548828125,0.908571929050526,99.9792939786098,5,6,1,13,8.13877317036351e-13,1,2,1
P2/D2,379,17,33,14,30,18,16,14,16,17,18,30,33,0.146484375000006,0.146484375000006,150,0.146484375000006,0.146484375000006,61.962890625,212.548828125,0.908571929050526,99.9792939786098,5,6,1,13,8.13877317036351e-13,1,2,1
P2/D2,380,17,33,14,30,16,18,14,16,17,18,30,33,0.146484375000006,0.146484375000006,150,0.146484375000006,0.146484375000006,61.962890625,212.548828125,0.908571929050526,99.9792939786098,5,6,1,13,8.13877317036351e-13,1,2,1
P2/D2,381,17,33,14,18,30,16,14,16,17,18,30,33,0.146484375000006,0.146484375000006,150,0.146484375000006,0.146484375000006,61.962890625,212.548828125,0.908571929050526,99.9792939786098,5,6,1,13,8.13877317036351e-13,1,2,1
P2/D2,382,17,33,14,18,16,30,14,16,17,18,30,33,0.146484375000006,0.146484375000006,150,0.146484375000006,0.146484375000006,61.962890625,212.548828125,0.908571929050526,99.9792939786098,5,6,1,13,8.13877317036351e-13,1,2,1
P2/D2,383,17,33,14,16,30,18,14,16,17,18,30,33,0.146484375000006,0.146484375000006,150,0.146484375000006,0.146484375000006,61.962890625,212.548828125,0.908571929050526,99.9792939786098,5,6,1,13,8.13877317036351e-13,1,2,1
P2/D2,384,17,33,14,16,18,30,14,16,17,18,30,33,0.146484375000006,0.146484375000006,150,0.146484375000006,0.146484375000006,61.962890625,212.548828125,0.908571929050526,99.9792939786098,5,6,1,13,8.13877317036351e-13,1,2,1
P2/D2,385,17,30,33,18,16,14,14,16,17,18,30,33,0.146484375000006,0.146484375000006,150,0.146484375000006,62.98828125,0.146484375000006,213.57421875,0.908571685283457,99.9799292604609,5,6,1,13,8.25844703078794e-13,1,2,1
P2/D2,386,17,30,33,18,14,16,14,16,17,18,30,33,0.146484375000006,0.146484375000006,150,0.146484375000006,62.98828125,0.146484375000006,213.57421875,0.908571685283457,99.9799292604609,5,6,1,13,8.25844703078794e-13,1,2,1
P2/D2,387,17,30,33,16,18,14,14,16,17,18,30,33,0.146484375000006,0.146484375000006,150,0.146484375000006,62.98828125,0.146484375000006,213.57421875,0.908571685283457,99.9799292604609,5,6,1,13,8.25844703078794e-13,1,2,1
P2/D2,388,17,30,33,16,14,18,14,16,17,18,30,33,0.146484375000006,0.146484375000006,150,0.146484375000006,62.98828125,0.146484375000006,213.57421875,0.908571685283457,99.9799292604609,5,6,1,13,8.25844703078794e-13,1,2,1
P2/D2,389,17,30,33,14,18,16,14,16,17,18,30,33,0.146484375000006,0.146484375000006,150,0.146484375000006,62.98828125,0.146484375000006,213.57421875,0.908571685283457,99.9799292604609,5,6,1,13,8.25844703078794e-13,1,2,1
P2/D2,390,17,30,33,14,16,18,14,16,17,18,30,33,0.146484375000006,0.146484375000006,150,0.146484375000006,62.98828125,0.146484375000006,213.57421875,0.908571685283457,99.9799292604609,5,6,1,13,8.25844703078794e-13,1,2,1
P2/D2,391,17,30,18,33,16,14,14,16,17,18,30,33,0.146484375000006,0.146484375000006,150,0.146484375000006,62.98828125,0.146484375000006,213.57421875,0.908571685283457,99.9799292604609,5,6,1,13,8.25844703078794e-13,1,2,1
P2/D2,392,17,30,18,33,14,16,14,16,17,18,30,33,0.146484375000006,0.146484375000006,150,0.146484375000006,62.98828125,0.146484375000006,213.57421875,0.908571685283457,99.9799292604609,5,6,1,13,8.25844703078794e-13,1,2,1
P2/D2,393,17,30,18,16,33,14,14,16,17,18,30,33,0.146484375000006,0.146484375000006,150,0.146484375000006,62.98828125,0.146484375000006,213.57421875,0.908571685283457,99.9799292604609,5,6,1,13,8.25844703078794e-13,1,2,1
P2/D2,394,17,30,18,16,14,33,14,16,17,18,30,33,0.146484375000006,0.146484375000006,150,0.146484375000006,62.98828125,0.146484375000006,213.57421875,0.908571685283457,99.9799292604609,5,6,1,13,8.25844703078794e-13,1,2,1
P2/D2,395,17,30,18,14,33,16,14,16,17,18,30,33,0.146484375000006,0.146484375000006,150,0.146484375000006,62.98828125,0.146484375000006,213.57421875,0.908571685283457,99.9799292604609,5,6,1,13,8.25844703078794e-13,1,2,1
P2/D2,396,17,30,18,14,16,33,14,16,17,18,30,33,0.146484375000006,0.146484375000006,150,0.146484375000006,62.98828125,0.146484375000006,213.57421875,0.908571685283457,99.9799292604609,5,6,1,13,8.25844703078794e-13,1,2,1
P2/D2,397,17,30,16,33,18,14,14,16,17,18,30,33,0.146484375000006,0.146484375000006,150,0.146484375000006,62.98828125,0.146484375000006,213.57421875,0.908571685283457,99.9799292604609,5,6,1,13,8.25844703078794e-13,1,2,1
P2/D2,398,17,30,16,33,14,18,14,16,17,18,30,33,0.146484375000006,0.146484375000006,150,0.146484375000006,62.98828125,0.146484375000006,213.57421875,0.908571685283457,99.9799292604609,5,6,1,13,8.25844703078794e-13,1,2,1
P2/D2,399,17,30,16,18,33,14,14,16,17,18,30,33,0.146484375000006,0.146484375000006,150,0.146484375000006,62.98828125,0.146484375000006,213.57421875,0.908571685283457,99.9799292604609,5,6,1,13,8.25844703078794e-13,1,2,1
P2/D2,400,17,30,16,18,14,33,14,16,17,18,30,33,0.146484375000006,0.146484375000006,150,0.146484375000006,62.98828125,0.146484375000006,213.57421875,0.908571685283457,99.9799292604609,5,6,1,13,8.25844703078794e-13,1,2,1
P2/D2,401,17,30,16,14,33,18,14,16,17,18,30,33,0.146484375000006,0.146484375000006,150,0.146484375000006,62.98828125,0.146484375000006,213.57421875,0.908571685283457,99.9799292604609,5,6,1,13,8.25844703078794e-13,1,2,1
P2/D2,402,17,30,16,14,18,33,14,16,17,18,30,33,0.146484375000006,0.146484375000006,150,0.146484375000006,62.98828125,0.146484375000006,213.57421875,0.908571685283457,99.9799292604609,5,6,1,13,8.25844703078794e-13,1,2,1
P2/D2,403,17,30,14,33,18,16,14,16,17,18,30,33,0.146484375000006,0.146484375000006,150,0.146484375000006,62.98828125,0.146484375000006,213.57421875,0.908571685283457,99.9799292604609,5,6,1,13,8.25844703078794e-13,1,2,1
P2/D2,404,17,30,14,33,16,18,14,16,17,18,30,33,0.146484375000006,0.146484375000006,150,0.146484375000006,62.98828125,0.146484375000006,213.57421875,0.908571685283457,99.9799292604609,5,6,1,13,8.25844703078794e-13,1,2,1
P2/D2,405,17,30,14,18,33,16,14,16,17,18,30,33,0.146484375000006,0.146484375000006,150,0.146484375000006,62.98828125,0.146484375000006,213.57421875,0.908571685283457,99.9799292604609,5,6,1,13,8.25844703078794e-13,1,2,1
P2/D2,406,17,30,14,18,16,33,14,16,17,18,30,33,0.146484375000006,0.146484375000006,150,0.146484375000006,62.98828125,0.146484375000006,213.57421875,0.908571685283457,99.9799292604609,5,6,1,13,8.25844703078794e-13,1,2,1
P2/D2,407,17,30,14,16,33,18,14,16,17,18,30,33,0.146484375000006,0.146484375000006,150,0.146484375000006,62.98828125,0.146484375000006,213.57421875,0.908571685283457,99.9799292604609,5,6,1,13,8.25844703078794e-13,1,2,1
P2/D2,408,17,30,14,16,18,33,14,16,17,18,30,33,0.146484375000006,0.146484375000006,150,0.146484375000006,62.98828125,0.146484375000006,213.57421875,0.908571685283457,99.9799292604609,5,6,1,13,8.25844703078794e-13,1,2,1
P2/D2,409,17,18,33,30,16,14,14,16,17,18,30,33,0.146484375000006,0.146484375000006,150,55.6640625,0.146484375000006,0.146484375000006,206.25,0.912652115076328,99.9801572382758,5,6,1,13,5.37196943741625e-13,1,2,1
P2/D2,410,17,18,33,30,14,16,14,16,17,18,30,33,0.146484375000006,0.146484375000006,150,55.6640625,0.146484375000006,0.146484375000006,206.25,0.912652115076328,99.9801572382758,5,6,1,13,5.37196943741625e-13,1,2,1
P2/D2,411,17,18,33,16,30,14,14,16,17,18,30,33,0.146484375000006,0.146484375000006,150,55.6640625,0.146484375000006,0.146484375000006,206.25,0.912652115076328,99.9801572382758,5,6,1,13,5.37196943741625e-13,1,2,1
P2/D2,412,17,18,33,16,14,30,14,16,17,18,30,33,0.146484375000006,0.146484375000006,150,55.6640625,0.146484375000006,0.146484375000006,206.25,0.912652115076328,99.9801572382758,5,6,1,13,5.37196943741625e-13,1,2,1
P2/D2,413,17,18,33,14,30,16,14,16,17,18,30,33,0.146484375000006,0.146484375000006,150,55.6640625,0.146484375000006,0.146484375000006,206.25,0.912652115076328,99.9801572382758,5,6,1,13,5.37196943741625e-13,1,2,1
P2/D2,414,17,18,33,14,16,30,14,16,17,18,30,33,0.146484375000006,0.146484375000006,150,55.6640625,0.146484375000006,0.146484375000006,206.25,0.912652115076328,99.9801572382758,5,6,1,13,5.37196943741625e-13,1,2,1
P2/D2,415,17,18,30,33,16,14,14,16,17,18,30,33,0.146484375000006,0.146484375000006,150,55.6640625,0.146484375000006,0.146484375000006,206.25,0.912652115076328,99.9801572382758,5,6,1,13,5.37196943741625e-13,1,2,1
P2/D2,416,17,18,30,33,14,16,14,16,17,18,30,33,0.146484375000006,0.146484375000006,150,55.6640625,0.146484375000006,0.146484375000006,206.25,0.912652115076328,99.9801572382758,5,6,1,13,5.37196943741625e-13,1,2,1
P2/D2,417,17,18,30,16,33,14,14,16,17,18,30,33,0.146484375000006,0.146484375000006,150,55.6640625,0.146484375000006,0.146484375000006,206.25,0.912652115076328,99.9801572382758,5,6,1,13,5.37196943741625e-13,1,2,1
P2/D2,418,17,18,30,16,14,33,14,16,17,18,30,33,0.146484375000006,0.146484375000006,150,55.6640625,0.146484375000006,0.146484375000006,206.25,0.912652115076328,99.9801572382758,5,6,1,13,5.37196943741625e-13,1,2,1
P2/D2,419,17,18,30,14,33,16,14,16,17,18,30,33,0.146484375000006,0.146484375000006,150,55.6640625,0.146484375000006,0.146484375000006,206.25,0.912652115076328,99.9801572382758,5,6,1,13,5.37196943741625e-13,1,2,1
P2/D2,420,17,18,30,14,16,33,14,16,17,18,30,33,0.146484375000006,0.146484375000006,150,55.6640625,0.146484375000006,0.146484375000006,206.25,0.912652115076328,99.9801572382758,5,6,1,13,5.37196943741625e-13,1,2,1
P2/D2,421,17,18,16,33,30,14,14,16,17,18,30,33,0.146484375000006,0.146484375000006,150,55.6640625,0.146484375000006,0.146484375000006,206.25,0.912652115076328,99.9801572382758,5,6,1,13,5.37196943741625e-13,1,2,1
P2/D2,422,17,18,16,33,14,30,14,16,17,18,30,33,0.146484375000006,0.146484375000006,150,55.6640625,0.146484375000006,0.146484375000006,206.25,0.912652115076328,99.9801572382758,5,6,1,13,5.37196943741625e-13,1,2,1
P2/D2,423,17,18,16,30,33,14,14,16,17,18,30,33,0.146484375000006,0.146484375000006,150,55.6640625,0.146484375000006,0.146484375000006,206.25,0.912652115076328,99.9801572382758,5,6,1,13,5.37196943741625e-13,1,2,1
P2/D2,424,17,18,16,30,14,33,14,16,17,18,30,33,0.146484375000006,0.146484375000006,150,55.6640625,0.146484375000006,0.146484375000006,206.25,0.912652115076328,99.9801572382758,5,6,1,13,5.37196943741625e-13,1,2,1
P2/D2,425,17,18,16,14,33,30,14,16,17,18,30,33,0.146484375000006,0.146484375000006,150,55.6640625,0.146484375000006,0.146484375000006,206.25,0.912652115076328,99.9801572382758,5,6,1,13,5.37196943741625e-13,1,2,1
P2/D2,426,17,18,16,14,30,33,14,16,17,18,30,33,0.146484375000006,0.146484375000006,150,55.6640625,0.146484375000006,0.146484375000006,206.25,0.912652115076328,99.9801572382758,5,6,1,13,5.37196943741625e-13,1,2,1
P2/D2,427,17,18,14,33,30,16,14,16,17,18,30,33,0.146484375000006,0.146484375000006,150,55.6640625,0.146484375000006,0.146484375000006,206.25,0.912652115076328,99.9801572382758,5,6,1,13,5.37196943741625e-13,1,2,1
P2/D2,428,17,18,14,33,16,30,14,16,17,18,30,33,0.146484375000006,0.146484375000006,150,55.6640625,0.146484375000006,0.146484375000006,206.25,0.912652115076328,99.9801572382758,5,6,1,13,5.37196943741625e-13,1,2,1
P2/D2,429,17,18,14,30,33,16,14,16,17,18,30,33,0.146484375000006,0.146484375000006,150,55.6640625,0.146484375000006,0.146484375000006,206.25,0.912652115076328,99.9801572382758,5,6,1,13,5.37196943741625e-13,1,2,1
P2/D2,430,17,18,14,30,16,33,14,16,17,18,30,33,0.146484375000006,0.146484375000006,150,55.6640625,0.146484375000006,0.146484375000006,206.25,0.912652115076328,99.9801572382758,5,6,1,13,5.37196943741625e-13,1,2,1
P2/D2,431,17,18,14,16,33,30,14,16,17,18,30,33,0.146484375000006,0.146484375000006,150,55.6640625,0.146484375000006,0.146484375000006,206.25,0.912652115076328,99.9801572382758,5,6,1,13,5.37196943741625e-13,1,2,1
P2/D2,432,17,18,14,16,30,33,14,16,17,18,30,33,0.146484375000006,0.146484375000006,150,55.6640625,0.146484375000006,0.146484375000006,206.25,0.912652115076328,99.9801572382758,5,6,1,13,5.37196943741625e-13,1,2,1
P2/D2,433,17,16,33,30,18,14,14,16,17,18,30,33,0.146484375000006,56.396484375,150,0.146484375000006,0.146484375000006,0.146484375000006,206.982421875,0.911873481515361,99.9802505974018,5,6,1,13,5.7078319221068e-13,1,2,1
P2/D2,434,17,16,33,30,14,18,14,16,17,18,30,33,0.146484375000006,56.396484375,150,0.146484375000006,0.146484375000006,0.146484375000006,206.982421875,0.911873481515361,99.9802505974018,5,6,1,13,5.7078319221068e-13,1,2,1
P2/D2,435,17,16,33,18,30,14,14,16,17,18,30,33,0.146484375000006,56.396484375,150,0.146484375000006,0.146484375000006,0.146484375000006,206.982421875,0.911873481515361,99.9802505974018,5,6,1,13,5.7078319221068e-13,1,2,1
P2/D2,436,17,16,33,18,14,30,14,16,17,18,30,33,0.146484375000006,56.396484375,150,0.146484375000006,0.146484375000006,0.146484375000006,206.982421875,0.911873481515361,99.9802505974018,5,6,1,13,5.7078319221068e-13,1,2,1
P2/D2,437,17,16,33,14,30,18,14,16,17,18,30,33,0.146484375000006,56.396484375,150,0.146484375000006,0.146484375000006,0.146484375000006,206.982421875,0.911873481515361,99.9802505974018,5,6,1,13,5.7078319221068e-13,1,2,1
P2/D2,438,17,16,33,14,18,30,14,16,17,18,30,33,0.146484375000006,56.396484375,150,0.146484375000006,0.146484375000006,0.146484375000006,206.982421875,0.911873481515361,99.9802505974018,5,6,1,13,5.7078319221068e-13,1,2,1
P2/D2,439,17,16,30,33,18,14,14,16,17,18,30,33,0.146484375000006,56.396484375,150,0.146484375000006,0.146484375000006,0.146484375000006,206.982421875,0.911873481515361,99.9802505974018,5,6,1,13,5.7078319221068e-13,1,2,1
P2/D2,440,17,16,30,33,14,18,14,16,17,18,30,33,0.146484375000006,56.396484375,150,0.146484375000006,0.146484375000006,0.146484375000006,206.982421875,0.911873481515361,99.9802505974018,5,6,1,13,5.7078319221068e-13,1,2,1
P2/D2,441,17,16,30,18,33,14,14,16,17,18,30,33,0.146484375000006,56.396484375,150,0.146484375000006,0.146484375000006,0.146484375000006,206.982421875,0.911873481515361,99.9802505974018,5,6,1,13,5.7078319221068e-13,1,2,1
P2/D2,442,17,16,30,18,14,33,14,16,17,18,30,33,0.146484375000006,56.396484375,150,0.146484375000006,0.146484375000006,0.146484375000006,206.982421875,0.911873481515361,99.9802505974018,5,6,1,13,5.7078319221068e-13,1,2,1
P2/D2,443,17,16,30,14,33,18,14,16,17,18,30,33,0.146484375000006,56.396484375,150,0.146484375000006,0.146484375000006,0.146484375000006,206.982421875,0.911873481515361,99.9802505974018,5,6,1,13,5.7078319221068e-13,1,2,1
P2/D2,444,17,16,30,14,18,33,14,16,17,18,30,33,0.146484375000006,56.396484375,150,0.146484375000006,0.146484375000006,0.146484375000006,206.982421875,0.911873481515361,99.9802505974018,5,6,1,13,5.7078319221068e-13,1,2,1
P2/D2,445,17,16,18,33,30,14,14,16,17,18,30,33,0.146484375000006,56.396484375,150,0.146484375000006,0.146484375000006,0.146484375000006,206.982421875,0.911873481515361,99.9802505974018,5,6,1,13,5.7078319221068e-13,1,2,1
P2/D2,446,17,16,18,33,14,30,14,16,17,18,30,33,0.146484375000006,56.396484375,150,0.146484375000006,0.146484375000006,0.146484375000006,206.982421875,0.911873481515361,99.9802505974018,5,6,1,13,5.7078319221068e-13,1,2,1
P2/D2,447,17,16,18,30,33,14,14,16,17,18,30,33,0.146484375000006,56.396484375,150,0.146484375000006,0.146484375000006,0.146484375000006,206.982421875,0.911873481515361,99.9802505974018,5,6,1,13,5.7078319221068e-13,1,2,1
P2/D2,448,17,16,18,30,14,33,14,16,17,18,30,33,0.146484375000006,56.396484375,150,0.146484375000006,0.146484375000006,0.146484375000006,206.982421875,0.911873481515361,99.9802505974018,5,6,1,13,5.7078319221068e-13,1,2,1
P2/D2,449,17,16,18,14,33,30,14,16,17,18,30,33,0.146484375000006,56.396484375,150,0.146484375000006,0.146484375000006,0.146484375000006,206.982421875,0.911873481515361,99.9802505974018,5,6,1,13,5.7078319221068e-13,1,2,1
P2/D2,450,17,16,18,14,30,33,14,16,17,18,30,33,0.146484375000006,56.396484375,150,0.146484375000006,0.146484375000006,0.146484375000006,206.982421875,0.911873481515361,99.9802505974018,5,6,1,13,5.7078319221068e-13,1,2,1
P2/D2,451,17,16,14,33,30,18,14,16,17,18,30,33,0.146484375000006,56.396484375,150,0.146484375000006,0.146484375000006,0.146484375000006,206.982421875,0.911873481515361,99.9802505974018,5,6,1,13,5.7078319221068e-13,1,2,1
P2/D2,452,17,16,14,33,18,30,14,16,17,18,30,33,0.146484375000006,56.396484375,150,0.146484375000006,0.146484375000006,0.146484375000006,206.982421875,0.911873481515361,99.9802505974018,5,6,1,13,5.7078319221068e-13,1,2,1
P2/D2,453,17,16,14,30,33,18,14,16,17,18,30,33,0.146484375000006,56.396484375,150,0.146484375000006,0.146484375000006,0.146484375000006,206.982421875,0.911873481515361,99.9802505974018,5,6,1,13,5.7078319221068e-13,1,2,1
P2/D2,454,17,16,14,30,18,33,14,16,17,18,30,33,0.146484375000006,56.396484375,150,0.146484375000006,0.146484375000006,0.146484375000006,206.982421875,0.911873481515361,99.9802505974018,5,6,1,13,5.7078319221068e-13,1,2,1
P2/D2,455,17,16,14,18,33,30,14,16,17,18,30,33,0.146484375000006,56.396484375,150,0.146484375000006,0.146484375000006,0.146484375000006,206.982421875,0.911873481515361,99.9802505974018,5,6,1,13,5.7078319221068e-13,1,2,1
P2/D2,456,17,16,14,18,30,33,14,16,17,18,30,33,0.146484375000006,56.396484375,150,0.146484375000006,0.146484375000006,0.146484375000006,206.982421875,0.911873481515361,99.9802505974018,5,6,1,13,5.7078319221068e-13,1,2,1
P2/D2,457,17,14,33,30,18,16,14,16,17,18,30,33,57.275390625,0.146484375000006,150,0.146484375000006,0.146484375000006,0.146484375000006,207.861328125,0.911351668657066,99.9798927294804,5,6,1,13,6.04524480310866e-13,1,2,1
P2/D2,458,17,14,33,30,16,18,14,16,17,18,30,33,57.275390625,0.146484375000006,150,0.146484375000006,0.146484375000006,0.146484375000006,207.861328125,0.911351668657066,99.9798927294804,5,6,1,13,6.04524480310866e-13,1,2,1
P2/D2,459,17,14,33,18,30,16,14,16,17,18,30,33,57.275390625,0.146484375000006,150,0.146484375000006,0.146484375000006,0.146484375000006,207.861328125,0.911351668657066,99.9798927294804,5,6,1,13,6.04524480310866e-13,1,2,1
P2/D2,460,17,14,33,18,16,30,14,16,17,18,30,33,57.275390625,0.146484375000006,150,0.146484375000006,0.146484375000006,0.146484375000006,207.861328125,0.911351668657066,99.9798927294804,5,6,1,13,6.04524480310866e-13,1,2,1
P2/D2,461,17,14,33,16,30,18,14,16,17,18,30,33,57.275390625,0.146484375000006,150,0.146484375000006,0.146484375000006,0.146484375000006,207.861328125,0.911351668657066,99.9798927294804,5,6,1,13,6.04524480310866e-13,1,2,1
P2/D2,462,17,14,33,16,18,30,14,16,17,18,30,33,57.275390625,0.146484375000006,150,0.146484375000006,0.146484375000006,0.146484375000006,207.861328125,0.911351668657066,99.9798927294804,5,6,1,13,6.04524480310866e-13,1,2,1
P2/D2,463,17,14,30,33,18,16,14,16,17,18,30,33,57.275390625,0.146484375000006,150,0.146484375000006,0.146484375000006,0.146484375000006,207.861328125,0.911351668657066,99.9798927294804,5,6,1,13,6.04524480310866e-13,1,2,1
P2/D2,464,17,14,30,33,16,18,14,16,17,18,30,33,57.275390625,0.146484375000006,150,0.146484375000006,0.146484375000006,0.146484375000006,207.861328125,0.911351668657066,99.9798927294804,5,6,1,13,6.04524480310866e-13,1,2,1
P2/D2,465,17,14,30,18,33,16,14,16,17,18,30,33,57.275390625,0.146484375000006,150,0.146484375000006,0.146484375000006,0.146484375000006,207.861328125,0.911351668657066,99.9798927294804,5,6,1,13,6.04524480310866e-13,1,2,1
P2/D2,466,17,14,30,18,16,33,14,16,17,18,30,33,57.275390625,0.146484375000006,150,0.146484375000006,0.146484375000006,0.146484375000006,207.861328125,0.911351668657066,99.9798927294804,5,6,1,13,6.04524480310866e-13,1,2,1
P2/D2,467,17,14,30,16,33,18,14,16,17,18,30,33,57.275390625,0.146484375000006,150,0.146484375000006,0.146484375000006,0.146484375000006,207.861328125,0.911351668657066,99.9798927294804,5,6,1,13,6.04524480310866e-13,1,2,1
P2/D2,468,17,14,30,16,18,33,14,16,17,18,30,33,57.275390625,0.146484375000006,150,0.146484375000006,0.146484375000006,0.146484375000006,207.861328125,0.911351668657066,99.9798927294804,5,6,1,13,6.04524480310866e-13,1,2,1
P2/D2,469,17,14,18,33,30,16,14,16,17,18,30,33,57.275390625,0.146484375000006,150,0.146484375000006,0.146484375000006,0.146484375000006,207.861328125,0.911351668657066,99.9798927294804,5,6,1,13,6.04524480310866e-13,1,2,1
P2/D2,470,17,14,18,33,16,30,14,16,17,18,30,33,57.275390625,0.146484375000006,150,0.146484375000006,0.146484375000006,0.146484375000006,207.861328125,0.911351668657066,99.9798927294804,5,6,1,13,6.04524480310866e-13,1,2,1
P2/D2,471,17,14,18,30,33,16,14,16,17,18,30,33,57.275390625,0.146484375000006,150,0.146484375000006,0.146484375000006,0.146484375000006,207.861328125,0.911351668657066,99.9798927294804,5,6,1,13,6.04524480310866e-13,1,2,1
P2/D2,472,17,14,18,30,16,33,14,16,17,18,30,33,57.275390625,0.146484375000006,150,0.146484375000006,0.146484375000006,0.146484375000006,207.861328125,0.911351668657066,99.9798927294804,5,6,1,13,6.04524480310866e-13,1,2,1
P2/D2,473,17,14,18,16,33,30,14,16,17,18,30,33,57.275390625,0.146484375000006,150,0.146484375000006,0.146484375000006,0.146484375000006,207.861328125,0.911351668657066,99.9798927294804,5,6,1,13,6.04524480310866e-13,1,2,1
P2/D2,474,17,14,18,16,30,33,14,16,17,18,30,33,57.275390625,0.146484375000006,150,0.146484375000006,0.146484375000006,0.146484375000006,207.861328125,0.911351668657066,99.9798927294804,5,6,1,13,6.04524480310866e-13,1,2,1
P2/D2,475,17,14,16,33,30,18,14,16,17,18,30,33,57.275390625,0.146484375000006,150,0.146484375000006,0.146484375000006,0.146484375000006,207.861328125,0.911351668657066,99.9798927294804,5,6,1,13,6.04524480310866e-13,1,2,1
P2/D2,476,17,14,16,33,18,30,14,16,17,18,30,33,57.275390625,0.146484375000006,150,0.146484375000006,0.146484375000006,0.146484375000006,207.861328125,0.911351668657066,99.9798927294804,5,6,1,13,6.04524480310866e-13,1,2,1
P2/D2,477,17,14,16,30,33,18,14,16,17,18,30,33,57.275390625,0.146484375000006,150,0.146484375000006,0.146484375000006,0.146484375000006,207.861328125,0.911351668657066,99.9798927294804,5,6,1,13,6.04524480310866e-13,1,2,1
P2/D2,478,17,14,16,30,18,33,14,16,17,18,30,33,57.275390625,0.146484375000006,150,0.146484375000006,0.146484375000006,0.146484375000006,207.861328125,0.911351668657066,99.9798927294804,5,6,1,13,6.04524480310866e-13,1,2,1
P2/D2,479,17,14,16,18,33,30,14,16,17,18,30,33,57.275390625,0.146484375000006,150,0.146484375000006,0.146484375000006,0.146484375000006,207.861328125,0.911351668657066,99.9798927294804,5,6,1,13,6.04524480310866e-13,1,2,1
P2/D2,480,17,14,16,18,30,33,14,16,17,18,30,33,57.275390625,0.146484375000006,150,0.146484375000006,0.146484375000006,0.146484375000006,207.861328125,0.911351668657066,99.9798927294804,5,6,1,13,6.04524480310866e-13,1,2,1
P2/D2,481,16,33,30,18,17,14,14,16,17,18,30,33,0.146484375000006,150,0.146484375000006,0.146484375000006,0.146484375000006,64.16015625,214.74609375,0.90709702309505,99.9804967348604,5,6,1,13,9.62520856740956e-13,1,2,1
P2/D2,482,16,33,30,18,14,17,14,16,17,18,30,33,0.146484375000006,150,0.146484375000006,0.146484375000006,0.146484375000006,64.16015625,214.74609375,0.90709702309505,99.9804967348604,5,6,1,13,9.62520856740956e-13,1,2,1
P2/D2,483,16,33,30,17,18,14,14,16,17,18,30,33,0.146484375000006,150,0.146484375000006,0.146484375000006,0.146484375000006,64.16015625,214.74609375,0.90709702309505,99.9804967348604,5,6,1,13,9.62520856740956e-13,1,2,1
P2/D2,484,16,33,30,17,14,18,14,16,17,18,30,33,0.146484375000006,150,0.146484375000006,0.146484375000006,0.146484375000006,64.16015625,214.74609375,0.90709702309505,99.9804967348604,5,6,1,13,9.62520856740956e-13,1,2,1
P2/D2,485,16,33,30,14,18,17,14,16,17,18,30,33,0.146484375000006,150,0.146484375000006,0.146484375000006,0.146484375000006,64.16015625,214.74609375,0.90709702309505,99.9804967348604,5,6,1,13,9.62520856740956e-13,1,2,1
P2/D2,486,16,33,30,14,17,18,14,16,17,18,30,33,0.146484375000006,150,0.146484375000006,0.146484375000006,0.146484375000006,64.16015625,214.74609375,0.90709702309505,99.9804967348604,5,6,1,13,9.62520856740956e-13,1,2,1
P2/D2,487,16,33,18,30,17,14,14,16,17,18,30,33,0.146484375000006,150,0.146484375000006,0.146484375000006,0.146484375000006,64.16015625,214.74609375,0.90709702309505,99.9804967348604,5,6,1,13,9.62520856740956e-13,1,2,1
P2/D2,488,16,33,18,30,14,17,14,16,17,18,30,33,0.146484375000006,150,0.146484375000006,0.146484375000006,0.146484375000006,64.16015625,214.74609375,0.90709702309505,99.9804967348604,5,6,1,13,9.62520856740956e-13,1,2,1
P2/D2,489,16,33,18,17,30,14,14,16,17,18,30,33,0.146484375000006,150,0.146484375000006,0.146484375000006,0.146484375000006,64.16015625,214.74609375,0.90709702309505,99.9804967348604,5,6,1,13,9.62520856740956e-13,1,2,1
P2/D2,490,16,33,18,17,14,30,14,16,17,18,30,33,0.146484375000006,150,0.146484375000006,0.146484375000006,0.146484375000006,64.16015625,214.74609375,0.90709702309505,99.9804967348604,5,6,1,13,9.62520856740956e-13,1,2,1
P2/D2,491,16,33,18,14,30,17,14,16,17,18,30,33,0.146484375000006,150,0.146484375000006,0.146484375000006,0.146484375000006,64.16015625,214.74609375,0.90709702309505,99.9804967348604,5,6,1,13,9.62520856740956e-13,1,2,1
P2/D2,492,16,33,18,14,17,30,14,16,17,18,30,33,0.146484375000006,150,0.146484375000006,0.146484375000006,0.146484375000006,64.16015625,214.74609375,0.90709702309505,99.9804967348604,5,6,1,13,9.62520856740956e-13,1,2,1
P2/D2,493,16,33,17,30,18,14,14,16,17,18,30,33,0.146484375000006,150,0.146484375000006,0.146484375000006,0.146484375000006,64.16015625,214.74609375,0.90709702309505,99.9804967348604,5,6,1,13,9.62520856740956e-13,1,2,1
P2/D2,494,16,33,17,30,14,18,14,16,17,18,30,33,0.146484375000006,150,0.146484375000006,0.146484375000006,0.146484375000006,64.16015625,214.74609375,0.90709702309505,99.9804967348604,5,6,1,13,9.62520856740956e-13,1,2,1
P2/D2,495,16,33,17,18,30,14,14,16,17,18,30,33,0.146484375000006,150,0.146484375000006,0.146484375000006,0.146484375000006,64.16015625,214.74609375,0.90709702309505,99.9804967348604,5,6,1,13,9.62520856740956e-13,1,2,1
P2/D2,496,16,33,17,18,14,30,14,16,17,18,30,33,0.146484375000006,150,0.146484375000006,0.146484375000006,0.146484375000006,64.16015625,214.74609375,0.90709702309505,99.9804967348604,5,6,1,13,9.62520856740956e-13,1,2,1
P2/D2,497,16,33,17,14,30,18,14,16,17,18,30,33,0.146484375000006,150,0.146484375000006,0.146484375000006,0.146484375000006,64.16015625,214.74609375,0.90709702309505,99.9804967348604,5,6,1,13,9.62520856740956e-13,1,2,1
P2/D2,498,16,33,17,14,18,30,14,16,17,18,30,33,0.146484375000006,150,0.146484375000006,0.146484375000006,0.146484375000006,64.16015625,214.74609375,0.90709702309505,99.9804967348604,5,6,1,13,9.62520856740956e-13,1,2,1
P2/D2,499,16,33,14,30,18,17,14,16,17,18,30,33,0.146484375000006,150,0.146484375000006,0.146484375000006,0.146484375000006,64.16015625,214.74609375,0.90709702309505,99.9804967348604,5,6,1,13,9.62520856740956e-13,1,2,1
P2/D2,500,16,33,14,30,17,18,14,16,17,18,30,33,0.146484375000006,150,0.146484375000006,0.146484375000006,0.146484375000006,64.16015625,214.74609375,0.90709702309505,99.9804967348604,5,6,1,13,9.62520856740956e-13,1,2,1
P2/D2,501,16,33,14,18,30,17,14,16,17,18,30,33,0.146484375000006,150,0.146484375000006,0.146484375000006,0.146484375000006,64.16015625,214.74609375,0.90709702309505,99.9804967348604,5,6,1,13,9.62520856740956e-13,1,2,1
P2/D2,502,16,33,14,18,17,30,14,16,17,18,30,33,0.146484375000006,150,0.146484375000006,0.146484375000006,0.146484375000006,64.16015625,214.74609375,0.90709702309505,99.9804967348604,5,6,1,13,9.62520856740956e-13,1,2,1
P2/D2,503,16,33,14,17,30,18,14,16,17,18,30,33,0.146484375000006,150,0.146484375000006,0.146484375000006,0.146484375000006,64.16015625,214.74609375,0.90709702309505,99.9804967348604,5,6,1,13,9.62520856740956e-13,1,2,1
P2/D2,504,16,33,14,17,18,30,14,16,17,18,30,33,0.146484375000006,150,0.146484375000006,0.146484375000006,0.146484375000006,64.16015625,214.74609375,0.90709702309505,99.9804967348604,5,6,1,13,9.62520856740956e-13,1,2,1
P2/D2,505,16,30,33,18,17,14,14,16,17,18,30,33,0.146484375000006,150,0.146484375000006,0.146484375000006,65.185546875,0.146484375000006,215.771484375,0.907096203923789,99.9820633168121,5,6,1,13,9.76960582148987e-13,1,2,1
P2/D2,506,16,30,33,18,14,17,14,16,17,18,30,33,0.146484375000006,150,0.146484375000006,0.146484375000006,65.185546875,0.146484375000006,215.771484375,0.907096203923789,99.9820633168121,5,6,1,13,9.76960582148987e-13,1,2,1
P2/D2,507,16,30,33,17,18,14,14,16,17,18,30,33,0.146484375000006,150,0.146484375000006,0.146484375000006,65.185546875,0.146484375000006,215.771484375,0.907096203923789,99.9820633168121,5,6,1,13,9.76960582148987e-13,1,2,1
P2/D2,508,16,30,33,17,14,18,14,16,17,18,30,33,0.146484375000006,150,0.146484375000006,0.146484375000006,65.185546875,0.146484375000006,215.771484375,0.907096203923789,99.9820633168121,5,6,1,13,9.76960582148987e-13,1,2,1
P2/D2,509,16,30,33,14,18,17,14,16,17,18,30,33,0.146484375000006,150,0.146484375000006,0.146484375000006,65.185546875,0.146484375000006,215.771484375,0.907096203923789,99.9820633168121,5,6,1,13,9.76960582148987e-13,1,2,1
P2/D2,510,16,30,33,14,17,18,14,16,17,18,30,33,0.146484375000006,150,0.146484375000006,0.146484375000006,65.185546875,0.146484375000006,215.771484375,0.907096203923789,99.9820633168121,5,6,1,13,9.76960582148987e-13,1,2,1
P2/D2,511,16,30,18,33,17,14,14,16,17,18,30,33,0.146484375000006,150,0.146484375000006,0.146484375000006,65.185546875,0.146484375000006,215.771484375,0.907096203923789,99.9820633168121,5,6,1,13,9.76960582148987e-13,1,2,1
P2/D2,512,16,30,18,33,14,17,14,16,17,18,30,33,0.146484375000006,150,0.146484375000006,0.146484375000006,65.185546875,0.146484375000006,215.771484375,0.907096203923789,99.9820633168121,5,6,1,13,9.76960582148987e-13,1,2,1
P2/D2,513,16,30,18,17,33,14,14,16,17,18,30,33,0.146484375000006,150,0.146484375000006,0.146484375000006,65.185546875,0.146484375000006,215.771484375,0.907096203923789,99.9820633168121,5,6,1,13,9.76960582148987e-13,1,2,1
P2/D2,514,16,30,18,17,14,33,14,16,17,18,30,33,0.146484375000006,150,0.146484375000006,0.146484375000006,65.185546875,0.146484375000006,215.771484375,0.907096203923789,99.9820633168121,5,6,1,13,9.76960582148987e-13,1,2,1
P2/D2,515,16,30,18,14,33,17,14,16,17,18,30,33,0.146484375000006,150,0.146484375000006,0.146484375000006,65.185546875,0.146484375000006,215.771484375,0.907096203923789,99.9820633168121,5,6,1,13,9.76960582148987e-13,1,2,1
P2/D2,516,16,30,18,14,17,33,14,16,17,18,30,33,0.146484375000006,150,0.146484375000006,0.146484375000006,65.185546875,0.146484375000006,215.771484375,0.907096203923789,99.9820633168121,5,6,1,13,9.76960582148987e-13,1,2,1
P2/D2,517,16,30,17,33,18,14,14,16,17,18,30,33,0.146484375000006,150,0.146484375000006,0.146484375000006,65.185546875,0.146484375000006,215.771484375,0.907096203923789,99.9820633168121,5,6,1,13,9.76960582148987e-13,1,2,1
P2/D2,518,16,30,17,33,14,18,14,16,17,18,30,33,0.146484375000006,150,0.146484375000006,0.146484375000006,65.185546875,0.146484375000006,215.771484375,0.907096203923789,99.9820633168121,5,6,1,13,9.76960582148987e-13,1,2,1
P2/D2,519,16,30,17,18,33,14,14,16,17,18,30,33,0.146484375000006,150,0.146484375000006,0.146484375000006,65.185546875,0.146484375000006,215.771484375,0.907096203923789,99.9820633168121,5,6,1,13,9.76960582148987e-13,1,2,1
P2/D2,520,16,30,17,18,14,33,14,16,17,18,30,33,0.146484375000006,150,0.146484375000006,0.146484375000006,65.185546875,0.146484375000006,215.771484375,0.907096203923789,99.9820633168121,5,6,1,13,9.76960582148987e-13,1,2,1
P2/D2,521,16,30,17,14,33,18,14,16,17,18,30,33,0.146484375000006,150,0.146484375000006,0.146484375000006,65.185546875,0.146484375000006,215.771484375,0.907096203923789,99.9820633168121,5,6,1,13,9.76960582148987e-13,1,2,1
P2/D2,522,16,30,17,14,18,33,14,16,17,18,30,33,0.146484375000006,150,0.146484375000006,0.146484375000006,65.185546875,0.146484375000006,215.771484375,0.907096203923789,99.9820633168121,5,6,1,13,9.76960582148987e-13,1,2,1
P2/D2,523,16,30,14,33,18,17,14,16,17,18,30,33,0.146484375000006,150,0.146484375000006,0.146484375000006,65.185546875,0.146484375000006,215.771484375,0.907096203923789,99.9820633168121,5,6,1,13,9.76960582148987e-13,1,2,1
P2/D2,524,16,30,14,33,17,18,14,16,17,18,30,33,0.146484375000006,150,0.146484375000006,0.146484375000006,65.185546875,0.146484375000006,215.771484375,0.907096203923789,99.9820633168121,5,6,1,13,9.76960582148987e-13,1,2,1
P2/D2,525,16,30,14,18,33,17,14,16,17,18,30,33,0.146484375000006,150,0.146484375000006,0.146484375000006,65.185546875,0.146484375000006,215.771484375,0.907096203923789,99.9820633168121,5,6,1,13,9.76960582148987e-13,1,2,1
P2/D2,526,16,30,14,18,17,33,14,16,17,18,30,33,0.146484375000006,150,0.146484375000006,0.146484375000006,65.185546875,0.146484375000006,215.771484375,0.907096203923789,99.9820633168121,5,6,1,13,9.76960582148987e-13,1,2,1
P2/D2,527,16,30,14,17,33,18,14,16,17,18,30,33,0.146484375000006,150,0.146484375000006,0.146484375000006,65.185546875,0.146484375000006,215.771484375,0.907096203923789,99.9820633168121,5,6,1,13,9.76960582148987e-13,1,2,1
P2/D2,528,16,30,14,17,18,33,14,16,17,18,30,33,0.146484375000006,150,0.146484375000006,0.146484375000006,65.185546875,0.146484375000006,215.771484375,0.907096203923789,99.9820633168121,5,6,1,13,9.76960582148987e-13,1,2,1
P2/D2,529,16,18,33,30,17,14,14,16,17,18,30,33,0.146484375000006,150,0.146484375000006,57.275390625,0.146484375000006,0.146484375000006,207.861328125,0.911324887731665,99.9823295381791,5,6,1,13,6.13593845525851e-13,1,2,1
P2/D2,530,16,18,33,30,14,17,14,16,17,18,30,33,0.146484375000006,150,0.146484375000006,57.275390625,0.146484375000006,0.146484375000006,207.861328125,0.911324887731665,99.9823295381791,5,6,1,13,6.13593845525851e-13,1,2,1
P2/D2,531,16,18,33,17,30,14,14,16,17,18,30,33,0.146484375000006,150,0.146484375000006,57.275390625,0.146484375000006,0.146484375000006,207.861328125,0.911324887731665,99.9823295381791,5,6,1,13,6.13593845525851e-13,1,2,1
P2/D2,532,16,18,33,17,14,30,14,16,17,18,30,33,0.146484375000006,150,0.146484375000006,57.275390625,0.146484375000006,0.146484375000006,207.861328125,0.911324887731665,99.9823295381791,5,6,1,13,6.13593845525851e-13,1,2,1
P2/D2,533,16,18,33,14,30,17,14,16,17,18,30,33,0.146484375000006,150,0.146484375000006,57.275390625,0.146484375000006,0.146484375000006,207.861328125,0.911324887731665,99.9823295381791,5,6,1,13,6.13593845525851e-13,1,2,1
P2/D2,534,16,18,33,14,17,30,14,16,17,18,30,33,0.146484375000006,150,0.146484375000006,57.275390625,0.146484375000006,0.146484375000006,207.861328125,0.911324887731665,99.9823295381791,5,6,1,13,6.13593845525851e-13,1,2,1
P2/D2,535,16,18,30,33,17,14,14,16,17,18,30,33,0.146484375000006,150,0.146484375000006,57.275390625,0.146484375000006,0.146484375000006,207.861328125,0.911324887731665,99.9823295381791,5,6,1,13,6.13593845525851e-13,1,2,1
P2/D2,536,16,18,30,33,14,17,14,16,17,18,30,33,0.146484375000006,150,0.146484375000006,57.275390625,0.146484375000006,0.146484375000006,207.861328125,0.911324887731665,99.9823295381791,5,6,1,13,6.13593845525851e-13,1,2,1
P2/D2,537,16,18,30,17,33,14,14,16,17,18,30,33,0.146484375000006,150,0.146484375000006,57.275390625,0.146484375000006,0.146484375000006,207.861328125,0.911324887731665,99.9823295381791,5,6,1,13,6.13593845525851e-13,1,2,1
P2/D2,538,16,18,30,17,14,33,14,16,17,18,30,33,0.146484375000006,150,0.146484375000006,57.275390625,0.146484375000006,0.146484375000006,207.861328125,0.911324887731665,99.9823295381791,5,6,1,13,6.13593845525851e-13,1,2,1
P2/D2,539,16,18,30,14,33,17,14,16,17,18,30,33,0.146484375000006,150,0.146484375000006,57.275390625,0.146484375000006,0.146484375000006,207.861328125,0.911324887731665,99.9823295381791,5,6,1,13,6.13593845525851e-13,1,2,1
P2/D2,540,16,18,30,14,17,33,14,16,17,18,30,33,0.146484375000006,150,0.146484375000006,57.275390625,0.146484375000006,0.146484375000006,207.861328125,0.911324887731665,99.9823295381791,5,6,1,13,6.13593845525851e-13,1,2,1
P2/D2,541,16,18,17,33,30,14,14,16,17,18,30,33,0.146484375000006,150,0.146484375000006,57.275390625,0.146484375000006,0.146484375000006,207.861328125,0.911324887731665,99.9823295381791,5,6,1,13,6.13593845525851e-13,1,2,1
P2/D2,542,16,18,17,33,14,30,14,16,17,18,30,33,0.146484375000006,150,0.146484375000006,57.275390625,0.146484375000006,0.146484375000006,207.861328125,0.911324887731665,99.9823295381791,5,6,1,13,6.13593845525851e-13,1,2,1
P2/D2,543,16,18,17,30,33,14,14,16,17,18,30,33,0.146484375000006,150,0.146484375000006,57.275390625,0.146484375000006,0.146484375000006,207.861328125,0.911324887731665,99.9823295381791,5,6,1,13,6.13593845525851e-13,1,2,1
P2/D2,544,16,18,17,30,14,33,14,16,17,18,30,33,0.146484375000006,150,0.146484375000006,57.275390625,0.146484375000006,0.146484375000006,207.861328125,0.911324887731665,99.9823295381791,5,6,1,13,6.13593845525851e-13,1,2,1
P2/D2,545,16,18,17,14,33,30,14,16,17,18,30,33,0.146484375000006,150,0.146484375000006,57.275390625,0.146484375000006,0.146484375000006,207.861328125,0.911324887731665,99.9823295381791,5,6,1,13,6.13593845525851e-13,1,2,1
P2/D2,546,16,18,17,14,30,33,14,16,17,18,30,33,0.146484375000006,150,0.146484375000006,57.275390625,0.146484375000006,0.146484375000006,207.861328125,0.911324887731665,99.9823295381791,5,6,1,13,6.13593845525851e-13,1,2,1
P2/D2,547,16,18,14,33,30,17,14,16,17,18,30,33,0.146484375000006,150,0.146484375000006,57.275390625,0.146484375000006,0.146484375000006,207.861328125,0.911324887731665,99.9823295381791,5,6,1,13,6.13593845525851e-13,1,2,1
P2/D2,548,16,18,14,33,17,30,14,16,17,18,30,33,0.146484375000006,150,0.146484375000006,57.275390625,0.146484375000006,0.146484375000006,207.861328125,0.911324887731665,99.9823295381791,5,6,1,13,6.13593845525851e-13,1,2,1
P2/D2,549,16,18,14,30,33,17,14,16,17,18,30,33,0.146484375000006,150,0.146484375000006,57.275390625,0.146484375000006,0.146484375000006,207.861328125,0.911324887731665,99.9823295381791,5,6,1,13,6.13593845525851e-13,1,2,1
P2/D2,550,16,18,14,30,17,33,14,16,17,18,30,33,0.146484375000006,150,0.146484375000006,57.275390625,0.146484375000006,0.146484375000006,207.861328125,0.911324887731665,99.9823295381791,5,6,1,13,6.13593845525851e-13,1,2,1
P2/D2,551,16,18,14,17,33,30,14,16,17,18,30,33,0.146484375000006,150,0.146484375000006,57.275390625,0.146484375000006,0.146484375000006,207.861328125,0.911324887731665,99.9823295381791,5,6,1,13,6.13593845525851e-13,1,2,1
P2/D2,552,16,18,14,17,30,33,14,16,17,18,30,33,0.146484375000006,150,0.146484375000006,57.275390625,0.146484375000006,0.146484375000006,207.861328125,0.911324887731665,99.9823295381791,5,6,1,13,6.13593845525851e-13,1,2,1
P2/D2,553,16,17,33,30,18,14,14,16,17,18,30,33,0.146484375000006,150,57.568359375,0.146484375000006,0.146484375000006,0.146484375000006,208.154296875,0.911044618504417,99.9794860056429,5,6,1,13,6.23671796438582e-13,1,2,1
P2/D2,554,16,17,33,30,14,18,14,16,17,18,30,33,0.146484375000006,150,57.568359375,0.146484375000006,0.146484375000006,0.146484375000006,208.154296875,0.911044618504417,99.9794860056429,5,6,1,13,6.23671796438582e-13,1,2,1
P2/D2,555,16,17,33,18,30,14,14,16,17,18,30,33,0.146484375000006,150,57.568359375,0.146484375000006,0.146484375000006,0.146484375000006,208.154296875,0.911044618504417,99.9794860056429,5,6,1,13,6.23671796438582e-13,1,2,1
P2/D2,556,16,17,33,18,14,30,14,16,17,18,30,33,0.146484375000006,150,57.568359375,0.146484375000006,0.146484375000006,0.146484375000006,208.154296875,0.911044618504417,99.9794860056429,5,6,1,13,6.23671796438582e-13,1,2,1
P2/D2,557,16,17,33,14,30,18,14,16,17,18,30,33,0.146484375000006,150,57.568359375,0.146484375000006,0.146484375000006,0.146484375000006,208.154296875,0.911044618504417,99.9794860056429,5,6,1,13,6.23671796438582e-13,1,2,1
P2/D2,558,16,17,33,14,18,30,14,16,17,18,30,33,0.146484375000006,150,57.568359375,0.146484375000006,0.146484375000006,0.146484375000006,208.154296875,0.911044618504417,99.9794860056429,5,6,1,13,6.23671796438582e-13,1,2,1
P2/D2,559,16,17,30,33,18,14,14,16,17,18,30,33,0.146484375000006,150,57.568359375,0.146484375000006,0.146484375000006,0.146484375000006,208.154296875,0.911044618504417,99.9794860056429,5,6,1,13,6.23671796438582e-13,1,2,1
P2/D2,560,16,17,30,33,14,18,14,16,17,18,30,33,0.146484375000006,150,57.568359375,0.146484375000006,0.146484375000006,0.146484375000006,208.154296875,0.911044618504417,99.9794860056429,5,6,1,13,6.23671796438582e-13,1,2,1
P2/D2,561,16,17,30,18,33,14,14,16,17,18,30,33,0.146484375000006,150,57.568359375,0.146484375000006,0.146484375000006,0.146484375000006,208.154296875,0.911044618504417,99.9794860056429,5,6,1,13,6.23671796438582e-13,1,2,1
P2/D2,562,16,17,30,18,14,33,14,16,17,18,30,33,0.146484375000006,150,57.568359375,0.146484375000006,0.146484375000006,0.146484375000006,208.154296875,0.911044618504417,99.9794860056429,5,6,1,13,6.23671796438582e-13,1,2,1
P2/D2,563,16,17,30,14,33,18,14,16,17,18,30,33,0.146484375000006,150,57.568359375,0.146484375000006,0.146484375000006,0.146484375000006,208.154296875,0.911044618504417,99.9794860056429,5,6,1,13,6.23671796438582e-13,1,2,1
P2/D2,564,16,17,30,14,18,33,14,16,17,18,30,33,0.146484375000006,150,57.568359375,0.146484375000006,0.146484375000006,0.146484375000006,208.154296875,0.911044618504417,99.9794860056429,5,6,1,13,6.23671796438582e-13,1,2,1
P2/D2,565,16,17,18,33,30,14,14,16,17,18,30,33,0.146484375000006,150,57.568359375,0.146484375000006,0.146484375000006,0.146484375000006,208.154296875,0.911044618504417,99.9794860056429,5,6,1,13,6.23671796438582e-13,1,2,1
P2/D2,566,16,17,18,33,14,30,14,16,17,18,30,33,0.146484375000006,150,57.568359375,0.146484375000006,0.146484375000006,0.146484375000006,208.154296875,0.911044618504417,99.9794860056429,5,6,1,13,6.23671796438582e-13,1,2,1
P2/D2,567,16,17,18,30,33,14,14,16,17,18,30,33,0.146484375000006,150,57.568359375,0.146484375000006,0.146484375000006,0.146484375000006,208.154296875,0.911044618504417,99.9794860056429,5,6,1,13,6.23671796438582e-13,1,2,1
P2/D2,568,16,17,18,30,14,33,14,16,17,18,30,33,0.146484375000006,150,57.568359375,0.146484375000006,0.146484375000006,0.146484375000006,208.154296875,0.911044618504417,99.9794860056429,5,6,1,13,6.23671796438582e-13,1,2,1
P2/D2,569,16,17,18,14,33,30,14,16,17,18,30,33,0.146484375000006,150,57.568359375,0.146484375000006,0.146484375000006,0.146484375000006,208.154296875,0.911044618504417,99.9794860056429,5,6,1,13,6.23671796438582e-13,1,2,1
P2/D2,570,16,17,18,14,30,33,14,16,17,18,30,33,0.146484375000006,150,57.568359375,0.146484375000006,0.146484375000006,0.146484375000006,208.154296875,0.911044618504417,99.9794860056429,5,6,1,13,6.23671796438582e-13,1,2,1
P2/D2,571,16,17,14,33,30,18,14,16,17,18,30,33,0.146484375000006,150,57.568359375,0.146484375000006,0.146484375000006,0.146484375000006,208.154296875,0.911044618504417,99.9794860056429,5,6,1,13,6.23671796438582e-13,1,2,1
P2/D2,572,16,17,14,33,18,30,14,16,17,18,30,33,0.146484375000006,150,57.568359375,0.146484375000006,0.146484375000006,0.146484375000006,208.154296875,0.911044618504417,99.9794860056429,5,6,1,13,6.23671796438582e-13,1,2,1
P2/D2,573,16,17,14,30,33,18,14,16,17,18,30,33,0.146484375000006,150,57.568359375,0.146484375000006,0.146484375000006,0.146484375000006,208.154296875,0.911044618504417,99.9794860056429,5,6,1,13,6.23671796438582e-13,1,2,1
P2/D2,574,16,17,14,30,18,33,14,16,17,18,30,33,0.146484375000006,150,57.568359375,0.146484375000006,0.146484375000006,0.146484375000006,208.154296875,0.911044618504417,99.9794860056429,5,6,1,13,6.23671796438582e-13,1,2,1
P2/D2,575,16,17,14,18,33,30,14,16,17,18,30,33,0.146484375000006,150,57.568359375,0.146484375000006,0.146484375000006,0.146484375000006,208.154296875,0.911044618504417,99.9794860056429,5,6,1,13,6.23671796438582e-13,1,2,1
P2/D2,576,16,17,14,18,30,33,14,16,17,18,30,33,0.146484375000006,150,57.568359375,0.146484375000006,0.146484375000006,0.146484375000006,208.154296875,0.911044618504417,99.9794860056429,5,6,1,13,6.23671796438582e-13,1,2,1
P2/D2,577,16,14,33,30,18,17,14,16,17,18,30,33,59.326171875,150,0.146484375000006,0.146484375000006,0.146484375000006,0.146484375000006,209.912109375,0.90998284544095,99.9798193477528,5,6,1,13,7.08351217265519e-13,1,2,1
P2/D2,578,16,14,33,30,17,18,14,16,17,18,30,33,59.326171875,150,0.146484375000006,0.146484375000006,0.146484375000006,0.146484375000006,209.912109375,0.90998284544095,99.9798193477528,5,6,1,13,7.08351217265519e-13,1,2,1
P2/D2,579,16,14,33,18,30,17,14,16,17,18,30,33,59.326171875,150,0.146484375000006,0.146484375000006,0.146484375000006,0.146484375000006,209.912109375,0.90998284544095,99.9798193477528,5,6,1,13,7.08351217265519e-13,1,2,1
P2/D2,580,16,14,33,18,17,30,14,16,17,18,30,33,59.326171875,150,0.146484375000006,0.146484375000006,0.146484375000006,0.146484375000006,209.912109375,0.90998284544095,99.9798193477528,5,6,1,13,7.08351217265519e-13,1,2,1
P2/D2,581,16,14,33,17,30,18,14,16,17,18,30,33,59.326171875,150,0.146484375000006,0.146484375000006,0.146484375000006,0.146484375000006,209.912109375,0.90998284544095,99.9798193477528,5,6,1,13,7.08351217265519e-13,1,2,1
P2/D2,582,16,14,33,17,18,30,14,16,17,18,30,33,59.326171875,150,0.146484375000006,0.146484375000006,0.146484375000006,0.146484375000006,209.912109375,0.90998284544095,99.9798193477528,5,6,1,13,7.08351217265519e-13,1,2,1
P2/D2,583,16,14,30,33,18,17,14,16,17,18,30,33,59.326171875,150,0.146484375000006,0.146484375000006,0.146484375000006,0.146484375000006,209.912109375,0.90998284544095,99.9798193477528,5,6,1,13,7.08351217265519e-13,1,2,1
P2/D2,584,16,14,30,33,17,18,14,16,17,18,30,33,59.326171875,150,0.146484375000006,0.146484375000006,0.146484375000006,0.146484375000006,209.912109375,0.90998284544095,99.9798193477528,5,6,1,13,7.08351217265519e-13,1,2,1
P2/D2,585,16,14,30,18,33,17,14,16,17,18,30,33,59.326171875,150,0.146484375000006,0.146484375000006,0.146484375000006,0.146484375000006,209.912109375,0.90998284544095,99.9798193477528,5,6,1,13,7.08351217265519e-13,1,2,1
P2/D2,586,16,14,30,18,17,33,14,16,17,18,30,33,59.326171875,150,0.146484375000006,0.146484375000006,0.146484375000006,0.146484375000006,209.912109375,0.90998284544095,99.9798193477528,5,6,1,13,7.08351217265519e-13,1,2,1
P2/D2,587,16,14,30,17,33,18,14,16,17,18,30,33,59.326171875,150,0.146484375000006,0.146484375000006,0.146484375000006,0.146484375000006,209.912109375,0.90998284544095,99.9798193477528,5,6,1,13,7.08351217265519e-13,1,2,1
P2/D2,588,16,14,30,17,18,33,14,16,17,18,30,33,59.326171875,150,0.146484375000006,0.146484375000006,0.146484375000006,0.146484375000006,209.912109375,0.90998284544095,99.9798193477528,5,6,1,13,7.08351217265519e-13,1,2,1
P2/D2,589,16,14,18,33,30,17,14,16,17,18,30,33,59.326171875,150,0.146484375000006,0.146484375000006,0.146484375000006,0.146484375000006,209.912109375,0.90998284544095,99.9798193477528,5,6,1,13,7.08351217265519e-13,1,2,1
P2/D2,590,16,14,18,33,17,30,14,16,17,18,30,33,59.326171875,150,0.146484375000006,0.146484375000006,0.146484375000006,0.146484375000006,209.912109375,0.90998284544095,99.9798193477528,5,6,1,13,7.08351217265519e-13,1,2,1
P2/D2,591,16,14,18,30,33,17,14,16,17,18,30,33,59.326171875,150,0.146484375000006,0.146484375000006,0.146484375000006,0.146484375000006,209.912109375,0.90998284544095,99.9798193477528,5,6,1,13,7.08351217265519e-13,1,2,1
P2/D2,592,16,14,18,30,17,33,14,16,17,18,30,33,59.326171875,150,0.146484375000006,0.146484375000006,0.146484375000006,0.146484375000006,209.912109375,0.90998284544095,99.9798193477528,5,6,1,13,7.08351217265519e-13,1,2,1
P2/D2,593,16,14,18,17,33,30,14,16,17,18,30,33,59.326171875,150,0.146484375000006,0.146484375000006,0.146484375000006,0.146484375000006,209.912109375,0.90998284544095,99.9798193477528,5,6,1,13,7.08351217265519e-13,1,2,1
P2/D2,594,16,14,18,17,30,33,14,16,17,18,30,33,59.326171875,150,0.146484375000006,0.146484375000006,0.146484375000006,0.146484375000006,209.912109375,0.90998284544095,99.9798193477528,5,6,1,13,7.08351217265519e-13,1,2,1
P2/D2,595,16,14,17,33,30,18,14,16,17,18,30,33,59.326171875,150,0.146484375000006,0.146484375000006,0.146484375000006,0.146484375000006,209.912109375,0.90998284544095,99.9798193477528,5,6,1,13,7.08351217265519e-13,1,2,1
P2/D2,596,16,14,17,33,18,30,14,16,17,18,30,33,59.326171875,150,0.146484375000006,0.146484375000006,0.146484375000006,0.146484375000006,209.912109375,0.90998284544095,99.9798193477528,5,6,1,13,7.08351217265519e-13,1,2,1
P2/D2,597,16,14,17,30,33,18,14,16,17,18,30,33,59.326171875,150,0.146484375000006,0.146484375000006,0.146484375000006,0.146484375000006,209.912109375,0.90998284544095,99.9798193477528,5,6,1,13,7.08351217265519e-13,1,2,1
P2/D2,598,16,14,17,30,18,33,14,16,17,18,30,33,59.326171875,150,0.146484375000006,0.146484375000006,0.146484375000006,0.146484375000006,209.912109375,0.90998284544095,99.9798193477528,5,6,1,13,7.08351217265519e-13,1,2,1
P2/D2,599,16,14,17,18,33,30,14,16,17,18,30,33,59.326171875,150,0.146484375000006,0.146484375000006,0.146484375000006,0.146484375000006,209.912109375,0.90998284544095,99.9798193477528,5,6,1,13,7.08351217265519e-13,1,2,1
P2/D2,600,16,14,17,18,30,33,14,16,17,18,30,33,59.326171875,150,0.146484375000006,0.146484375000006,0.146484375000006,0.146484375000006,209.912109375,0.90998284544095,99.9798193477528,5,6,1,13,7.08351217265519e-13,1,2,1
P2/D2,601,14,33,30,18,17,16,14,16,17,18,30,33,150,0.146484375000006,0.146484375000006,0.146484375000006,0.146484375000006,67.236328125,217.822265625,0.905554543759953,99.9801766768754,5,6,1,14,1.40845215892639e-13,1,2,1
P2/D2,602,14,33,30,18,16,17,14,16,17,18,30,33,150,0.146484375000006,0.146484375000006,0.146484375000006,0.146484375000006,67.236328125,217.822265625,0.905554543759953,99.9801766768754,5,6,1,14,1.40845215892639e-13,1,2,1
P2/D2,603,14,33,30,17,18,16,14,16,17,18,30,33,150,0.146484375000006,0.146484375000006,0.146484375000006,0.146484375000006,67.236328125,217.822265625,0.905554543759953,99.9801766768754,5,6,1,14,1.40845215892639e-13,1,2,1
P2/D2,604,14,33,30,17,16,18,14,16,17,18,30,33,150,0.146484375000006,0.146484375000006,0.146484375000006,0.146484375000006,67.236328125,217.822265625,0.905554543759953,99.9801766768754,5,6,1,14,1.40845215892639e-13,1,2,1
P2/D2,605,14,33,30,16,18,17,14,16,17,18,30,33,150,0.146484375000006,0.146484375000006,0.146484375000006,0.146484375000006,67.236328125,217.822265625,0.905554543759953,99.9801766768754,5,6,1,14,1.40845215892639e-13,1,2,1
P2/D2,606,14,33,30,16,17,18,14,16,17,18,30,33,150,0.146484375000006,0.146484375000006,0.146484375000006,0.146484375000006,67.236328125,217.822265625,0.905554543759953,99.9801766768754,5,6,1,14,1.40845215892639e-13,1,2,1
P2/D2,607,14,33,18,30,17,16,14,16,17,18,30,33,150,0.146484375000006,0.146484375000006,0.146484375000006,0.146484375000006,67.236328125,217.822265625,0.905554543759953,99.9801766768754,5,6,1,14,1.40845215892639e-13,1,2,1
P2/D2,608,14,33,18,30,16,17,14,16,17,18,30,33,150,0.146484375000006,0.146484375000006,0.146484375000006,0.146484375000006,67.236328125,217.822265625,0.905554543759953,99.9801766768754,5,6,1,14,1.40845215892639e-13,1,2,1
P2/D2,609,14,33,18,17,30,16,14,16,17,18,30,33,150,0.146484375000006,0.146484375000006,0.146484375000006,0.146484375000006,67.236328125,217.822265625,0.905554543759953,99.9801766768754,5,6,1,14,1.40845215892639e-13,1,2,1
P2/D2,610,14,33,18,17,16,30,14,16,17,18,30,33,150,0.146484375000006,0.146484375000006,0.146484375000006,0.146484375000006,67.236328125,217.822265625,0.905554543759953,99.9801766768754,5,6,1,14,1.40845215892639e-13,1,2,1
P2/D2,611,14,33,18,16,30,17,14,16,17,18,30,33,150,0.146484375000006,0.146484375000006,0.146484375000006,0.146484375000006,67.236328125,217.822265625,0.905554543759953,99.9801766768754,5,6,1,14,1.40845215892639e-13,1,2,1
P2/D2,612,14,33,18,16,17,30,14,16,17,18,30,33,150,0.146484375000006,0.146484375000006,0.146484375000006,0.146484375000006,67.236328125,217.822265625,0.905554543759953,99.9801766768754,5,6,1,14,1.40845215892639e-13,1,2,1
P2/D2,613,14,33,17,30,18,16,14,16,17,18,30,33,150,0.146484375000006,0.146484375000006,0.146484375000006,0.146484375000006,67.236328125,217.822265625,0.905554543759953,99.9801766768754,5,6,1,14,1.40845215892639e-13,1,2,1
P2/D2,614,14,33,17,30,16,18,14,16,17,18,30,33,150,0.146484375000006,0.146484375000006,0.146484375000006,0.146484375000006,67.236328125,217.822265625,0.905554543759953,99.9801766768754,5,6,1,14,1.40845215892639e-13,1,2,1
P2/D2,615,14,33,17,18,30,16,14,16,17,18,30,33,150,0.146484375000006,0.146484375000006,0.146484375000006,0.146484375000006,67.236328125,217.822265625,0.905554543759953,99.9801766768754,5,6,1,14,1.40845215892639e-13,1,2,1
P2/D2,616,14,33,17,18,16,30,14,16,17,18,30,33,150,0.146484375000006,0.146484375000006,0.146484375000006,0.146484375000006,67.236328125,217.822265625,0.905554543759953,99.9801766768754,5,6,1,14,1.40845215892639e-13,1,2,1
P2/D2,617,14,33,17,16,30,18,14,16,17,18,30,33,150,0.146484375000006,0.146484375000006,0.146484375000006,0.146484375000006,67.236328125,217.822265625,0.905554543759953,99.9801766768754,5,6,1,14,1.40845215892639e-13,1,2,1
P2/D2,618,14,33,17,16,18,30,14,16,17,18,30,33,150,0.146484375000006,0.146484375000006,0.146484375000006,0.146484375000006,67.236328125,217.822265625,0.905554543759953,99.9801766768754,5,6,1,14,1.40845215892639e-13,1,2,1
P2/D2,619,14,33,16,30,18,17,14,16,17,18,30,33,150,0.146484375000006,0.146484375000006,0.146484375000006,0.146484375000006,67.236328125,217.822265625,0.905554543759953,99.9801766768754,5,6,1,14,1.40845215892639e-13,1,2,1
P2/D2,620,14,33,16,30,17,18,14,16,17,18,30,33,150,0.146484375000006,0.146484375000006,0.146484375000006,0.146484375000006,67.236328125,217.822265625,0.905554543759953,99.9801766768754,5,6,1,14,1.40845215892639e-13,1,2,1
P2/D2,621,14,33,16,18,30,17,14,16,17,18,30,33,150,0.146484375000006,0.146484375000006,0.146484375000006,0.146484375000006,67.236328125,217.822265625,0.905554543759953,99.9801766768754,5,6,1,14,1.40845215892639e-13,1,2,1
P2/D2,622,14,33,16,18,17,30,14,16,17,18,30,33,150,0.146484375000006,0.146484375000006,0.146484375000006,0.146484375000006,67.236328125,217.822265625,0.905554543759953,99.9801766768754,5,6,1,14,1.40845215892639e-13,1,2,1
P2/D2,623,14,33,16,17,30,18,14,16,17,18,30,33,150,0.146484375000006,0.146484375000006,0.146484375000006,0.146484375000006,67.236328125,217.822265625,0.905554543759953,99.9801766768754,5,6,1,14,1.40845215892639e-13,1,2,1
P2/D2,624,14,33,16,17,18,30,14,16,17,18,30,33,150,0.146484375000006,0.146484375000006,0.146484375000006,0.146484375000006,67.236328125,217.822265625,0.905554543759953,99.9801766768754,5,6,1,14,1.40845215892639e-13,1,2,1
P2/D2,625,14,30,33,18,17,16,14,16,17,18,30,33,150,0.146484375000006,0.146484375000006,0.146484375000006,68.408203125,0.146484375000006,218.994140625,0.9055553962942,99.9791222974715,5,6,1,14,1.43403755119173e-13,1,2,1
P2/D2,626,14,30,33,18,16,17,14,16,17,18,30,33,150,0.146484375000006,0.146484375000006,0.146484375000006,68.408203125,0.146484375000006,218.994140625,0.9055553962942,99.9791222974715,5,6,1,14,1.43403755119173e-13,1,2,1
P2/D2,627,14,30,33,17,18,16,14,16,17,18,30,33,150,0.146484375000006,0.146484375000006,0.146484375000006,68.408203125,0.146484375000006,218.994140625,0.9055553962942,99.9791222974715,5,6,1,14,1.43403755119173e-13,1,2,1
P2/D2,628,14,30,33,17,16,18,14,16,17,18,30,33,150,0.146484375000006,0.146484375000006,0.146484375000006,68.408203125,0.146484375000006,218.994140625,0.9055553962942,99.9791222974715,5,6,1,14,1.43403755119173e-13,1,2,1
P2/D2,629,14,30,33,16,18,17,14,16,17,18,30,33,150,0.146484375000006,0.146484375000006,0.146484375000006,68.408203125,0.146484375000006,218.994140625,0.9055553962942,99.9791222974715,5,6,1,14,1.43403755119173e-13,1,2,1
P2/D2,630,14,30,33,16,17,18,14,16,17,18,30,33,150,0.146484375000006,0.146484375000006,0.146484375000006,68.408203125,0.146484375000006,218.994140625,0.9055553962942,99.9791222974715,5,6,1,14,1.43403755119173e-13,1,2,1
P2/D2,631,14,30,18,33,17,16,14,16,17,18,30,33,150,0.146484375000006,0.146484375000006,0.146484375000006,68.408203125,0.146484375000006,218.994140625,0.9055553962942,99.9791222974715,5,6,1,14,1.43403755119173e-13,1,2,1
P2/D2,632,14,30,18,33,16,17,14,16,17,18,30,33,150,0.146484375000006,0.146484375000006,0.146484375000006,68.408203125,0.146484375000006,218.994140625,0.9055553962942,99.9791222974715,5,6,1,14,1.43403755119173e-13,1,2,1
P2/D2,633,14,30,18,17,33,16,14,16,17,18,30,33,150,0.146484375000006,0.146484375000006,0.146484375000006,68.408203125,0.146484375000006,218.994140625,0.9055553962942,99.9791222974715,5,6,1,14,1.43403755119173e-13,1,2,1
P2/D2,634,14,30,18,17,16,33,14,16,17,18,30,33,150,0.146484375000006,0.146484375000006,0.146484375000006,68.408203125,0.146484375000006,218.994140625,0.9055553962942,99.9791222974715,5,6,1,14,1.43403755119173e-13,1,2,1
P2/D2,635,14,30,18,16,33,17,14,16,17,18,30,33,150,0.146484375000006,0.146484375000006,0.146484375000006,68.408203125,0.146484375000006,218.994140625,0.9055553962942,99.9791222974715,5,6,1,14,1.43403755119173e-13,1,2,1
P2/D2,636,14,30,18,16,17,33,14,16,17,18,30,33,150,0.146484375000006,0.146484375000006,0.146484375000006,68.408203125,0.146484375000006,218.994140625,0.9055553962942,99.9791222974715,5,6,1,14,1.43403755119173e-13,1,2,1
P2/D2,637,14,30,17,33,18,16,14,16,17,18,30,33,150,0.146484375000006,0.146484375000006,0.146484375000006,68.408203125,0.146484375000006,218.994140625,0.9055553962942,99.9791222974715,5,6,1,14,1.43403755119173e-13,1,2,1
P2/D2,638,14,30,17,33,16,18,14,16,17,18,30,33,150,0.146484375000006,0.146484375000006,0.146484375000006,68.408203125,0.146484375000006,218.994140625,0.9055553962942,99.9791222974715,5,6,1,14,1.43403755119173e-13,1,2,1
P2/D2,639,14,30,17,18,33,16,14,16,17,18,30,33,150,0.146484375000006,0.146484375000006,0.146484375000006,68.408203125,0.146484375000006,218.994140625,0.9055553962942,99.9791222974715,5,6,1,14,1.43403755119173e-13,1,2,1
P2/D2,640,14,30,17,18,16,33,14,16,17,18,30,33,150,0.146484375000006,0.146484375000006,0.146484375000006,68.408203125,0.146484375000006,218.994140625,0.9055553962942,99.9791222974715,5,6,1,14,1.43403755119173e-13,1,2,1
P2/D2,641,14,30,17,16,33,18,14,16,17,18,30,33,150,0.146484375000006,0.146484375000006,0.146484375000006,68.408203125,0.146484375000006,218.994140625,0.9055553962942,99.9791222974715,5,6,1,14,1.43403755119173e-13,1,2,1
P2/D2,642,14,30,17,16,18,33,14,16,17,18,30,33,150,0.146484375000006,0.146484375000006,0.146484375000006,68.408203125,0.146484375000006,218.994140625,0.9055553962942,99.9791222974715,5,6,1,14,1.43403755119173e-13,1,2,1
P2/D2,643,14,30,16,33,18,17,14,16,17,18,30,33,150,0.146484375000006,0.146484375000006,0.146484375000006,68.408203125,0.146484375000006,218.994140625,0.9055553962942,99.9791222974715,5,6,1,14,1.43403755119173e-13,1,2,1
P2/D2,644,14,30,16,33,17,18,14,16,17,18,30,33,150,0.146484375000006,0.146484375000006,0.146484375000006,68.408203125,0.146484375000006,218.994140625,0.9055553962942,99.9791222974715,5,6,1,14,1.43403755119173e-13,1,2,1
P2/D2,645,14,30,16,18,33,17,14,16,17,18,30,33,150,0.146484375000006,0.146484375000006,0.146484375000006,68.408203125,0.146484375000006,218.994140625,0.9055553962942,99.9791222974715,5,6,1,14,1.43403755119173e-13,1,2,1
P2/D2,646,14,30,16,18,17,33,14,16,17,18,30,33,150,0.146484375000006,0.146484375000006,0.146484375000006,68.408203125,0.146484375000006,218.994140625,0.9055553962942,99.9791222974715,5,6,1,14,1.43403755119173e-13,1,2,1
P2/D2,647,14,30,16,17,33,18,14,16,17,18,30,33,150,0.146484375000006,0.146484375000006,0.146484375000006,68.408203125,0.146484375000006,218.994140625,0.9055553962942,99.9791222974715,5,6,1,14,1.43403755119173e-13,1,2,1
P2/D2,648,14,30,16,17,18,33,14,16,17,18,30,33,150,0.146484375000006,0.146484375000006,0.146484375000006,68.408203125,0.146484375000006,218.994140625,0.9055553962942,99.9791222974715,5,6,1,14,1.43403755119173e-13,1,2,1
P2/D2,649,14,18,33,30,17,16,14,16,17,18,30,33,150,0.146484375000006,0.146484375000006,59.765625,0.146484375000006,0.146484375000006,210.3515625,0.90999161872504,99.9807013575537,5,6,1,13,7.21475183000315e-13,1,2,1
P2/D2,650,14,18,33,30,16,17,14,16,17,18,30,33,150,0.146484375000006,0.146484375000006,59.765625,0.146484375000006,0.146484375000006,210.3515625,0.90999161872504,99.9807013575537,5,6,1,13,7.21475183000315e-13,1,2,1
P2/D2,651,14,18,33,17,30,16,14,16,17,18,30,33,150,0.146484375000006,0.146484375000006,59.765625,0.146484375000006,0.146484375000006,210.3515625,0.90999161872504,99.9807013575537,5,6,1,13,7.21475183000315e-13,1,2,1
P2/D2,652,14,18,33,17,16,30,14,16,17,18,30,33,150,0.146484375000006,0.146484375000006,59.765625,0.146484375000006,0.146484375000006,210.3515625,0.90999161872504,99.9807013575537,5,6,1,13,7.21475183000315e-13,1,2,1
P2/D2,653,14,18,33,16,30,17,14,16,17,18,30,33,150,0.146484375000006,0.146484375000006,59.765625,0.146484375000006,0.146484375000006,210.3515625,0.90999161872504,99.9807013575537,5,6,1,13,7.21475183000315e-13,1,2,1
P2/D2,654,14,18,33,16,17,30,14,16,17,18,30,33,150,0.146484375000006,0.146484375000006,59.765625,0.146484375000006,0.146484375000006,210.3515625,0.90999161872504,99.9807013575537,5,6,1,13,7.21475183000315e-13,1,2,1
P2/D2,655,14,18,30,33,17,16,14,16,17,18,30,33,150,0.146484375000006,0.146484375000006,59.765625,0.146484375000006,0.146484375000006,210.3515625,0.90999161872504,99.9807013575537,5,6,1,13,7.21475183000315e-13,1,2,1
P2/D2,656,14,18,30,33,16,17,14,16,17,18,30,33,150,0.146484375000006,0.146484375000006,59.765625,0.146484375000006,0.146484375000006,210.3515625,0.90999161872504,99.9807013575537,5,6,1,13,7.21475183000315e-13,1,2,1
P2/D2,657,14,18,30,17,33,16,14,16,17,18,30,33,150,0.146484375000006,0.146484375000006,59.765625,0.146484375000006,0.146484375000006,210.3515625,0.90999161872504,99.9807013575537,5,6,1,13,7.21475183000315e-13,1,2,1
P2/D2,658,14,18,30,17,16,33,14,16,17,18,30,33,150,0.146484375000006,0.146484375000006,59.765625,0.146484375000006,0.146484375000006,210.3515625,0.90999161872504,99.9807013575537,5,6,1,13,7.21475183000315e-13,1,2,1
P2/D2,659,14,18,30,16,33,17,14,16,17,18,30,33,150,0.146484375000006,0.146484375000006,59.765625,0.146484375000006,0.146484375000006,210.3515625,0.90999161872504,99.9807013575537,5,6,1,13,7.21475183000315e-13,1,2,1
P2/D2,660,14,18,30,16,17,33,14,16,17,18,30,33,150,0.146484375000006,0.146484375000006,59.765625,0.146484375000006,0.146484375000006,210.3515625,0.90999161872504,99.9807013575537,5,6,1,13,7.21475183000315e-13,1,2,1
P2/D2,661,14,18,17,33,30,16,14,16,17,18,30,33,150,0.146484375000006,0.146484375000006,59.765625,0.146484375000006,0.146484375000006,210.3515625,0.90999161872504,99.9807013575537,5,6,1,13,7.21475183000315e-13,1,2,1
P2/D2,662,14,18,17,33,16,30,14,16,17,18,30,33,150,0.146484375000006,0.146484375000006,59.765625,0.146484375000006,0.146484375000006,210.3515625,0.90999161872504,99.9807013575537,5,6,1,13,7.21475183000315e-13,1,2,1
P2/D2,663,14,18,17,30,33,16,14,16,17,18,30,33,150,0.146484375000006,0.146484375000006,59.765625,0.146484375000006,0.146484375000006,210.3515625,0.90999161872504,99.9807013575537,5,6,1,13,7.21475183000315e-13,1,2,1
P2/D2,664,14,18,17,30,16,33,14,16,17,18,30,33,150,0.146484375000006,0.146484375000006,59.765625,0.146484375000006,0.146484375000006,210.3515625,0.90999161872504,99.9807013575537,5,6,1,13,7.21475183000315e-13,1,2,1
P2/D2,665,14,18,17,16,33,30,14,16,17,18,30,33,150,0.146484375000006,0.146484375000006,59.765625,0.146484375000006,0.146484375000006,210.3515625,0.90999161872504,99.9807013575537,5,6,1,13,7.21475183000315e-13,1,2,1
P2/D2,666,14,18,17,16,30,33,14,16,17,18,30,33,150,0.146484375000006,0.146484375000006,59.765625,0.146484375000006,0.146484375000006,210.3515625,0.90999161872504,99.9807013575537,5,6,1,13,7.21475183000315e-13,1,2,1
P2/D2,667,14,18,16,33,30,17,14,16,17,18,30,33,150,0.146484375000006,0.146484375000006,59.765625,0.146484375000006,0.146484375000006,210.3515625,0.90999161872504,99.9807013575537,5,6,1,13,7.21475183000315e-13,1,2,1
P2/D2,668,14,18,16,33,17,30,14,16,17,18,30,33,150,0.146484375000006,0.146484375000006,59.765625,0.146484375000006,0.146484375000006,210.3515625,0.90999161872504,99.9807013575537,5,6,1,13,7.21475183000315e-13,1,2,1
P2/D2,669,14,18,16,30,33,17,14,16,17,18,30,33,150,0.146484375000006,0.146484375000006,59.765625,0.146484375000006,0.146484375000006,210.3515625,0.90999161872504,99.9807013575537,5,6,1,13,7.21475183000315e-13,1,2,1
P2/D2,670,14,18,16,30,17,33,14,16,17,18,30,33,150,0.146484375000006,0.146484375000006,59.765625,0.146484375000006,0.146484375000006,210.3515625,0.90999161872504,99.9807013575537,5,6,1,13,7.21475183000315e-13,1,2,1
P2/D2,671,14,18,16,17,33,30,14,16,17,18,30,33,150,0.146484375000006,0.146484375000006,59.765625,0.146484375000006,0.146484375000006,210.3515625,0.90999161872504,99.9807013575537,5,6,1,13,7.21475183000315e-13,1,2,1
P2/D2,672,14,18,16,17,30,33,14,16,17,18,30,33,150,0.146484375000006,0.146484375000006,59.765625,0.146484375000006,0.146484375000006,210.3515625,0.90999161872504,99.9807013575537,5,6,1,13,7.21475183000315e-13,1,2,1
P2/D2,673,14,17,33,30,18,16,14,16,17,18,30,33,150,0.146484375000006,59.912109375,0.146484375000006,0.146484375000006,0.146484375000006,210.498046875,0.909684846783979,99.9825232014284,5,6,1,13,7.35060332303517e-13,1,2,1
P2/D2,674,14,17,33,30,16,18,14,16,17,18,30,33,150,0.146484375000006,59.912109375,0.146484375000006,0.146484375000006,0.146484375000006,210.498046875,0.909684846783979,99.9825232014284,5,6,1,13,7.35060332303517e-13,1,2,1
P2/D2,675,14,17,33,18,30,16,14,16,17,18,30,33,150,0.146484375000006,59.912109375,0.146484375000006,0.146484375000006,0.146484375000006,210.498046875,0.909684846783979,99.9825232014284,5,6,1,13,7.35060332303517e-13,1,2,1
P2/D2,676,14,17,33,18,16,30,14,16,17,18,30,33,150,0.146484375000006,59.912109375,0.146484375000006,0.146484375000006,0.146484375000006,210.498046875,0.909684846783979,99.9825232014284,5,6,1,13,7.35060332303517e-13,1,2,1
P2/D2,677,14,17,33,16,30,18,14,16,17,18,30,33,150,0.146484375000006,59.912109375,0.146484375000006,0.146484375000006,0.146484375000006,210.498046875,0.909684846783979,99.9825232014284,5,6,1,13,7.35060332303517e-13,1,2,1
P2/D2,678,14,17,33,16,18,30,14,16,17,18,30,33,150,0.146484375000006,59.912109375,0.146484375000006,0.146484375000006,0.146484375000006,210.498046875,0.909684846783979,99.9825232014284,5,6,1,13,7.35060332303517e-13,1,2,1
P2/D2,679,14,17,30,33,18,16,14,16,17,18,30,33,150,0.146484375000006,59.912109375,0.146484375000006,0.146484375000006,0.146484375000006,210.498046875,0.909684846783979,99.9825232014284,5,6,1,13,7.35060332303517e-13,1,2,1
P2/D2,680,14,17,30,33,16,18,14,16,17,18,30,33,150,0.146484375000006,59.912109375,0.146484375000006,0.146484375000006,0.146484375000006,210.498046875,0.909684846783979,99.9825232014284,5,6,1,13,7.35060332303517e-13,1,2,1
P2/D2,681,14,17,30,18,33,16,14,16,17,18,30,33,150,0.146484375000006,59.912109375,0.146484375000006,0.146484375000006,0.146484375000006,210.498046875,0.909684846783979,99.9825232014284,5,6,1,13,7.35060332303517e-13,1,2,1
P2/D2,682,14,17,30,18,16,33,14,16,17,18,30,33,150,0.146484375000006,59.912109375,0.146484375000006,0.146484375000006,0.146484375000006,210.498046875,0.909684846783979,99.9825232014284,5,6,1,13,7.35060332303517e-13,1,2,1
P2/D2,683,14,17,30,16,33,18,14,16,17,18,30,33,150,0.146484375000006,59.912109375,0.146484375000006,0.146484375000006,0.146484375000006,210.498046875,0.909684846783979,99.9825232014284,5,6,1,13,7.35060332303517e-13,1,2,1
P2/D2,684,14,17,30,16,18,33,14,16,17,18,30,33,150,0.146484375000006,59.912109375,0.146484375000006,0.146484375000006,0.146484375000006,210.498046875,0.909684846783979,99.9825232014284,5,6,1,13,7.35060332303517e-13,1,2,1
P2/D2,685,14,17,18,33,30,16,14,16,17,18,30,33,150,0.146484375000006,59.912109375,0.146484375000006,0.146484375000006,0.146484375000006,210.498046875,0.909684846783979,99.9825232014284,5,6,1,13,7.35060332303517e-13,1,2,1
P2/D2,686,14,17,18,33,16,30,14,16,17,18,30,33,150,0.146484375000006,59.912109375,0.146484375000006,0.146484375000006,0.146484375000006,210.498046875,0.909684846783979,99.9825232014284,5,6,1,13,7.35060332303517e-13,1,2,1
P2/D2,687,14,17,18,30,33,16,14,16,17,18,30,33,150,0.146484375000006,59.912109375,0.146484375000006,0.146484375000006,0.146484375000006,210.498046875,0.909684846783979,99.9825232014284,5,6,1,13,7.35060332303517e-13,1,2,1
P2/D2,688,14,17,18,30,16,33,14,16,17,18,30,33,150,0.146484375000006,59.912109375,0.146484375000006,0.146484375000006,0.146484375000006,210.498046875,0.909684846783979,99.9825232014284,5,6,1,13,7.35060332303517e-13,1,2,1
P2/D2,689,14,17,18,16,33,30,14,16,17,18,30,33,150,0.146484375000006,59.912109375,0.146484375000006,0.146484375000006,0.146484375000006,210.498046875,0.909684846783979,99.9825232014284,5,6,1,13,7.35060332303517e-13,1,2,1
P2/D2,690,14,17,18,16,30,33,14,16,17,18,30,33,150,0.146484375000006,59.912109375,0.146484375000006,0.146484375000006,0.146484375000006,210.498046875,0.909684846783979,99.9825232014284,5,6,1,13,7.35060332303517e-13,1,2,1
P2/D2,691,14,17,16,33,30,18,14,16,17,18,30,33,150,0.146484375000006,59.912109375,0.146484375000006,0.146484375000006,0.146484375000006,210.498046875,0.909684846783979,99.9825232014284,5,6,1,13,7.35060332303517e-13,1,2,1
P2/D2,692,14,17,16,33,18,30,14,16,17,18,30,33,150,0.146484375000006,59.912109375,0.146484375000006,0.146484375000006,0.146484375000006,210.498046875,0.909684846783979,99.9825232014284,5,6,1,13,7.35060332303517e-13,1,2,1
P2/D2,693,14,17,16,30,33,18,14,16,17,18,30,33,150,0.146484375000006,59.912109375,0.146484375000006,0.146484375000006,0.146484375000006,210.498046875,0.909684846783979,99.9825232014284,5,6,1,13,7.35060332303517e-13,1,2,1
P2/D2,694,14,17,16,30,18,33,14,16,17,18,30,33,150,0.146484375000006,59.912109375,0.146484375000006,0.146484375000006,0.146484375000006,210.498046875,0.909684846783979,99.9825232014284,5,6,1,13,7.35060332303517e-13,1,2,1
P2/D2,695,14,17,16,18,33,30,14,16,17,18,30,33,150,0.146484375000006,59.912109375,0.146484375000006,0.146484375000006,0.146484375000006,210.498046875,0.909684846783979,99.9825232014284,5,6,1,13,7.35060332303517e-13,1,2,1
P2/D2,696,14,17,16,18,30,33,14,16,17,18,30,33,150,0.146484375000006,59.912109375,0.146484375000006,0.146484375000006,0.146484375000006,210.498046875,0.909684846783979,99.9825232014284,5,6,1,13,7.35060332303517e-13,1,2,1
P2/D2,697,14,16,33,30,18,17,14,16,17,18,30,33,150,60.9375,0.146484375000006,0.146484375000006,0.146484375000006,0.146484375000006,211.5234375,0.909153862589295,99.9788451894647,5,6,1,13,7.86594952388639e-13,1,2,1
P2/D2,698,14,16,33,30,17,18,14,16,17,18,30,33,150,60.9375,0.146484375000006,0.146484375000006,0.146484375000006,0.146484375000006,211.5234375,0.909153862589295,99.9788451894647,5,6,1,13,7.86594952388639e-13,1,2,1
P2/D2,699,14,16,33,18,30,17,14,16,17,18,30,33,150,60.9375,0.146484375000006,0.146484375000006,0.146484375000006,0.146484375000006,211.5234375,0.909153862589295,99.9788451894647,5,6,1,13,7.86594952388639e-13,1,2,1
P2/D2,700,14,16,33,18,17,30,14,16,17,18,30,33,150,60.9375,0.146484375000006,0.146484375000006,0.146484375000006,0.146484375000006,211.5234375,0.909153862589295,99.9788451894647,5,6,1,13,7.86594952388639e-13,1,2,1
P2/D2,701,14,16,33,17,30,18,14,16,17,18,30,33,150,60.9375,0.146484375000006,0.146484375000006,0.146484375000006,0.146484375000006,211.5234375,0.909153862589295,99.9788451894647,5,6,1,13,7.86594952388639e-13,1,2,1
P2/D2,702,14,16,33,17,18,30,14,16,17,18,30,33,150,60.9375,0.146484375000006,0.146484375000006,0.146484375000006,0.146484375000006,211.5234375,0.909153862589295,99.9788451894647,5,6,1,13,7.86594952388639e-13,1,2,1
P2/D2,703,14,16,30,33,18,17,14,16,17,18,30,33,150,60.9375,0.146484375000006,0.146484375000006,0.146484375000006,0.146484375000006,211.5234375,0.909153862589295,99.9788451894647,5,6,1,13,7.86594952388639e-13,1,2,1
P2/D2,704,14,16,30,33,17,18,14,16,17,18,30,33,150,60.9375,0.146484375000006,0.146484375000006,0.146484375000006,0.146484375000006,211.5234375,0.909153862589295,99.9788451894647,5,6,1,13,7.86594952388639e-13,1,2,1
P2/D2,705,14,16,30,18,33,17,14,16,17,18,30,33,150,60.9375,0.146484375000006,0.146484375000006,0.146484375000006,0.146484375000006,211.5234375,0.909153862589295,99.9788451894647,5,6,1,13,7.86594952388639e-13,1,2,1
P2/D2,706,14,16,30,18,17,33,14,16,17,18,30,33,150,60.9375,0.146484375000006,0.146484375000006,0.146484375000006,0.146484375000006,211.5234375,0.909153862589295,99.9788451894647,5,6,1,13,7.86594952388639e-13,1,2,1
P2/D2,707,14,16,30,17,33,18,14,16,17,18,30,33,150,60.9375,0.146484375000006,0.146484375000006,0.146484375000006,0.146484375000006,211.5234375,0.909153862589295,99.9788451894647,5,6,1,13,7.86594952388639e-13,1,2,1
P2/D2,708,14,16,30,17,18,33,14,16,17,18,30,33,150,60.9375,0.146484375000006,0.146484375000006,0.146484375000006,0.146484375000006,211.5234375,0.909153862589295,99.9788451894647,5,6,1,13,7.86594952388639e-13,1,2,1
P2/D2,709,14,16,18,33,30,17,14,16,17,18,30,33,150,60.9375,0.146484375000006,0.146484375000006,0.146484375000006,0.146484375000006,211.5234375,0.909153862589295,99.9788451894647,5,6,1,13,7.86594952388639e-13,1,2,1
P2/D2,710,14,16,18,33,17,30,14,16,17,18,30,33,150,60.9375,0.146484375000006,0.146484375000006,0.146484375000006,0.146484375000006,211.5234375,0.909153862589295,99.9788451894647,5,6,1,13,7.86594952388639e-13,1,2,1
P2/D2,711,14,16,18,30,33,17,14,16,17,18,30,33,150,60.9375,0.146484375000006,0.146484375000006,0.146484375000006,0.146484375000006,211.5234375,0.909153862589295,99.9788451894647,5,6,1,13,7.86594952388639e-13,1,2,1
P2/D2,712,14,16,18,30,17,33,14,16,17,18,30,33,150,60.9375,0.146484375000006,0.146484375000006,0.146484375000006,0.146484375000006,211.5234375,0.909153862589295,99.9788451894647,5,6,1,13,7.86594952388639e-13,1,2,1
P2/D2,713,14,16,18,17,33,30,14,16,17,18,30,33,150,60.9375,0.146484375000006,0.146484375000006,0.146484375000006,0.146484375000006,211.5234375,0.909153862589295,99.9788451894647,5,6,1,13,7.86594952388639e-13,1,2,1
P2/D2,714,14,16,18,17,30,33,14,16,17,18,30,33,150,60.9375,0.146484375000006,0.146484375000006,0.146484375000006,0.146484375000006,211.5234375,0.909153862589295,99.9788451894647,5,6,1,13,7.86594952388639e-13,1,2,1
P2/D2,715,14,16,17,33,30,18,14,16,17,18,30,33,150,60.9375,0.146484375000006,0.146484375000006,0.146484375000006,0.146484375000006,211.5234375,0.909153862589295,99.9788451894647,5,6,1,13,7.86594952388639e-13,1,2,1
P2/D2,716,14,16,17,33,18,30,14,16,17,18,30,33,150,60.9375,0.146484375000006,0.146484375000006,0.146484375000006,0.146484375000006,211.5234375,0.909153862589295,99.9788451894647,5,6,1,13,7.86594952388639e-13,1,2,1
P2/D2,717,14,16,17,30,33,18,14,16,17,18,30,33,150,60.9375,0.146484375000006,0.146484375000006,0.146484375000006,0.146484375000006,211.5234375,0.909153862589295,99.9788451894647,5,6,1,13,7.86594952388639e-13,1,2,1
P2/D2,718,14,16,17,30,18,33,14,16,17,18,30,33,150,60.9375,0.146484375000006,0.146484375000006,0.146484375000006,0.146484375000006,211.5234375,0.909153862589295,99.9788451894647,5,6,1,13,7.86594952388639e-13,1,2,1
P2/D2,719,14,16,17,18,33,30,14,16,17,18,30,33,150,60.9375,0.146484375000006,0.146484375000006,0.146484375000006,0.146484375000006,211.5234375,0.909153862589295,99.9788451894647,5,6,1,13,7.86594952388639e-13,1,2,1
P2/D2,720,14,16,17,18,30,33,14,16,17,18,30,33,150,60.9375,0.146484375000006,0.146484375000006,0.146484375000006,0.146484375000006,211.5234375,0.909153862589295,99.9788451894647,5,6,1,13,7.86594952388639e-13,1,2,1
P2/D3,1,33,30,18,17,16,14,14,16,17,18,30,33,0.190429687499993,0.190429687499993,0.190429687499993,178.4326171875,195,195,569.00390625,0.897035294441213,99.9807751352887,5,6,1,14,3.76181768816709e-13,1,2,1
P2/D3,2,33,30,18,17,14,16,14,16,17,18,30,33,0.190429687499993,0.190429687499993,0.190429687499993,178.4326171875,195,195,569.00390625,0.897035294441213,99.9807751352887,5,6,1,14,3.76181768816709e-13,1,2,1
P2/D3,3,33,30,18,16,17,14,14,16,17,18,30,33,0.190429687499993,0.190429687499993,0.190429687499993,178.4326171875,195,195,569.00390625,0.897035294441213,99.9807751352887,5,6,1,14,3.76181768816709e-13,1,2,1
P2/D3,4,33,30,18,16,14,17,14,16,17,18,30,33,0.190429687499993,0.190429687499993,0.190429687499993,178.4326171875,195,195,569.00390625,0.897035294441213,99.9807751352887,5,6,1,14,3.76181768816709e-13,1,2,1
P2/D3,5,33,30,18,14,17,16,14,16,17,18,30,33,0.190429687499993,0.190429687499993,0.190429687499993,178.4326171875,195,195,569.00390625,0.897035294441213,99.9807751352887,5,6,1,14,3.76181768816709e-13,1,2,1
P2/D3,6,33,30,18,14,16,17,14,16,17,18,30,33,0.190429687499993,0.190429687499993,0.190429687499993,178.4326171875,195,195,569.00390625,0.897035294441213,99.9807751352887,5,6,1,14,3.76181768816709e-13,1,2,1
P2/D3,7,33,30,17,18,16,14,14,16,17,18,30,33,0.190429687499993,0.190429687499993,179.00390625,0.190429687499993,195,195,569.5751953125,0.89611896055109,99.9817670796765,5,6,1,14,3.95306415975483e-13,1,2,1
P2/D3,8,33,30,17,18,14,16,14,16,17,18,30,33,0.190429687499993,0.190429687499993,179.00390625,0.190429687499993,195,195,569.5751953125,0.89611896055109,99.9817670796765,5,6,1,14,3.95306415975483e-13,1,2,1
P2/D3,9,33,30,17,16,18,14,14,16,17,18,30,33,0.190429687499993,0.190429687499993,179.00390625,0.190429687499993,195,195,569.5751953125,0.89611896055109,99.9817670796765,5,6,1,14,3.95306415975483e-13,1,2,1
P2/D3,10,33,30,17,16,14,18,14,16,17,18,30,33,0.190429687499993,0.190429687499993,179.00390625,0.190429687499993,195,195,569.5751953125,0.89611896055109,99.9817670796765,5,6,1,14,3.95306415975483e-13,1,2,1
P2/D3,11,33,30,17,14,18,16,14,16,17,18,30,33,0.190429687499993,0.190429687499993,179.00390625,0.190429687499993,195,195,569.5751953125,0.89611896055109,99.9817670796765,5,6,1,14,3.95306415975483e-13,1,2,1
P2/D3,12,33,30,17,14,16,18,14,16,17,18,30,33,0.190429687499993,0.190429687499993,179.00390625,0.190429687499993,195,195,569.5751953125,0.89611896055109,99.9817670796765,5,6,1,14,3.95306415975483e-13,1,2,1
P2/D3,13,33,30,16,18,17,14,14,16,17,18,30,33,0.190429687499993,182.05078125,0.190429687499993,0.190429687499993,195,195,572.6220703125,0.894477692571423,99.9822324088688,5,6,1,14,4.9042830260296e-13,1,2,1
P2/D3,14,33,30,16,18,14,17,14,16,17,18,30,33,0.190429687499993,182.05078125,0.190429687499993,0.190429687499993,195,195,572.6220703125,0.894477692571423,99.9822324088688,5,6,1,14,4.9042830260296e-13,1,2,1
P2/D3,15,33,30,16,17,18,14,14,16,17,18,30,33,0.190429687499993,182.05078125,0.190429687499993,0.190429687499993,195,195,572.6220703125,0.894477692571423,99.9822324088688,5,6,1,14,4.9042830260296e-13,1,2,1
P2/D3,16,33,30,16,17,14,18,14,16,17,18,30,33,0.190429687499993,182.05078125,0.190429687499993,0.190429687499993,195,195,572.6220703125,0.894477692571423,99.9822324088688,5,6,1,14,4.9042830260296e-13,1,2,1
P2/D3,17,33,30,16,14,18,17,14,16,17,18,30,33,0.190429687499993,182.05078125,0.190429687499993,0.190429687499993,195,195,572.6220703125,0.894477692571423,99.9822324088688,5,6,1,14,4.9042830260296e-13,1,2,1
P2/D3,18,33,30,16,14,17,18,14,16,17,18,30,33,0.190429687499993,182.05078125,0.190429687499993,0.190429687499993,195,195,572.6220703125,0.894477692571423,99.9822324088688,5,6,1,14,4.9042830260296e-13,1,2,1
P2/D3,19,33,30,14,18,17,16,14,16,17,18,30,33,186.4306640625,0.190429687499993,0.190429687499993,0.190429687499993,195,195,577.001953125,0.892754848252077,99.979055381612,5,6,1,14,6.33394697242031e-13,1,2,1
P2/D3,20,33,30,14,18,16,17,14,16,17,18,30,33,186.4306640625,0.190429687499993,0.190429687499993,0.190429687499993,195,195,577.001953125,0.892754848252077,99.979055381612,5,6,1,14,6.33394697242031e-13,1,2,1
P2/D3,21,33,30,14,17,18,16,14,16,17,18,30,33,186.4306640625,0.190429687499993,0.190429687499993,0.190429687499993,195,195,577.001953125,0.892754848252077,99.979055381612,5,6,1,14,6.33394697242031e-13,1,2,1
P2/D3,22,33,30,14,17,16,18,14,16,17,18,30,33,186.4306640625,0.190429687499993,0.190429687499993,0.190429687499993,195,195,577.001953125,0.892754848252077,99.979055381612,5,6,1,14,6.33394697242031e-13,1,2,1
P2/D3,23,33,30,14,16,18,17,14,16,17,18,30,33,186.4306640625,0.190429687499993,0.190429687499993,0.190429687499993,195,195,577.001953125,0.892754848252077,99.979055381612,5,6,1,14,6.33394697242031e-13,1,2,1
P2/D3,24,33,30,14,16,17,18,14,16,17,18,30,33,186.4306640625,0.190429687499993,0.190429687499993,0.190429687499993,195,195,577.001953125,0.892754848252077,99.979055381612,5,6,1,14,6.33394697242031e-13,1,2,1
P2/D3,25,33,18,30,17,16,14,14,16,17,18,30,33,0.190429687499993,0.190429687499993,0.190429687499993,195,175.1953125,195,565.7666015625,0.89828951043089,99.9808227093466,5,6,1,14,3.21621528754678e-13,1,2,1
P2/D3,26,33,18,30,17,14,16,14,16,17,18,30,33,0.190429687499993,0.190429687499993,0.190429687499993,195,175.1953125,195,565.7666015625,0.89828951043089,99.9808227093466,5,6,1,14,3.21621528754678e-13,1,2,1
P2/D3,27,33,18,30,16,17,14,14,16,17,18,30,33,0.190429687499993,0.190429687499993,0.190429687499993,195,175.1953125,195,565.7666015625,0.89828951043089,99.9808227093466,5,6,1,14,3.21621528754678e-13,1,2,1
P2/D3,28,33,18,30,16,14,17,14,16,17,18,30,33,0.190429687499993,0.190429687499993,0.190429687499993,195,175.1953125,195,565.7666015625,0.89828951043089,99.9808227093466,5,6,1,14,3.21621528754678e-13,1,2,1
P2/D3,29,33,18,30,14,17,16,14,16,17,18,30,33,0.190429687499993,0.190429687499993,0.190429687499993,195,175.1953125,195,565.7666015625,0.89828951043089,99.9808227093466,5,6,1,14,3.21621528754678e-13,1,2,1
P2/D3,30,33,18,30,14,16,17,14,16,17,18,30,33,0.190429687499993,0.190429687499993,0.190429687499993,195,175.1953125,195,565.7666015625,0.89828951043089,99.9808227093466,5,6,1,14,3.21621528754678e-13,1,2,1
P2/D3,31,33,18,17,30,16,14,14,16,17,18,30,33,0.190429687499993,0.190429687499993,150.8203125,195,0.190429687499993,195,541.3916015625,0.908717299586915,99.9795594817045,5,6,1,13,7.5488984542933e-13,1,2,1
P2/D3,32,33,18,17,30,14,16,14,16,17,18,30,33,0.190429687499993,0.190429687499993,150.8203125,195,0.190429687499993,195,541.3916015625,0.908717299586915,99.9795594817045,5,6,1,13,7.5488984542933e-13,1,2,1
P2/D3,33,33,18,17,16,30,14,14,16,17,18,30,33,0.190429687499993,0.190429687499993,150.8203125,195,0.190429687499993,195,541.3916015625,0.908717299586915,99.9795594817045,5,6,1,13,7.5488984542933e-13,1,2,1
P2/D3,34,33,18,17,16,14,30,14,16,17,18,30,33,0.190429687499993,0.190429687499993,150.8203125,195,0.190429687499993,195,541.3916015625,0.908717299586915,99.9795594817045,5,6,1,13,7.5488984542933e-13,1,2,1
P2/D3,35,33,18,17,14,30,16,14,16,17,18,30,33,0.190429687499993,0.190429687499993,150.8203125,195,0.190429687499993,195,541.3916015625,0.908717299586915,99.9795594817045,5,6,1,13,7.5488984542933e-13,1,2,1
P2/D3,36,33,18,17,14,16,30,14,16,17,18,30,33,0.190429687499993,0.190429687499993,150.8203125,195,0.190429687499993,195,541.3916015625,0.908717299586915,99.9795594817045,5,6,1,13,7.5488984542933e-13,1,2,1
P2/D3,37,33,18,16,30,17,14,14,16,17,18,30,33,0.190429687499993,152.34375,0.190429687499993,195,0.190429687499993,195,542.9150390625,0.907367706213535,99.9792240408873,5,6,1,13,8.4790056221452e-13,1,2,1
P2/D3,38,33,18,16,30,14,17,14,16,17,18,30,33,0.190429687499993,152.34375,0.190429687499993,195,0.190429687499993,195,542.9150390625,0.907367706213535,99.9792240408873,5,6,1,13,8.4790056221452e-13,1,2,1
P2/D3,39,33,18,16,17,30,14,14,16,17,18,30,33,0.190429687499993,152.34375,0.190429687499993,195,0.190429687499993,195,542.9150390625,0.907367706213535,99.9792240408873,5,6,1,13,8.4790056221452e-13,1,2,1
P2/D3,40,33,18,16,17,14,30,14,16,17,18,30,33,0.190429687499993,152.34375,0.190429687499993,195,0.190429687499993,195,542.9150390625,0.907367706213535,99.9792240408873,5,6,1,13,8.4790056221452e-13,1,2,1
P2/D3,41,33,18,16,14,30,17,14,16,17,18,30,33,0.190429687499993,152.34375,0.190429687499993,195,0.190429687499993,195,542.9150390625,0.907367706213535,99.9792240408873,5,6,1,13,8.4790056221452e-13,1,2,1
P2/D3,42,33,18,16,14,17,30,14,16,17,18,30,33,0.190429687499993,152.34375,0.190429687499993,195,0.190429687499993,195,542.9150390625,0.907367706213535,99.9792240408873,5,6,1,13,8.4790056221452e-13,1,2,1
P2/D3,43,33,18,14,30,17,16,14,16,17,18,30,33,154.8193359375,0.190429687499993,0.190429687499993,195,0.190429687499993,195,545.390625,0.905937684096073,99.9836302842338,5,6,1,14,1.19886047441038e-13,1,2,1
P2/D3,44,33,18,14,30,16,17,14,16,17,18,30,33,154.8193359375,0.190429687499993,0.190429687499993,195,0.190429687499993,195,545.390625,0.905937684096073,99.9836302842338,5,6,1,14,1.19886047441038e-13,1,2,1
P2/D3,45,33,18,14,17,30,16,14,16,17,18,30,33,154.8193359375,0.190429687499993,0.190429687499993,195,0.190429687499993,195,545.390625,0.905937684096073,99.9836302842338,5,6,1,14,1.19886047441038e-13,1,2,1
P2/D3,46,33,18,14,17,16,30,14,16,17,18,30,33,154.8193359375,0.190429687499993,0.190429687499993,195,0.190429687499993,195,545.390625,0.905937684096073,99.9836302842338,5,6,1,14,1.19886047441038e-13,1,2,1
P2/D3,47,33,18,14,16,30,17,14,16,17,18,30,33,154.8193359375,0.190429687499993,0.190429687499993,195,0.190429687499993,195,545.390625,0.905937684096073,99.9836302842338,5,6,1,14,1.19886047441038e-13,1,2,1
P2/D3,48,33,18,14,16,17,30,14,16,17,18,30,33,154.8193359375,0.190429687499993,0.190429687499993,195,0.190429687499993,195,545.390625,0.905937684096073,99.9836302842338,5,6,1,14,1.19886047441038e-13,1,2,1
P2/D3,49,33,17,30,18,16,14,14,16,17,18,30,33,0.190429687499993,0.190429687499993,195,0.190429687499993,175.95703125,195,566.5283203125,0.897248598922777,99.9805289767921,5,6,1,14,3.41517800219167e-13,1,2,1
P2/D3,50,33,17,30,18,14,16,14,16,17,18,30,33,0.190429687499993,0.190429687499993,195,0.190429687499993,175.95703125,195,566.5283203125,0.897248598922777,99.9805289767921,5,6,1,14,3.41517800219167e-13,1,2,1
P2/D3,51,33,17,30,16,18,14,14,16,17,18,30,33,0.190429687499993,0.190429687499993,195,0.190429687499993,175.95703125,195,566.5283203125,0.897248598922777,99.9805289767921,5,6,1,14,3.41517800219167e-13,1,2,1
P2/D3,52,33,17,30,16,14,18,14,16,17,18,30,33,0.190429687499993,0.190429687499993,195,0.190429687499993,175.95703125,195,566.5283203125,0.897248598922777,99.9805289767921,5,6,1,14,3.41517800219167e-13,1,2,1
P2/D3,53,33,17,30,14,18,16,14,16,17,18,30,33,0.190429687499993,0.190429687499993,195,0.190429687499993,175.95703125,195,566.5283203125,0.897248598922777,99.9805289767921,5,6,1,14,3.41517800219167e-13,1,2,1
P2/D3,54,33,17,30,14,16,18,14,16,17,18,30,33,0.190429687499993,0.190429687499993,195,0.190429687499993,175.95703125,195,566.5283203125,0.897248598922777,99.9805289767921,5,6,1,14,3.41517800219167e-13,1,2,1
P2/D3,55,33,17,18,30,16,14,14,16,17,18,30,33,0.190429687499993,0.190429687499993,195,150.8203125,0.190429687499993,195,541.3916015625,0.908487161458959,99.9820545582158,5,6,1,13,7.62096566379529e-13,1,2,1
P2/D3,56,33,17,18,30,14,16,14,16,17,18,30,33,0.190429687499993,0.190429687499993,195,150.8203125,0.190429687499993,195,541.3916015625,0.908487161458959,99.9820545582158,5,6,1,13,7.62096566379529e-13,1,2,1
P2/D3,57,33,17,18,16,30,14,14,16,17,18,30,33,0.190429687499993,0.190429687499993,195,150.8203125,0.190429687499993,195,541.3916015625,0.908487161458959,99.9820545582158,5,6,1,13,7.62096566379529e-13,1,2,1
P2/D3,58,33,17,18,16,14,30,14,16,17,18,30,33,0.190429687499993,0.190429687499993,195,150.8203125,0.190429687499993,195,541.3916015625,0.908487161458959,99.9820545582158,5,6,1,13,7.62096566379529e-13,1,2,1
P2/D3,59,33,17,18,14,30,16,14,16,17,18,30,33,0.190429687499993,0.190429687499993,195,150.8203125,0.190429687499993,195,541.3916015625,0.908487161458959,99.9820545582158,5,6,1,13,7.62096566379529e-13,1,2,1
P2/D3,60,33,17,18,14,16,30,14,16,17,18,30,33,0.190429687499993,0.190429687499993,195,150.8203125,0.190429687499993,195,541.3916015625,0.908487161458959,99.9820545582158,5,6,1,13,7.62096566379529e-13,1,2,1
P2/D3,61,33,17,16,30,18,14,14,16,17,18,30,33,0.190429687499993,152.9150390625,195,0.190429687499993,0.190429687499993,195,543.486328125,0.906371016738772,99.9809362323418,5,6,1,13,8.95191916574715e-13,1,2,1
P2/D3,62,33,17,16,30,14,18,14,16,17,18,30,33,0.190429687499993,152.9150390625,195,0.190429687499993,0.190429687499993,195,543.486328125,0.906371016738772,99.9809362323418,5,6,1,13,8.95191916574715e-13,1,2,1
P2/D3,63,33,17,16,18,30,14,14,16,17,18,30,33,0.190429687499993,152.9150390625,195,0.190429687499993,0.190429687499993,195,543.486328125,0.906371016738772,99.9809362323418,5,6,1,13,8.95191916574715e-13,1,2,1
P2/D3,64,33,17,16,18,14,30,14,16,17,18,30,33,0.190429687499993,152.9150390625,195,0.190429687499993,0.190429687499993,195,543.486328125,0.906371016738772,99.9809362323418,5,6,1,13,8.95191916574715e-13,1,2,1
P2/D3,65,33,17,16,14,30,18,14,16,17,18,30,33,0.190429687499993,152.9150390625,195,0.190429687499993,0.190429687499993,195,543.486328125,0.906371016738772,99.9809362323418,5,6,1,13,8.95191916574715e-13,1,2,1
P2/D3,66,33,17,16,14,18,30,14,16,17,18,30,33,0.190429687499993,152.9150390625,195,0.190429687499993,0.190429687499993,195,543.486328125,0.906371016738772,99.9809362323418,5,6,1,13,8.95191916574715e-13,1,2,1
P2/D3,67,33,17,14,30,18,16,14,16,17,18,30,33,155.5810546875,0.190429687499993,195,0.190429687499993,0.190429687499993,195,546.15234375,0.904946053944761,99.9801851072826,5,6,1,14,1.2693059464604e-13,1,2,1
P2/D3,68,33,17,14,30,16,18,14,16,17,18,30,33,155.5810546875,0.190429687499993,195,0.190429687499993,0.190429687499993,195,546.15234375,0.904946053944761,99.9801851072826,5,6,1,14,1.2693059464604e-13,1,2,1
P2/D3,69,33,17,14,18,30,16,14,16,17,18,30,33,155.5810546875,0.190429687499993,195,0.190429687499993,0.190429687499993,195,546.15234375,0.904946053944761,99.9801851072826,5,6,1,14,1.2693059464604e-13,1,2,1
P2/D3,70,33,17,14,18,16,30,14,16,17,18,30,33,155.5810546875,0.190429687499993,195,0.190429687499993,0.190429687499993,195,546.15234375,0.904946053944761,99.9801851072826,5,6,1,14,1.2693059464604e-13,1,2,1
P2/D3,71,33,17,14,16,30,18,14,16,17,18,30,33,155.5810546875,0.190429687499993,195,0.190429687499993,0.190429687499993,195,546.15234375,0.904946053944761,99.9801851072826,5,6,1,14,1.2693059464604e-13,1,2,1
P2/D3,72,33,17,14,16,18,30,14,16,17,18,30,33,155.5810546875,0.190429687499993,195,0.190429687499993,0.190429687499993,195,546.15234375,0.904946053944761,99.9801851072826,5,6,1,14,1.2693059464604e-13,1,2,1
P2/D3,73,33,16,30,18,17,14,14,16,17,18,30,33,0.190429687499993,195,0.190429687499993,0.190429687499993,179.765625,195,570.3369140625,0.895265422623184,99.9815242046458,5,6,1,14,4.42749019113878e-13,1,2,1
P2/D3,74,33,16,30,18,14,17,14,16,17,18,30,33,0.190429687499993,195,0.190429687499993,0.190429687499993,179.765625,195,570.3369140625,0.895265422623184,99.9815242046458,5,6,1,14,4.42749019113878e-13,1,2,1
P2/D3,75,33,16,30,17,18,14,14,16,17,18,30,33,0.190429687499993,195,0.190429687499993,0.190429687499993,179.765625,195,570.3369140625,0.895265422623184,99.9815242046458,5,6,1,14,4.42749019113878e-13,1,2,1
P2/D3,76,33,16,30,17,14,18,14,16,17,18,30,33,0.190429687499993,195,0.190429687499993,0.190429687499993,179.765625,195,570.3369140625,0.895265422623184,99.9815242046458,5,6,1,14,4.42749019113878e-13,1,2,1
P2/D3,77,33,16,30,14,18,17,14,16,17,18,30,33,0.190429687499993,195,0.190429687499993,0.190429687499993,179.765625,195,570.3369140625,0.895265422623184,99.9815242046458,5,6,1,14,4.42749019113878e-13,1,2,1
P2/D3,78,33,16,30,14,17,18,14,16,17,18,30,33,0.190429687499993,195,0.190429687499993,0.190429687499993,179.765625,195,570.3369140625,0.895265422623184,99.9815242046458,5,6,1,14,4.42749019113878e-13,1,2,1
P2/D3,79,33,16,18,30,17,14,14,16,17,18,30,33,0.190429687499993,195,0.190429687499993,152.9150390625,0.190429687499993,195,543.486328125,0.906768472963526,99.9817072922561,5,6,1,13,8.92096966750248e-13,1,2,1
P2/D3,80,33,16,18,30,14,17,14,16,17,18,30,33,0.190429687499993,195,0.190429687499993,152.9150390625,0.190429687499993,195,543.486328125,0.906768472963526,99.9817072922561,5,6,1,13,8.92096966750248e-13,1,2,1
P2/D3,81,33,16,18,17,30,14,14,16,17,18,30,33,0.190429687499993,195,0.190429687499993,152.9150390625,0.190429687499993,195,543.486328125,0.906768472963526,99.9817072922561,5,6,1,13,8.92096966750248e-13,1,2,1
P2/D3,82,33,16,18,17,14,30,14,16,17,18,30,33,0.190429687499993,195,0.190429687499993,152.9150390625,0.190429687499993,195,543.486328125,0.906768472963526,99.9817072922561,5,6,1,13,8.92096966750248e-13,1,2,1
P2/D3,83,33,16,18,14,30,17,14,16,17,18,30,33,0.190429687499993,195,0.190429687499993,152.9150390625,0.190429687499993,195,543.486328125,0.906768472963526,99.9817072922561,5,6,1,13,8.92096966750248e-13,1,2,1
P2/D3,84,33,16,18,14,17,30,14,16,17,18,30,33,0.190429687499993,195,0.190429687499993,152.9150390625,0.190429687499993,195,543.486328125,0.906768472963526,99.9817072922561,5,6,1,13,8.92096966750248e-13,1,2,1
P2/D3,85,33,16,17,30,18,14,14,16,17,18,30,33,0.190429687499993,195,153.486328125,0.190429687499993,0.190429687499993,195,544.0576171875,0.905996697005888,99.980837409557,5,6,1,13,9.33416389741811e-13,1,2,1
P2/D3,86,33,16,17,30,14,18,14,16,17,18,30,33,0.190429687499993,195,153.486328125,0.190429687499993,0.190429687499993,195,544.0576171875,0.905996697005888,99.980837409557,5,6,1,13,9.33416389741811e-13,1,2,1
P2/D3,87,33,16,17,18,30,14,14,16,17,18,30,33,0.190429687499993,195,153.486328125,0.190429687499993,0.190429687499993,195,544.0576171875,0.905996697005888,99.980837409557,5,6,1,13,9.33416389741811e-13,1,2,1
P2/D3,88,33,16,17,18,14,30,14,16,17,18,30,33,0.190429687499993,195,153.486328125,0.190429687499993,0.190429687499993,195,544.0576171875,0.905996697005888,99.980837409557,5,6,1,13,9.33416389741811e-13,1,2,1
P2/D3,89,33,16,17,14,30,18,14,16,17,18,30,33,0.190429687499993,195,153.486328125,0.190429687499993,0.190429687499993,195,544.0576171875,0.905996697005888,99.980837409557,5,6,1,13,9.33416389741811e-13,1,2,1
P2/D3,90,33,16,17,14,18,30,14,16,17,18,30,33,0.190429687499993,195,153.486328125,0.190429687499993,0.190429687499993,195,544.0576171875,0.905996697005888,99.980837409557,5,6,1,13,9.33416389741811e-13,1,2,1
P2/D3,91,33,16,14,30,18,17,14,16,17,18,30,33,158.818359375,195,0.190429687499993,0.190429687499993,0.190429687499993,195,549.3896484375,0.903143425043646,99.9820243519227,5,6,1,14,1.63652111788472e-13,1,2,1
P2/D3,92,33,16,14,30,17,18,14,16,17,18,30,33,158.818359375,195,0.190429687499993,0.190429687499993,0.190429687499993,195,549.3896484375,0.903143425043646,99.9820243519227,5,6,1,14,1.63652111788472e-13,1,2,1
P2/D3,93,33,16,14,18,30,17,14,16,17,18,30,33,158.818359375,195,0.190429687499993,0.190429687499993,0.190429687499993,195,549.3896484375,0.903143425043646,99.9820243519227,5,6,1,14,1.63652111788472e-13,1,2,1
P2/D3,94,33,16,14,18,17,30,14,16,17,18,30,33,158.818359375,195,0.190429687499993,0.190429687499993,0.190429687499993,195,549.3896484375,0.903143425043646,99.9820243519227,5,6,1,14,1.63652111788472e-13,1,2,1
P2/D3,95,33,16,14,17,30,18,14,16,17,18,30,33,158.818359375,195,0.190429687499993,0.190429687499993,0.190429687499993,195,549.3896484375,0.903143425043646,99.9820243519227,5,6,1,14,1.63652111788472e-13,1,2,1
P2/D3,96,33,16,14,17,18,30,14,16,17,18,30,33,158.818359375,195,0.190429687499993,0.190429687499993,0.190429687499993,195,549.3896484375,0.903143425043646,99.9820243519227,5,6,1,14,1.63652111788472e-13,1,2,1
P2/D3,97,33,14,30,18,17,16,14,16,17,18,30,33,195,0.190429687499993,0.190429687499993,0.190429687499993,185.09765625,195,575.6689453125,0.893187134281878,99.9789201671939,5,6,1,14,5.99527714524265e-13,1,2,1
P2/D3,98,33,14,30,18,16,17,14,16,17,18,30,33,195,0.190429687499993,0.190429687499993,0.190429687499993,185.09765625,195,575.6689453125,0.893187134281878,99.9789201671939,5,6,1,14,5.99527714524265e-13,1,2,1
P2/D3,99,33,14,30,17,18,16,14,16,17,18,30,33,195,0.190429687499993,0.190429687499993,0.190429687499993,185.09765625,195,575.6689453125,0.893187134281878,99.9789201671939,5,6,1,14,5.99527714524265e-13,1,2,1
P2/D3,100,33,14,30,17,16,18,14,16,17,18,30,33,195,0.190429687499993,0.190429687499993,0.190429687499993,185.09765625,195,575.6689453125,0.893187134281878,99.9789201671939,5,6,1,14,5.99527714524265e-13,1,2,1
P2/D3,101,33,14,30,16,18,17,14,16,17,18,30,33,195,0.190429687499993,0.190429687499993,0.190429687499993,185.09765625,195,575.6689453125,0.893187134281878,99.9789201671939,5,6,1,14,5.99527714524265e-13,1,2,1
P2/D3,102,33,14,30,16,17,18,14,16,17,18,30,33,195,0.190429687499993,0.190429687499993,0.190429687499993,185.09765625,195,575.6689453125,0.893187134281878,99.9789201671939,5,6,1,14,5.99527714524265e-13,1,2,1
P2/D3,103,33,14,18,30,17,16,14,16,17,18,30,33,195,0.190429687499993,0.190429687499993,156.3427734375,0.190429687499993,195,546.9140625,0.905033262409067,99.9799560209817,5,6,1,14,1.32603558819602e-13,1,2,1
P2/D3,104,33,14,18,30,16,17,14,16,17,18,30,33,195,0.190429687499993,0.190429687499993,156.3427734375,0.190429687499993,195,546.9140625,0.905033262409067,99.9799560209817,5,6,1,14,1.32603558819602e-13,1,2,1
P2/D3,105,33,14,18,17,30,16,14,16,17,18,30,33,195,0.190429687499993,0.190429687499993,156.3427734375,0.190429687499993,195,546.9140625,0.905033262409067,99.9799560209817,5,6,1,14,1.32603558819602e-13,1,2,1
P2/D3,106,33,14,18,17,16,30,14,16,17,18,30,33,195,0.190429687499993,0.190429687499993,156.3427734375,0.190429687499993,195,546.9140625,0.905033262409067,99.9799560209817,5,6,1,14,1.32603558819602e-13,1,2,1
P2/D3,107,33,14,18,16,30,17,14,16,17,18,30,33,195,0.190429687499993,0.190429687499993,156.3427734375,0.190429687499993,195,546.9140625,0.905033262409067,99.9799560209817,5,6,1,14,1.32603558819602e-13,1,2,1
P2/D3,108,33,14,18,16,17,30,14,16,17,18,30,33,195,0.190429687499993,0.190429687499993,156.3427734375,0.190429687499993,195,546.9140625,0.905033262409067,99.9799560209817,5,6,1,14,1.32603558819602e-13,1,2,1
P2/D3,109,33,14,17,30,18,16,14,16,17,18,30,33,195,0.190429687499993,156.9140625,0.190429687499993,0.190429687499993,195,547.4853515625,0.904241834895896,99.9793509030235,5,6,1,14,1.39311491874534e-13,1,2,1
P2/D3,110,33,14,17,30,16,18,14,16,17,18,30,33,195,0.190429687499993,156.9140625,0.190429687499993,0.190429687499993,195,547.4853515625,0.904241834895896,99.9793509030235,5,6,1,14,1.39311491874534e-13,1,2,1
P2/D3,111,33,14,17,18,30,16,14,16,17,18,30,33,195,0.190429687499993,156.9140625,0.190429687499993,0.190429687499993,195,547.4853515625,0.904241834895896,99.9793509030235,5,6,1,14,1.39311491874534e-13,1,2,1
P2/D3,112,33,14,17,18,16,30,14,16,17,18,30,33,195,0.190429687499993,156.9140625,0.190429687499993,0.190429687499993,195,547.4853515625,0.904241834895896,99.9793509030235,5,6,1,14,1.39311491874534e-13,1,2,1
P2/D3,113,33,14,17,16,30,18,14,16,17,18,30,33,195,0.190429687499993,156.9140625,0.190429687499993,0.190429687499993,195,547.4853515625,0.904241834895896,99.9793509030235,5,6,1,14,1.39311491874534e-13,1,2,1
P2/D3,114,33,14,17,16,18,30,14,16,17,18,30,33,195,0.190429687499993,156.9140625,0.190429687499993,0.190429687499993,195,547.4853515625,0.904241834895896,99.9793509030235,5,6,1,14,1.39311491874534e-13,1,2,1
P2/D3,115,33,14,16,30,18,17,14,16,17,18,30,33,195,159.580078125,0.190429687499993,0.190429687499993,0.190429687499993,195,550.1513671875,0.902813362817731,99.9809023186382,5,6,1,14,1.71793429695013e-13,1,2,1
P2/D3,116,33,14,16,30,17,18,14,16,17,18,30,33,195,159.580078125,0.190429687499993,0.190429687499993,0.190429687499993,195,550.1513671875,0.902813362817731,99.9809023186382,5,6,1,14,1.71793429695013e-13,1,2,1
P2/D3,117,33,14,16,18,30,17,14,16,17,18,30,33,195,159.580078125,0.190429687499993,0.190429687499993,0.190429687499993,195,550.1513671875,0.902813362817731,99.9809023186382,5,6,1,14,1.71793429695013e-13,1,2,1
P2/D3,118,33,14,16,18,17,30,14,16,17,18,30,33,195,159.580078125,0.190429687499993,0.190429687499993,0.190429687499993,195,550.1513671875,0.902813362817731,99.9809023186382,5,6,1,14,1.71793429695013e-13,1,2,1
P2/D3,119,33,14,16,17,30,18,14,16,17,18,30,33,195,159.580078125,0.190429687499993,0.190429687499993,0.190429687499993,195,550.1513671875,0.902813362817731,99.9809023186382,5,6,1,14,1.71793429695013e-13,1,2,1
P2/D3,120,33,14,16,17,18,30,14,16,17,18,30,33,195,159.580078125,0.190429687499993,0.190429687499993,0.190429687499993,195,550.1513671875,0.902813362817731,99.9809023186382,5,6,1,14,1.71793429695013e-13,1,2,1
P2/D3,121,30,33,18,17,16,14,14,16,17,18,30,33,0.190429687499993,0.190429687499993,0.190429687499993,178.4326171875,195,195,569.00390625,0.897035294441213,99.9807751352887,5,6,1,14,3.76181768816709e-13,1,2,1
P2/D3,122,30,33,18,17,14,16,14,16,17,18,30,33,0.190429687499993,0.190429687499993,0.190429687499993,178.4326171875,195,195,569.00390625,0.897035294441213,99.9807751352887,5,6,1,14,3.76181768816709e-13,1,2,1
P2/D3,123,30,33,18,16,17,14,14,16,17,18,30,33,0.190429687499993,0.190429687499993,0.190429687499993,178.4326171875,195,195,569.00390625,0.897035294441213,99.9807751352887,5,6,1,14,3.76181768816709e-13,1,2,1
P2/D3,124,30,33,18,16,14,17,14,16,17,18,30,33,0.190429687499993,0.190429687499993,0.190429687499993,178.4326171875,195,195,569.00390625,0.897035294441213,99.9807751352887,5,6,1,14,3.76181768816709e-13,1,2,1
P2/D3,125,30,33,18,14,17,16,14,16,17,18,30,33,0.190429687499993,0.190429687499993,0.190429687499993,178.4326171875,195,195,569.00390625,0.897035294441213,99.9807751352887,5,6,1,14,3.76181768816709e-13,1,2,1
P2/D3,126,30,33,18,14,16,17,14,16,17,18,30,33,0.190429687499993,0.190429687499993,0.190429687499993,178.4326171875,195,195,569.00390625,0.897035294441213,99.9807751352887,5,6,1,14,3.76181768816709e-13,1,2,1
P2/D3,127,30,33,17,18,16,14,14,16,17,18,30,33,0.190429687499993,0.190429687499993,179.00390625,0.190429687499993,195,195,569.5751953125,0.89611896055109,99.9817670796765,5,6,1,14,3.95306415975483e-13,1,2,1
P2/D3,128,30,33,17,18,14,16,14,16,17,18,30,33,0.190429687499993,0.190429687499993,179.00390625,0.190429687499993,195,195,569.5751953125,0.89611896055109,99.9817670796765,5,6,1,14,3.95306415975483e-13,1,2,1
P2/D3,129,30,33,17,16,18,14,14,16,17,18,30,33,0.190429687499993,0.190429687499993,179.00390625,0.190429687499993,195,195,569.5751953125,0.89611896055109,99.9817670796765,5,6,1,14,3.95306415975483e-13,1,2,1
P2/D3,130,30,33,17,16,14,18,14,16,17,18,30,33,0.190429687499993,0.190429687499993,179.00390625,0.190429687499993,195,195,569.5751953125,0.89611896055109,99.9817670796765,5,6,1,14,3.95306415975483e-13,1,2,1
P2/D3,131,30,33,17,14,18,16,14,16,17,18,30,33,0.190429687499993,0.190429687499993,179.00390625,0.190429687499993,195,195,569.5751953125,0.89611896055109,99.9817670796765,5,6,1,14,3.95306415975483e-13,1,2,1
P2/D3,132,30,33,17,14,16,18,14,16,17,18,30,33,0.190429687499993,0.190429687499993,179.00390625,0.190429687499993,195,195,569.5751953125,0.89611896055109,99.9817670796765,5,6,1,14,3.95306415975483e-13,1,2,1
P2/D3,133,30,33,16,18,17,14,14,16,17,18,30,33,0.190429687499993,182.05078125,0.190429687499993,0.190429687499993,195,195,572.6220703125,0.894477692571423,99.9822324088688,5,6,1,14,4.9042830260296e-13,1,2,1
P2/D3,134,30,33,16,18,14,17,14,16,17,18,30,33,0.190429687499993,182.05078125,0.190429687499993,0.190429687499993,195,195,572.6220703125,0.894477692571423,99.9822324088688,5,6,1,14,4.9042830260296e-13,1,2,1
P2/D3,135,30,33,16,17,18,14,14,16,17,18,30,33,0.190429687499993,182.05078125,0.190429687499993,0.190429687499993,195,195,572.6220703125,0.894477692571423,99.9822324088688,5,6,1,14,4.9042830260296e-13,1,2,1
P2/D3,136,30,33,16,17,14,18,14,16,17,18,30,33,0.190429687499993,182.05078125,0.190429687499993,0.190429687499993,195,195,572.6220703125,0.894477692571423,99.9822324088688,5,6,1,14,4.9042830260296e-13,1,2,1
P2/D3,137,30,33,16,14,18,17,14,16,17,18,30,33,0.190429687499993,182.05078125,0.190429687499993,0.190429687499993,195,195,572.6220703125,0.894477692571423,99.9822324088688,5,6,1,14,4.9042830260296e-13,1,2,1
P2/D3,138,30,33,16,14,17,18,14,16,17,18,30,33,0.190429687499993,182.05078125,0.190429687499993,0.190429687499993,195,195,572.6220703125,0.894477692571423,99.9822324088688,5,6,1,14,4.9042830260296e-13,1,2,1
P2/D3,139,30,33,14,18,17,16,14,16,17,18,30,33,186.4306640625,0.190429687499993,0.190429687499993,0.190429687499993,195,195,577.001953125,0.892754848252077,99.979055381612,5,6,1,14,6.33394697242031e-13,1,2,1
P2/D3,140,30,33,14,18,16,17,14,16,17,18,30,33,186.4306640625,0.190429687499993,0.190429687499993,0.190429687499993,195,195,577.001953125,0.892754848252077,99.979055381612,5,6,1,14,6.33394697242031e-13,1,2,1
P2/D3,141,30,33,14,17,18,16,14,16,17,18,30,33,186.4306640625,0.190429687499993,0.190429687499993,0.190429687499993,195,195,577.001953125,0.892754848252077,99.979055381612,5,6,1,14,6.33394697242031e-13,1,2,1
P2/D3,142,30,33,14,17,16,18,14,16,17,18,30,33,186.4306640625,0.190429687499993,0.190429687499993,0.190429687499993,195,195,577.001953125,0.892754848252077,99.979055381612,5,6,1,14,6.33394697242031e-13,1,2,1
P2/D3,143,30,33,14,16,18,17,14,16,17,18,30,33,186.4306640625,0.190429687499993,0.190429687499993,0.190429687499993,195,195,577.001953125,0.892754848252077,99.979055381612,5,6,1,14,6.33394697242031e-13,1,2,1
P2/D3,144,30,33,14,16,17,18,14,16,17,18,30,33,186.4306640625,0.190429687499993,0.190429687499993,0.190429687499993,195,195,577.001953125,0.892754848252077,99.979055381612,5,6,1,14,6.33394697242031e-13,1,2,1
P2/D3,145,30,18,33,17,16,14,14,16,17,18,30,33,0.190429687499993,0.190429687499993,0.190429687499993,195,195,175.3857421875,565.95703125,0.898288611854489,99.9824372209101,5,6,1,14,3.2295263493103e-13,1,2,1
P2/D3,146,30,18,33,17,14,16,14,16,17,18,30,33,0.190429687499993,0.190429687499993,0.190429687499993,195,195,175.3857421875,565.95703125,0.898288611854489,99.9824372209101,5,6,1,14,3.2295263493103e-13,1,2,1
P2/D3,147,30,18,33,16,17,14,14,16,17,18,30,33,0.190429687499993,0.190429687499993,0.190429687499993,195,195,175.3857421875,565.95703125,0.898288611854489,99.9824372209101,5,6,1,14,3.2295263493103e-13,1,2,1
P2/D3,148,30,18,33,16,14,17,14,16,17,18,30,33,0.190429687499993,0.190429687499993,0.190429687499993,195,195,175.3857421875,565.95703125,0.898288611854489,99.9824372209101,5,6,1,14,3.2295263493103e-13,1,2,1
P2/D3,149,30,18,33,14,17,16,14,16,17,18,30,33,0.190429687499993,0.190429687499993,0.190429687499993,195,195,175.3857421875,565.95703125,0.898288611854489,99.9824372209101,5,6,1,14,3.2295263493103e-13,1,2,1
P2/D3,150,30,18,33,14,16,17,14,16,17,18,30,33,0.190429687499993,0.190429687499993,0.190429687499993,195,195,175.3857421875,565.95703125,0.898288611854489,99.9824372209101,5,6,1,14,3.2295263493103e-13,1,2,1
P2/D3,151,30,18,17,33,16,14,14,16,17,18,30,33,0.190429687499993,0.190429687499993,153.6767578125,195,195,0.190429687499993,544.248046875,0.908913893120863,99.9790949571113,5,6,1,13,7.73183543186715e-13,1,2,1
P2/D3,152,30,18,17,33,14,16,14,16,17,18,30,33,0.190429687499993,0.190429687499993,153.6767578125,195,195,0.190429687499993,544.248046875,0.908913893120863,99.9790949571113,5,6,1,13,7.73183543186715e-13,1,2,1
P2/D3,153,30,18,17,16,33,14,14,16,17,18,30,33,0.190429687499993,0.190429687499993,153.6767578125,195,195,0.190429687499993,544.248046875,0.908913893120863,99.9790949571113,5,6,1,13,7.73183543186715e-13,1,2,1
P2/D3,154,30,18,17,16,14,33,14,16,17,18,30,33,0.190429687499993,0.190429687499993,153.6767578125,195,195,0.190429687499993,544.248046875,0.908913893120863,99.9790949571113,5,6,1,13,7.73183543186715e-13,1,2,1
P2/D3,155,30,18,17,14,33,16,14,16,17,18,30,33,0.190429687499993,0.190429687499993,153.6767578125,195,195,0.190429687499993,544.248046875,0.908913893120863,99.9790949571113,5,6,1,13,7.73183543186715e-13,1,2,1
P2/D3,156,30,18,17,14,16,33,14,16,17,18,30,33,0.190429687499993,0.190429687499993,153.6767578125,195,195,0.190429687499993,544.248046875,0.908913893120863,99.9790949571113,5,6,1,13,7.73183543186715e-13,1,2,1
P2/D3,157,30,18,16,33,17,14,14,16,17,18,30,33,0.190429687499993,155.2001953125,0.190429687499993,195,195,0.190429687499993,545.771484375,0.907537498568891,99.9793791511485,5,6,1,13,8.68775470733594e-13,1,2,1
P2/D3,158,30,18,16,33,14,17,14,16,17,18,30,33,0.190429687499993,155.2001953125,0.190429687499993,195,195,0.190429687499993,545.771484375,0.907537498568891,99.9793791511485,5,6,1,13,8.68775470733594e-13,1,2,1
P2/D3,159,30,18,16,17,33,14,14,16,17,18,30,33,0.190429687499993,155.2001953125,0.190429687499993,195,195,0.190429687499993,545.771484375,0.907537498568891,99.9793791511485,5,6,1,13,8.68775470733594e-13,1,2,1
P2/D3,160,30,18,16,17,14,33,14,16,17,18,30,33,0.190429687499993,155.2001953125,0.190429687499993,195,195,0.190429687499993,545.771484375,0.907537498568891,99.9793791511485,5,6,1,13,8.68775470733594e-13,1,2,1
P2/D3,161,30,18,16,14,33,17,14,16,17,18,30,33,0.190429687499993,155.2001953125,0.190429687499993,195,195,0.190429687499993,545.771484375,0.907537498568891,99.9793791511485,5,6,1,13,8.68775470733594e-13,1,2,1
P2/D3,162,30,18,16,14,17,33,14,16,17,18,30,33,0.190429687499993,155.2001953125,0.190429687499993,195,195,0.190429687499993,545.771484375,0.907537498568891,99.9793791511485,5,6,1,13,8.68775470733594e-13,1,2,1
P2/D3,163,30,18,14,33,17,16,14,16,17,18,30,33,157.8662109375,0.190429687499993,0.190429687499993,195,195,0.190429687499993,548.4375,0.906091183001599,99.9795016616661,5,6,1,14,1.22886445388898e-13,1,2,1
P2/D3,164,30,18,14,33,16,17,14,16,17,18,30,33,157.8662109375,0.190429687499993,0.190429687499993,195,195,0.190429687499993,548.4375,0.906091183001599,99.9795016616661,5,6,1,14,1.22886445388898e-13,1,2,1
P2/D3,165,30,18,14,17,33,16,14,16,17,18,30,33,157.8662109375,0.190429687499993,0.190429687499993,195,195,0.190429687499993,548.4375,0.906091183001599,99.9795016616661,5,6,1,14,1.22886445388898e-13,1,2,1
P2/D3,166,30,18,14,17,16,33,14,16,17,18,30,33,157.8662109375,0.190429687499993,0.190429687499993,195,195,0.190429687499993,548.4375,0.906091183001599,99.9795016616661,5,6,1,14,1.22886445388898e-13,1,2,1
P2/D3,167,30,18,14,16,33,17,14,16,17,18,30,33,157.8662109375,0.190429687499993,0.190429687499993,195,195,0.190429687499993,548.4375,0.906091183001599,99.9795016616661,5,6,1,14,1.22886445388898e-13,1,2,1
P2/D3,168,30,18,14,16,17,33,14,16,17,18,30,33,157.8662109375,0.190429687499993,0.190429687499993,195,195,0.190429687499993,548.4375,0.906091183001599,99.9795016616661,5,6,1,14,1.22886445388898e-13,1,2,1
P2/D3,169,30,17,33,18,16,14,14,16,17,18,30,33,0.190429687499993,0.190429687499993,195,0.190429687499993,195,176.1474609375,566.71875,0.897247863627063,99.9818826006084,5,6,1,14,3.42184987417164e-13,1,2,1
P2/D3,170,30,17,33,18,14,16,14,16,17,18,30,33,0.190429687499993,0.190429687499993,195,0.190429687499993,195,176.1474609375,566.71875,0.897247863627063,99.9818826006084,5,6,1,14,3.42184987417164e-13,1,2,1
P2/D3,171,30,17,33,16,18,14,14,16,17,18,30,33,0.190429687499993,0.190429687499993,195,0.190429687499993,195,176.1474609375,566.71875,0.897247863627063,99.9818826006084,5,6,1,14,3.42184987417164e-13,1,2,1
P2/D3,172,30,17,33,16,14,18,14,16,17,18,30,33,0.190429687499993,0.190429687499993,195,0.190429687499993,195,176.1474609375,566.71875,0.897247863627063,99.9818826006084,5,6,1,14,3.42184987417164e-13,1,2,1
P2/D3,173,30,17,33,14,18,16,14,16,17,18,30,33,0.190429687499993,0.190429687499993,195,0.190429687499993,195,176.1474609375,566.71875,0.897247863627063,99.9818826006084,5,6,1,14,3.42184987417164e-13,1,2,1
P2/D3,174,30,17,33,14,16,18,14,16,17,18,30,33,0.190429687499993,0.190429687499993,195,0.190429687499993,195,176.1474609375,566.71875,0.897247863627063,99.9818826006084,5,6,1,14,3.42184987417164e-13,1,2,1
P2/D3,175,30,17,18,33,16,14,14,16,17,18,30,33,0.190429687499993,0.190429687499993,195,153.6767578125,195,0.190429687499993,544.248046875,0.908698784518297,99.9813971264229,5,6,1,13,7.79829918189098e-13,1,2,1
P2/D3,176,30,17,18,33,14,16,14,16,17,18,30,33,0.190429687499993,0.190429687499993,195,153.6767578125,195,0.190429687499993,544.248046875,0.908698784518297,99.9813971264229,5,6,1,13,7.79829918189098e-13,1,2,1
P2/D3,177,30,17,18,16,33,14,14,16,17,18,30,33,0.190429687499993,0.190429687499993,195,153.6767578125,195,0.190429687499993,544.248046875,0.908698784518297,99.9813971264229,5,6,1,13,7.79829918189098e-13,1,2,1
P2/D3,178,30,17,18,16,14,33,14,16,17,18,30,33,0.190429687499993,0.190429687499993,195,153.6767578125,195,0.190429687499993,544.248046875,0.908698784518297,99.9813971264229,5,6,1,13,7.79829918189098e-13,1,2,1
P2/D3,179,30,17,18,14,33,16,14,16,17,18,30,33,0.190429687499993,0.190429687499993,195,153.6767578125,195,0.190429687499993,544.248046875,0.908698784518297,99.9813971264229,5,6,1,13,7.79829918189098e-13,1,2,1
P2/D3,180,30,17,18,14,16,33,14,16,17,18,30,33,0.190429687499993,0.190429687499993,195,153.6767578125,195,0.190429687499993,544.248046875,0.908698784518297,99.9813971264229,5,6,1,13,7.79829918189098e-13,1,2,1
P2/D3,181,30,17,16,33,18,14,14,16,17,18,30,33,0.190429687499993,155.771484375,195,0.190429687499993,195,0.190429687499993,546.3427734375,0.906541014700041,99.9810930127263,5,6,1,13,9.16514696347672e-13,1,2,1
P2/D3,182,30,17,16,33,14,18,14,16,17,18,30,33,0.190429687499993,155.771484375,195,0.190429687499993,195,0.190429687499993,546.3427734375,0.906541014700041,99.9810930127263,5,6,1,13,9.16514696347672e-13,1,2,1
P2/D3,183,30,17,16,18,33,14,14,16,17,18,30,33,0.190429687499993,155.771484375,195,0.190429687499993,195,0.190429687499993,546.3427734375,0.906541014700041,99.9810930127263,5,6,1,13,9.16514696347672e-13,1,2,1
P2/D3,184,30,17,16,18,14,33,14,16,17,18,30,33,0.190429687499993,155.771484375,195,0.190429687499993,195,0.190429687499993,546.3427734375,0.906541014700041,99.9810930127263,5,6,1,13,9.16514696347672e-13,1,2,1
P2/D3,185,30,17,16,14,33,18,14,16,17,18,30,33,0.190429687499993,155.771484375,195,0.190429687499993,195,0.190429687499993,546.3427734375,0.906541014700041,99.9810930127263,5,6,1,13,9.16514696347672e-13,1,2,1
P2/D3,186,30,17,16,14,18,33,14,16,17,18,30,33,0.190429687499993,155.771484375,195,0.190429687499993,195,0.190429687499993,546.3427734375,0.906541014700041,99.9810930127263,5,6,1,13,9.16514696347672e-13,1,2,1
P2/D3,187,30,17,14,33,18,16,14,16,17,18,30,33,158.4375,0.190429687499993,195,0.190429687499993,195,0.190429687499993,549.0087890625,0.905086851085492,99.9815886066167,5,6,1,14,1.29822805788893e-13,1,2,1
P2/D3,188,30,17,14,33,16,18,14,16,17,18,30,33,158.4375,0.190429687499993,195,0.190429687499993,195,0.190429687499993,549.0087890625,0.905086851085492,99.9815886066167,5,6,1,14,1.29822805788893e-13,1,2,1
P2/D3,189,30,17,14,18,33,16,14,16,17,18,30,33,158.4375,0.190429687499993,195,0.190429687499993,195,0.190429687499993,549.0087890625,0.905086851085492,99.9815886066167,5,6,1,14,1.29822805788893e-13,1,2,1
P2/D3,190,30,17,14,18,16,33,14,16,17,18,30,33,158.4375,0.190429687499993,195,0.190429687499993,195,0.190429687499993,549.0087890625,0.905086851085492,99.9815886066167,5,6,1,14,1.29822805788893e-13,1,2,1
P2/D3,191,30,17,14,16,33,18,14,16,17,18,30,33,158.4375,0.190429687499993,195,0.190429687499993,195,0.190429687499993,549.0087890625,0.905086851085492,99.9815886066167,5,6,1,14,1.29822805788893e-13,1,2,1
P2/D3,192,30,17,14,16,18,33,14,16,17,18,30,33,158.4375,0.190429687499993,195,0.190429687499993,195,0.190429687499993,549.0087890625,0.905086851085492,99.9815886066167,5,6,1,14,1.29822805788893e-13,1,2,1
P2/D3,193,30,16,33,18,17,14,14,16,17,18,30,33,0.190429687499993,195,0.190429687499993,0.190429687499993,195,179.9560546875,570.52734375,0.895265503666556,99.9815836831887,5,6,1,14,4.43749789911899e-13,1,2,1
P2/D3,194,30,16,33,18,14,17,14,16,17,18,30,33,0.190429687499993,195,0.190429687499993,0.190429687499993,195,179.9560546875,570.52734375,0.895265503666556,99.9815836831887,5,6,1,14,4.43749789911899e-13,1,2,1
P2/D3,195,30,16,33,17,18,14,14,16,17,18,30,33,0.190429687499993,195,0.190429687499993,0.190429687499993,195,179.9560546875,570.52734375,0.895265503666556,99.9815836831887,5,6,1,14,4.43749789911899e-13,1,2,1
P2/D3,196,30,16,33,17,14,18,14,16,17,18,30,33,0.190429687499993,195,0.190429687499993,0.190429687499993,195,179.9560546875,570.52734375,0.895265503666556,99.9815836831887,5,6,1,14,4.43749789911899e-13,1,2,1
P2/D3,197,30,16,33,14,18,17,14,16,17,18,30,33,0.190429687499993,195,0.190429687499993,0.190429687499993,195,179.9560546875,570.52734375,0.895265503666556,99.9815836831887,5,6,1,14,4.43749789911899e-13,1,2,1
P2/D3,198,30,16,33,14,17,18,14,16,17,18,30,33,0.190429687499993,195,0.190429687499993,0.190429687499993,195,179.9560546875,570.52734375,0.895265503666556,99.9815836831887,5,6,1,14,4.43749789911899e-13,1,2,1
P2/D3,199,30,16,18,33,17,14,14,16,17,18,30,33,0.190429687499993,195,0.190429687499993,155.771484375,195,0.190429687499993,546.3427734375,0.906982367222224,99.9804652147465,5,6,1,13,9.10151957260386e-13,1,2,1
P2/D3,200,30,16,18,33,14,17,14,16,17,18,30,33,0.190429687499993,195,0.190429687499993,155.771484375,195,0.190429687499993,546.3427734375,0.906982367222224,99.9804652147465,5,6,1,13,9.10151957260386e-13,1,2,1
P2/D3,201,30,16,18,17,33,14,14,16,17,18,30,33,0.190429687499993,195,0.190429687499993,155.771484375,195,0.190429687499993,546.3427734375,0.906982367222224,99.9804652147465,5,6,1,13,9.10151957260386e-13,1,2,1
P2/D3,202,30,16,18,17,14,33,14,16,17,18,30,33,0.190429687499993,195,0.190429687499993,155.771484375,195,0.190429687499993,546.3427734375,0.906982367222224,99.9804652147465,5,6,1,13,9.10151957260386e-13,1,2,1
P2/D3,203,30,16,18,14,33,17,14,16,17,18,30,33,0.190429687499993,195,0.190429687499993,155.771484375,195,0.190429687499993,546.3427734375,0.906982367222224,99.9804652147465,5,6,1,13,9.10151957260386e-13,1,2,1
P2/D3,204,30,16,18,14,17,33,14,16,17,18,30,33,0.190429687499993,195,0.190429687499993,155.771484375,195,0.190429687499993,546.3427734375,0.906982367222224,99.9804652147465,5,6,1,13,9.10151957260386e-13,1,2,1
P2/D3,205,30,16,17,33,18,14,14,16,17,18,30,33,0.190429687499993,195,156.3427734375,0.190429687499993,195,0.190429687499993,546.9140625,0.906195778352493,99.9797878347708,5,6,1,13,9.51926271452779e-13,1,2,1
P2/D3,206,30,16,17,33,14,18,14,16,17,18,30,33,0.190429687499993,195,156.3427734375,0.190429687499993,195,0.190429687499993,546.9140625,0.906195778352493,99.9797878347708,5,6,1,13,9.51926271452779e-13,1,2,1
P2/D3,207,30,16,17,18,33,14,14,16,17,18,30,33,0.190429687499993,195,156.3427734375,0.190429687499993,195,0.190429687499993,546.9140625,0.906195778352493,99.9797878347708,5,6,1,13,9.51926271452779e-13,1,2,1
P2/D3,208,30,16,17,18,14,33,14,16,17,18,30,33,0.190429687499993,195,156.3427734375,0.190429687499993,195,0.190429687499993,546.9140625,0.906195778352493,99.9797878347708,5,6,1,13,9.51926271452779e-13,1,2,1
P2/D3,209,30,16,17,14,33,18,14,16,17,18,30,33,0.190429687499993,195,156.3427734375,0.190429687499993,195,0.190429687499993,546.9140625,0.906195778352493,99.9797878347708,5,6,1,13,9.51926271452779e-13,1,2,1
P2/D3,210,30,16,17,14,18,33,14,16,17,18,30,33,0.190429687499993,195,156.3427734375,0.190429687499993,195,0.190429687499993,546.9140625,0.906195778352493,99.9797878347708,5,6,1,13,9.51926271452779e-13,1,2,1
P2/D3,211,30,16,14,33,18,17,14,16,17,18,30,33,161.865234375,195,0.190429687499993,0.190429687499993,195,0.190429687499993,552.4365234375,0.90329748345342,99.9779391609071,5,6,1,14,1.67210751250574e-13,1,2,1
P2/D3,212,30,16,14,33,17,18,14,16,17,18,30,33,161.865234375,195,0.190429687499993,0.190429687499993,195,0.190429687499993,552.4365234375,0.90329748345342,99.9779391609071,5,6,1,14,1.67210751250574e-13,1,2,1
P2/D3,213,30,16,14,18,33,17,14,16,17,18,30,33,161.865234375,195,0.190429687499993,0.190429687499993,195,0.190429687499993,552.4365234375,0.90329748345342,99.9779391609071,5,6,1,14,1.67210751250574e-13,1,2,1
P2/D3,214,30,16,14,18,17,33,14,16,17,18,30,33,161.865234375,195,0.190429687499993,0.190429687499993,195,0.190429687499993,552.4365234375,0.90329748345342,99.9779391609071,5,6,1,14,1.67210751250574e-13,1,2,1
P2/D3,215,30,16,14,17,33,18,14,16,17,18,30,33,161.865234375,195,0.190429687499993,0.190429687499993,195,0.190429687499993,552.4365234375,0.90329748345342,99.9779391609071,5,6,1,14,1.67210751250574e-13,1,2,1
P2/D3,216,30,16,14,17,18,33,14,16,17,18,30,33,161.865234375,195,0.190429687499993,0.190429687499993,195,0.190429687499993,552.4365234375,0.90329748345342,99.9779391609071,5,6,1,14,1.67210751250574e-13,1,2,1
P2/D3,217,30,14,33,18,17,16,14,16,17,18,30,33,195,0.190429687499993,0.190429687499993,0.190429687499993,195,185.09765625,575.6689453125,0.893185081692533,99.9821660040325,5,6,1,14,6.00197007491375e-13,1,2,1
P2/D3,218,30,14,33,18,16,17,14,16,17,18,30,33,195,0.190429687499993,0.190429687499993,0.190429687499993,195,185.09765625,575.6689453125,0.893185081692533,99.9821660040325,5,6,1,14,6.00197007491375e-13,1,2,1
P2/D3,219,30,14,33,17,18,16,14,16,17,18,30,33,195,0.190429687499993,0.190429687499993,0.190429687499993,195,185.09765625,575.6689453125,0.893185081692533,99.9821660040325,5,6,1,14,6.00197007491375e-13,1,2,1
P2/D3,220,30,14,33,17,16,18,14,16,17,18,30,33,195,0.190429687499993,0.190429687499993,0.190429687499993,195,185.09765625,575.6689453125,0.893185081692533,99.9821660040325,5,6,1,14,6.00197007491375e-13,1,2,1
P2/D3,221,30,14,33,16,18,17,14,16,17,18,30,33,195,0.190429687499993,0.190429687499993,0.190429687499993,195,185.09765625,575.6689453125,0.893185081692533,99.9821660040325,5,6,1,14,6.00197007491375e-13,1,2,1
P2/D3,222,30,14,33,16,17,18,14,16,17,18,30,33,195,0.190429687499993,0.190429687499993,0.190429687499993,195,185.09765625,575.6689453125,0.893185081692533,99.9821660040325,5,6,1,14,6.00197007491375e-13,1,2,1
P2/D3,223,30,14,18,33,17,16,14,16,17,18,30,33,195,0.190429687499993,0.190429687499993,159.19921875,195,0.190429687499993,549.7705078125,0.90524890492184,99.9782383385649,5,6,1,14,1.34491342347577e-13,1,2,1
P2/D3,224,30,14,18,33,16,17,14,16,17,18,30,33,195,0.190429687499993,0.190429687499993,159.19921875,195,0.190429687499993,549.7705078125,0.90524890492184,99.9782383385649,5,6,1,14,1.34491342347577e-13,1,2,1
P2/D3,225,30,14,18,17,33,16,14,16,17,18,30,33,195,0.190429687499993,0.190429687499993,159.19921875,195,0.190429687499993,549.7705078125,0.90524890492184,99.9782383385649,5,6,1,14,1.34491342347577e-13,1,2,1
P2/D3,226,30,14,18,17,16,33,14,16,17,18,30,33,195,0.190429687499993,0.190429687499993,159.19921875,195,0.190429687499993,549.7705078125,0.90524890492184,99.9782383385649,5,6,1,14,1.34491342347577e-13,1,2,1
P2/D3,227,30,14,18,16,33,17,14,16,17,18,30,33,195,0.190429687499993,0.190429687499993,159.19921875,195,0.190429687499993,549.7705078125,0.90524890492184,99.9782383385649,5,6,1,14,1.34491342347577e-13,1,2,1
P2/D3,228,30,14,18,16,17,33,14,16,17,18,30,33,195,0.190429687499993,0.190429687499993,159.19921875,195,0.190429687499993,549.7705078125,0.90524890492184,99.9782383385649,5,6,1,14,1.34491342347577e-13,1,2,1
P2/D3,229,30,14,17,33,18,16,14,16,17,18,30,33,195,0.190429687499993,159.7705078125,0.190429687499993,195,0.190429687499993,550.341796875,0.904442654642688,99.9778219663247,5,6,1,14,1.41976584555709e-13,1,2,1
P2/D3,230,30,14,17,33,16,18,14,16,17,18,30,33,195,0.190429687499993,159.7705078125,0.190429687499993,195,0.190429687499993,550.341796875,0.904442654642688,99.9778219663247,5,6,1,14,1.41976584555709e-13,1,2,1
P2/D3,231,30,14,17,18,33,16,14,16,17,18,30,33,195,0.190429687499993,159.7705078125,0.190429687499993,195,0.190429687499993,550.341796875,0.904442654642688,99.9778219663247,5,6,1,14,1.41976584555709e-13,1,2,1
P2/D3,232,30,14,17,18,16,33,14,16,17,18,30,33,195,0.190429687499993,159.7705078125,0.190429687499993,195,0.190429687499993,550.341796875,0.904442654642688,99.9778219663247,5,6,1,14,1.41976584555709e-13,1,2,1
P2/D3,233,30,14,17,16,33,18,14,16,17,18,30,33,195,0.190429687499993,159.7705078125,0.190429687499993,195,0.190429687499993,550.341796875,0.904442654642688,99.9778219663247,5,6,1,14,1.41976584555709e-13,1,2,1
P2/D3,234,30,14,17,16,18,33,14,16,17,18,30,33,195,0.190429687499993,159.7705078125,0.190429687499993,195,0.190429687499993,550.341796875,0.904442654642688,99.9778219663247,5,6,1,14,1.41976584555709e-13,1,2,1
P2/D3,235,30,14,16,33,18,17,14,16,17,18,30,33,195,162.4365234375,0.190429687499993,0.190429687499993,195,0.190429687499993,553.0078125,0.902985465357192,99.9806121115183,5,6,1,14,1.75239481641714e-13,1,2,1
P2/D3,236,30,14,16,33,17,18,14,16,17,18,30,33,195,162.4365234375,0.190429687499993,0.190429687499993,195,0.190429687499993,553.0078125,0.902985465357192,99.9806121115183,5,6,1,14,1.75239481641714e-13,1,2,1
P2/D3,237,30,14,16,18,33,17,14,16,17,18,30,33,195,162.4365234375,0.190429687499993,0.190429687499993,195,0.190429687499993,553.0078125,0.902985465357192,99.9806121115183,5,6,1,14,1.75239481641714e-13,1,2,1
P2/D3,238,30,14,16,18,17,33,14,16,17,18,30,33,195,162.4365234375,0.190429687499993,0.190429687499993,195,0.190429687499993,553.0078125,0.902985465357192,99.9806121115183,5,6,1,14,1.75239481641714e-13,1,2,1
P2/D3,239,30,14,16,17,33,18,14,16,17,18,30,33,195,162.4365234375,0.190429687499993,0.190429687499993,195,0.190429687499993,553.0078125,0.902985465357192,99.9806121115183,5,6,1,14,1.75239481641714e-13,1,2,1
P2/D3,240,30,14,16,17,18,33,14,16,17,18,30,33,195,162.4365234375,0.190429687499993,0.190429687499993,195,0.190429687499993,553.0078125,0.902985465357192,99.9806121115183,5,6,1,14,1.75239481641714e-13,1,2,1
P2/D3,241,18,33,30,17,16,14,14,16,17,18,30,33,0.190429687499993,0.190429687499993,0.190429687499993,195,175.1953125,195,565.7666015625,0.89828951043089,99.9808227093466,5,6,1,14,3.21621528754678e-13,1,2,1
P2/D3,242,18,33,30,17,14,16,14,16,17,18,30,33,0.190429687499993,0.190429687499993,0.190429687499993,195,175.1953125,195,565.7666015625,0.89828951043089,99.9808227093466,5,6,1,14,3.21621528754678e-13,1,2,1
P2/D3,243,18,33,30,16,17,14,14,16,17,18,30,33,0.190429687499993,0.190429687499993,0.190429687499993,195,175.1953125,195,565.7666015625,0.89828951043089,99.9808227093466,5,6,1,14,3.21621528754678e-13,1,2,1
P2/D3,244,18,33,30,16,14,17,14,16,17,18,30,33,0.190429687499993,0.190429687499993,0.190429687499993,195,175.1953125,195,565.7666015625,0.89828951043089,99.9808227093466,5,6,1,14,3.21621528754678e-13,1,2,1
P2/D3,245,18,33,30,14,17,16,14,16,17,18,30,33,0.190429687499993,0.190429687499993,0.190429687499993,195,175.1953125,195,565.7666015625,0.89828951043089,99.9808227093466,5,6,1,14,3.21621528754678e-13,1,2,1
P2/D3,246,18,33,30,14,16,17,14,16,17,18,30,33,0.190429687499993,0.190429687499993,0.190429687499993,195,175.1953125,195,565.7666015625,0.89828951043089,99.9808227093466,5,6,1,14,3.21621528754678e-13,1,2,1
P2/D3,247,18,33,17,30,16,14,14,16,17,18,30,33,0.190429687499993,0.190429687499993,150.8203125,195,0.190429687499993,195,541.3916015625,0.908717299586915,99.9795594817045,5,6,1,13,7.5488984542933e-13,1,2,1
P2/D3,248,18,33,17,30,14,16,14,16,17,18,30,33,0.190429687499993,0.190429687499993,150.8203125,195,0.190429687499993,195,541.3916015625,0.908717299586915,99.9795594817045,5,6,1,13,7.5488984542933e-13,1,2,1
P2/D3,249,18,33,17,16,30,14,14,16,17,18,30,33,0.190429687499993,0.190429687499993,150.8203125,195,0.190429687499993,195,541.3916015625,0.908717299586915,99.9795594817045,5,6,1,13,7.5488984542933e-13,1,2,1
P2/D3,250,18,33,17,16,14,30,14,16,17,18,30,33,0.190429687499993,0.190429687499993,150.8203125,195,0.190429687499993,195,541.3916015625,0.908717299586915,99.9795594817045,5,6,1,13,7.5488984542933e-13,1,2,1
P2/D3,251,18,33,17,14,30,16,14,16,17,18,30,33,0.190429687499993,0.190429687499993,150.8203125,195,0.190429687499993,195,541.3916015625,0.908717299586915,99.9795594817045,5,6,1,13,7.5488984542933e-13,1,2,1
P2/D3,252,18,33,17,14,16,30,14,16,17,18,30,33,0.190429687499993,0.190429687499993,150.8203125,195,0.190429687499993,195,541.3916015625,0.908717299586915,99.9795594817045,5,6,1,13,7.5488984542933e-13,1,2,1
P2/D3,253,18,33,16,30,17,14,14,16,17,18,30,33,0.190429687499993,152.34375,0.190429687499993,195,0.190429687499993,195,542.9150390625,0.907367706213535,99.9792240408873,5,6,1,13,8.4790056221452e-13,1,2,1
P2/D3,254,18,33,16,30,14,17,14,16,17,18,30,33,0.190429687499993,152.34375,0.190429687499993,195,0.190429687499993,195,542.9150390625,0.907367706213535,99.9792240408873,5,6,1,13,8.4790056221452e-13,1,2,1
P2/D3,255,18,33,16,17,30,14,14,16,17,18,30,33,0.190429687499993,152.34375,0.190429687499993,195,0.190429687499993,195,542.9150390625,0.907367706213535,99.9792240408873,5,6,1,13,8.4790056221452e-13,1,2,1
P2/D3,256,18,33,16,17,14,30,14,16,17,18,30,33,0.190429687499993,152.34375,0.190429687499993,195,0.190429687499993,195,542.9150390625,0.907367706213535,99.9792240408873,5,6,1,13,8.4790056221452e-13,1,2,1
P2/D3,257,18,33,16,14,30,17,14,16,17,18,30,33,0.190429687499993,152.34375,0.190429687499993,195,0.190429687499993,195,542.9150390625,0.907367706213535,99.9792240408873,5,6,1,13,8.4790056221452e-13,1,2,1
P2/D3,258,18,33,16,14,17,30,14,16,17,18,30,33,0.190429687499993,152.34375,0.190429687499993,195,0.190429687499993,195,542.9150390625,0.907367706213535,99.9792240408873,5,6,1,13,8.4790056221452e-13,1,2,1
P2/D3,259,18,33,14,30,17,16,14,16,17,18,30,33,154.8193359375,0.190429687499993,0.190429687499993,195,0.190429687499993,195,545.390625,0.905937684096073,99.9836302842338,5,6,1,14,1.19886047441038e-13,1,2,1
P2/D3,260,18,33,14,30,16,17,14,16,17,18,30,33,154.8193359375,0.190429687499993,0.190429687499993,195,0.190429687499993,195,545.390625,0.905937684096073,99.9836302842338,5,6,1,14,1.19886047441038e-13,1,2,1
P2/D3,261,18,33,14,17,30,16,14,16,17,18,30,33,154.8193359375,0.190429687499993,0.190429687499993,195,0.190429687499993,195,545.390625,0.905937684096073,99.9836302842338,5,6,1,14,1.19886047441038e-13,1,2,1
P2/D3,262,18,33,14,17,16,30,14,16,17,18,30,33,154.8193359375,0.190429687499993,0.190429687499993,195,0.190429687499993,195,545.390625,0.905937684096073,99.9836302842338,5,6,1,14,1.19886047441038e-13,1,2,1
P2/D3,263,18,33,14,16,30,17,14,16,17,18,30,33,154.8193359375,0.190429687499993,0.190429687499993,195,0.190429687499993,195,545.390625,0.905937684096073,99.9836302842338,5,6,1,14,1.19886047441038e-13,1,2,1
P2/D3,264,18,33,14,16,17,30,14,16,17,18,30,33,154.8193359375,0.190429687499993,0.190429687499993,195,0.190429687499993,195,545.390625,0.905937684096073,99.9836302842338,5,6,1,14,1.19886047441038e-13,1,2,1
P2/D3,265,18,30,33,17,16,14,14,16,17,18,30,33,0.190429687499993,0.190429687499993,0.190429687499993,195,195,175.3857421875,565.95703125,0.898288611854489,99.9824372209101,5,6,1,14,3.2295263493103e-13,1,2,1
P2/D3,266,18,30,33,17,14,16,14,16,17,18,30,33,0.190429687499993,0.190429687499993,0.190429687499993,195,195,175.3857421875,565.95703125,0.898288611854489,99.9824372209101,5,6,1,14,3.2295263493103e-13,1,2,1
P2/D3,267,18,30,33,16,17,14,14,16,17,18,30,33,0.190429687499993,0.190429687499993,0.190429687499993,195,195,175.3857421875,565.95703125,0.898288611854489,99.9824372209101,5,6,1,14,3.2295263493103e-13,1,2,1
P2/D3,268,18,30,33,16,14,17,14,16,17,18,30,33,0.190429687499993,0.190429687499993,0.190429687499993,195,195,175.3857421875,565.95703125,0.898288611854489,99.9824372209101,5,6,1,14,3.2295263493103e-13,1,2,1
P2/D3,269,18,30,33,14,17,16,14,16,17,18,30,33,0.190429687499993,0.190429687499993,0.190429687499993,195,195,175.3857421875,565.95703125,0.898288611854489,99.9824372209101,5,6,1,14,3.2295263493103e-13,1,2,1
P2/D3,270,18,30,33,14,16,17,14,16,17,18,30,33,0.190429687499993,0.190429687499993,0.190429687499993,195,195,175.3857421875,565.95703125,0.898288611854489,99.9824372209101,5,6,1,14,3.2295263493103e-13,1,2,1
P2/D3,271,18,30,17,33,16,14,14,16,17,18,30,33,0.190429687499993,0.190429687499993,153.6767578125,195,195,0.190429687499993,544.248046875,0.908913893120863,99.9790949571113,5,6,1,13,7.73183543186715e-13,1,2,1
P2/D3,272,18,30,17,33,14,16,14,16,17,18,30,33,0.190429687499993,0.190429687499993,153.6767578125,195,195,0.190429687499993,544.248046875,0.908913893120863,99.9790949571113,5,6,1,13,7.73183543186715e-13,1,2,1
P2/D3,273,18,30,17,16,33,14,14,16,17,18,30,33,0.190429687499993,0.190429687499993,153.6767578125,195,195,0.190429687499993,544.248046875,0.908913893120863,99.9790949571113,5,6,1,13,7.73183543186715e-13,1,2,1
P2/D3,274,18,30,17,16,14,33,14,16,17,18,30,33,0.190429687499993,0.190429687499993,153.6767578125,195,195,0.190429687499993,544.248046875,0.908913893120863,99.9790949571113,5,6,1,13,7.73183543186715e-13,1,2,1
P2/D3,275,18,30,17,14,33,16,14,16,17,18,30,33,0.190429687499993,0.190429687499993,153.6767578125,195,195,0.190429687499993,544.248046875,0.908913893120863,99.9790949571113,5,6,1,13,7.73183543186715e-13,1,2,1
P2/D3,276,18,30,17,14,16,33,14,16,17,18,30,33,0.190429687499993,0.190429687499993,153.6767578125,195,195,0.190429687499993,544.248046875,0.908913893120863,99.9790949571113,5,6,1,13,7.73183543186715e-13,1,2,1
P2/D3,277,18,30,16,33,17,14,14,16,17,18,30,33,0.190429687499993,155.2001953125,0.190429687499993,195,195,0.190429687499993,545.771484375,0.907537498568891,99.9793791511485,5,6,1,13,8.68775470733594e-13,1,2,1
P2/D3,278,18,30,16,33,14,17,14,16,17,18,30,33,0.190429687499993,155.2001953125,0.190429687499993,195,195,0.190429687499993,545.771484375,0.907537498568891,99.9793791511485,5,6,1,13,8.68775470733594e-13,1,2,1
P2/D3,279,18,30,16,17,33,14,14,16,17,18,30,33,0.190429687499993,155.2001953125,0.190429687499993,195,195,0.190429687499993,545.771484375,0.907537498568891,99.9793791511485,5,6,1,13,8.68775470733594e-13,1,2,1
P2/D3,280,18,30,16,17,14,33,14,16,17,18,30,33,0.190429687499993,155.2001953125,0.190429687499993,195,195,0.190429687499993,545.771484375,0.907537498568891,99.9793791511485,5,6,1,13,8.68775470733594e-13,1,2,1
P2/D3,281,18,30,16,14,33,17,14,16,17,18,30,33,0.190429687499993,155.2001953125,0.190429687499993,195,195,0.190429687499993,545.771484375,0.907537498568891,99.9793791511485,5,6,1,13,8.68775470733594e-13,1,2,1
P2/D3,282,18,30,16,14,17,33,14,16,17,18,30,33,0.190429687499993,155.2001953125,0.190429687499993,195,195,0.190429687499993,545.771484375,0.907537498568891,99.9793791511485,5,6,1,13,8.68775470733594e-13,1,2,1
P2/D3,283,18,30,14,33,17,16,14,16,17,18,30,33,157.8662109375,0.190429687499993,0.190429687499993,195,195,0.190429687499993,548.4375,0.906091183001599,99.9795016616661,5,6,1,14,1.22886445388898e-13,1,2,1
P2/D3,284,18,30,14,33,16,17,14,16,17,18,30,33,157.8662109375,0.190429687499993,0.190429687499993,195,195,0.190429687499993,548.4375,0.906091183001599,99.9795016616661,5,6,1,14,1.22886445388898e-13,1,2,1
P2/D3,285,18,30,14,17,33,16,14,16,17,18,30,33,157.8662109375,0.190429687499993,0.190429687499993,195,195,0.190429687499993,548.4375,0.906091183001599,99.9795016616661,5,6,1,14,1.22886445388898e-13,1,2,1
P2/D3,286,18,30,14,17,16,33,14,16,17,18,30,33,157.8662109375,0.190429687499993,0.190429687499993,195,195,0.190429687499993,548.4375,0.906091183001599,99.9795016616661,5,6,1,14,1.22886445388898e-13,1,2,1
P2/D3,287,18,30,14,16,33,17,14,16,17,18,30,33,157.8662109375,0.190429687499993,0.190429687499993,195,195,0.190429687499993,548.4375,0.906091183001599,99.9795016616661,5,6,1,14,1.22886445388898e-13,1,2,1
P2/D3,288,18,30,14,16,17,33,14,16,17,18,30,33,157.8662109375,0.190429687499993,0.190429687499993,195,195,0.190429687499993,548.4375,0.906091183001599,99.9795016616661,5,6,1,14,1.22886445388898e-13,1,2,1
P2/D3,289,18,17,33,30,16,14,14,16,17,18,30,33,0.190429687499993,0.190429687499993,195,195,0.190429687499993,145.869140625,536.4404296875,0.911713774304127,99.9791181370079,5,6,1,13,5.56512864436054e-13,1,2,1
P2/D3,290,18,17,33,30,14,16,14,16,17,18,30,33,0.190429687499993,0.190429687499993,195,195,0.190429687499993,145.869140625,536.4404296875,0.911713774304127,99.9791181370079,5,6,1,13,5.56512864436054e-13,1,2,1
P2/D3,291,18,17,33,16,30,14,14,16,17,18,30,33,0.190429687499993,0.190429687499993,195,195,0.190429687499993,145.869140625,536.4404296875,0.911713774304127,99.9791181370079,5,6,1,13,5.56512864436054e-13,1,2,1
P2/D3,292,18,17,33,16,14,30,14,16,17,18,30,33,0.190429687499993,0.190429687499993,195,195,0.190429687499993,145.869140625,536.4404296875,0.911713774304127,99.9791181370079,5,6,1,13,5.56512864436054e-13,1,2,1
P2/D3,293,18,17,33,14,30,16,14,16,17,18,30,33,0.190429687499993,0.190429687499993,195,195,0.190429687499993,145.869140625,536.4404296875,0.911713774304127,99.9791181370079,5,6,1,13,5.56512864436054e-13,1,2,1
P2/D3,294,18,17,33,14,16,30,14,16,17,18,30,33,0.190429687499993,0.190429687499993,195,195,0.190429687499993,145.869140625,536.4404296875,0.911713774304127,99.9791181370079,5,6,1,13,5.56512864436054e-13,1,2,1
P2/D3,295,18,17,30,33,16,14,14,16,17,18,30,33,0.190429687499993,0.190429687499993,195,195,148.3447265625,0.190429687499993,538.916015625,0.911713733956817,99.9813274170802,5,6,1,13,5.79199899281639e-13,1,2,1
P2/D3,296,18,17,30,33,14,16,14,16,17,18,30,33,0.190429687499993,0.190429687499993,195,195,148.3447265625,0.190429687499993,538.916015625,0.911713733956817,99.9813274170802,5,6,1,13,5.79199899281639e-13,1,2,1
P2/D3,297,18,17,30,16,33,14,14,16,17,18,30,33,0.190429687499993,0.190429687499993,195,195,148.3447265625,0.190429687499993,538.916015625,0.911713733956817,99.9813274170802,5,6,1,13,5.79199899281639e-13,1,2,1
P2/D3,298,18,17,30,16,14,33,14,16,17,18,30,33,0.190429687499993,0.190429687499993,195,195,148.3447265625,0.190429687499993,538.916015625,0.911713733956817,99.9813274170802,5,6,1,13,5.79199899281639e-13,1,2,1
P2/D3,299,18,17,30,14,33,16,14,16,17,18,30,33,0.190429687499993,0.190429687499993,195,195,148.3447265625,0.190429687499993,538.916015625,0.911713733956817,99.9813274170802,5,6,1,13,5.79199899281639e-13,1,2,1
P2/D3,300,18,17,30,14,16,33,14,16,17,18,30,33,0.190429687499993,0.190429687499993,195,195,148.3447265625,0.190429687499993,538.916015625,0.911713733956817,99.9813274170802,5,6,1,13,5.79199899281639e-13,1,2,1
P2/D3,301,18,17,16,33,30,14,14,16,17,18,30,33,0.190429687499993,135.5859375,195,195,0.190429687499993,0.190429687499993,526.1572265625,0.919517236536118,99.9812139410623,5,6,1,13,2.72471086710004e-13,1,2,1
P2/D3,302,18,17,16,33,14,30,14,16,17,18,30,33,0.190429687499993,135.5859375,195,195,0.190429687499993,0.190429687499993,526.1572265625,0.919517236536118,99.9812139410623,5,6,1,13,2.72471086710004e-13,1,2,1
P2/D3,303,18,17,16,30,33,14,14,16,17,18,30,33,0.190429687499993,135.5859375,195,195,0.190429687499993,0.190429687499993,526.1572265625,0.919517236536118,99.9812139410623,5,6,1,13,2.72471086710004e-13,1,2,1
P2/D3,304,18,17,16,30,14,33,14,16,17,18,30,33,0.190429687499993,135.5859375,195,195,0.190429687499993,0.190429687499993,526.1572265625,0.919517236536118,99.9812139410623,5,6,1,13,2.72471086710004e-13,1,2,1
P2/D3,305,18,17,16,14,33,30,14,16,17,18,30,33,0.190429687499993,135.5859375,195,195,0.190429687499993,0.190429687499993,526.1572265625,0.919517236536118,99.9812139410623,5,6,1,13,2.72471086710004e-13,1,2,1
P2/D3,306,18,17,16,14,30,33,14,16,17,18,30,33,0.190429687499993,135.5859375,195,195,0.190429687499993,0.190429687499993,526.1572265625,0.919517236536118,99.9812139410623,5,6,1,13,2.72471086710004e-13,1,2,1
P2/D3,307,18,17,14,33,30,16,14,16,17,18,30,33,137.109375,0.190429687499993,195,195,0.190429687499993,0.190429687499993,527.6806640625,0.918277461257764,99.9809872796864,5,6,1,13,3.02320351413145e-13,1,2,1
P2/D3,308,18,17,14,33,16,30,14,16,17,18,30,33,137.109375,0.190429687499993,195,195,0.190429687499993,0.190429687499993,527.6806640625,0.918277461257764,99.9809872796864,5,6,1,13,3.02320351413145e-13,1,2,1
P2/D3,309,18,17,14,30,33,16,14,16,17,18,30,33,137.109375,0.190429687499993,195,195,0.190429687499993,0.190429687499993,527.6806640625,0.918277461257764,99.9809872796864,5,6,1,13,3.02320351413145e-13,1,2,1
P2/D3,310,18,17,14,30,16,33,14,16,17,18,30,33,137.109375,0.190429687499993,195,195,0.190429687499993,0.190429687499993,527.6806640625,0.918277461257764,99.9809872796864,5,6,1,13,3.02320351413145e-13,1,2,1
P2/D3,311,18,17,14,16,33,30,14,16,17,18,30,33,137.109375,0.190429687499993,195,195,0.190429687499993,0.190429687499993,527.6806640625,0.918277461257764,99.9809872796864,5,6,1,13,3.02320351413145e-13,1,2,1
P2/D3,312,18,17,14,16,30,33,14,16,17,18,30,33,137.109375,0.190429687499993,195,195,0.190429687499993,0.190429687499993,527.6806640625,0.918277461257764,99.9809872796864,5,6,1,13,3.02320351413145e-13,1,2,1
P2/D3,313,18,16,33,30,17,14,14,16,17,18,30,33,0.190429687499993,195,0.190429687499993,195,0.190429687499993,147.7734375,538.3447265625,0.90986889366929,99.9807272524039,5,6,1,13,6.47240457323772e-13,1,2,1
P2/D3,314,18,16,33,30,14,17,14,16,17,18,30,33,0.190429687499993,195,0.190429687499993,195,0.190429687499993,147.7734375,538.3447265625,0.90986889366929,99.9807272524039,5,6,1,13,6.47240457323772e-13,1,2,1
P2/D3,315,18,16,33,17,30,14,14,16,17,18,30,33,0.190429687499993,195,0.190429687499993,195,0.190429687499993,147.7734375,538.3447265625,0.90986889366929,99.9807272524039,5,6,1,13,6.47240457323772e-13,1,2,1
P2/D3,316,18,16,33,17,14,30,14,16,17,18,30,33,0.190429687499993,195,0.190429687499993,195,0.190429687499993,147.7734375,538.3447265625,0.90986889366929,99.9807272524039,5,6,1,13,6.47240457323772e-13,1,2,1
P2/D3,317,18,16,33,14,30,17,14,16,17,18,30,33,0.190429687499993,195,0.190429687499993,195,0.190429687499993,147.7734375,538.3447265625,0.90986889366929,99.9807272524039,5,6,1,13,6.47240457323772e-13,1,2,1
P2/D3,318,18,16,33,14,17,30,14,16,17,18,30,33,0.190429687499993,195,0.190429687499993,195,0.190429687499993,147.7734375,538.3447265625,0.90986889366929,99.9807272524039,5,6,1,13,6.47240457323772e-13,1,2,1
P2/D3,319,18,16,30,33,17,14,14,16,17,18,30,33,0.190429687499993,195,0.190429687499993,195,150.2490234375,0.190429687499993,540.8203125,0.909868405713759,99.9836832465951,5,6,1,13,6.73060341462407e-13,1,2,1
P2/D3,320,18,16,30,33,14,17,14,16,17,18,30,33,0.190429687499993,195,0.190429687499993,195,150.2490234375,0.190429687499993,540.8203125,0.909868405713759,99.9836832465951,5,6,1,13,6.73060341462407e-13,1,2,1
P2/D3,321,18,16,30,17,33,14,14,16,17,18,30,33,0.190429687499993,195,0.190429687499993,195,150.2490234375,0.190429687499993,540.8203125,0.909868405713759,99.9836832465951,5,6,1,13,6.73060341462407e-13,1,2,1
P2/D3,322,18,16,30,17,14,33,14,16,17,18,30,33,0.190429687499993,195,0.190429687499993,195,150.2490234375,0.190429687499993,540.8203125,0.909868405713759,99.9836832465951,5,6,1,13,6.73060341462407e-13,1,2,1
P2/D3,323,18,16,30,14,33,17,14,16,17,18,30,33,0.190429687499993,195,0.190429687499993,195,150.2490234375,0.190429687499993,540.8203125,0.909868405713759,99.9836832465951,5,6,1,13,6.73060341462407e-13,1,2,1
P2/D3,324,18,16,30,14,17,33,14,16,17,18,30,33,0.190429687499993,195,0.190429687499993,195,150.2490234375,0.190429687499993,540.8203125,0.909868405713759,99.9836832465951,5,6,1,13,6.73060341462407e-13,1,2,1
P2/D3,325,18,16,17,33,30,14,14,16,17,18,30,33,0.190429687499993,195,135.966796875,195,0.190429687499993,0.190429687499993,526.5380859375,0.918996063882791,99.9814570243588,5,6,1,13,2.81413422030678e-13,1,2,1
P2/D3,326,18,16,17,33,14,30,14,16,17,18,30,33,0.190429687499993,195,135.966796875,195,0.190429687499993,0.190429687499993,526.5380859375,0.918996063882791,99.9814570243588,5,6,1,13,2.81413422030678e-13,1,2,1
P2/D3,327,18,16,17,30,33,14,14,16,17,18,30,33,0.190429687499993,195,135.966796875,195,0.190429687499993,0.190429687499993,526.5380859375,0.918996063882791,99.9814570243588,5,6,1,13,2.81413422030678e-13,1,2,1
P2/D3,328,18,16,17,30,14,33,14,16,17,18,30,33,0.190429687499993,195,135.966796875,195,0.190429687499993,0.190429687499993,526.5380859375,0.918996063882791,99.9814570243588,5,6,1,13,2.81413422030678e-13,1,2,1
P2/D3,329,18,16,17,14,33,30,14,16,17,18,30,33,0.190429687499993,195,135.966796875,195,0.190429687499993,0.190429687499993,526.5380859375,0.918996063882791,99.9814570243588,5,6,1,13,2.81413422030678e-13,1,2,1
P2/D3,330,18,16,17,14,30,33,14,16,17,18,30,33,0.190429687499993,195,135.966796875,195,0.190429687499993,0.190429687499993,526.5380859375,0.918996063882791,99.9814570243588,5,6,1,13,2.81413422030678e-13,1,2,1
P2/D3,331,18,16,14,33,30,17,14,16,17,18,30,33,138.8232421875,195,0.190429687499993,195,0.190429687499993,0.190429687499993,529.39453125,0.916529195468161,99.9834095747452,5,6,1,13,3.47402650278186e-13,1,2,1
P2/D3,332,18,16,14,33,17,30,14,16,17,18,30,33,138.8232421875,195,0.190429687499993,195,0.190429687499993,0.190429687499993,529.39453125,0.916529195468161,99.9834095747452,5,6,1,13,3.47402650278186e-13,1,2,1
P2/D3,333,18,16,14,30,33,17,14,16,17,18,30,33,138.8232421875,195,0.190429687499993,195,0.190429687499993,0.190429687499993,529.39453125,0.916529195468161,99.9834095747452,5,6,1,13,3.47402650278186e-13,1,2,1
P2/D3,334,18,16,14,30,17,33,14,16,17,18,30,33,138.8232421875,195,0.190429687499993,195,0.190429687499993,0.190429687499993,529.39453125,0.916529195468161,99.9834095747452,5,6,1,13,3.47402650278186e-13,1,2,1
P2/D3,335,18,16,14,17,33,30,14,16,17,18,30,33,138.8232421875,195,0.190429687499993,195,0.190429687499993,0.190429687499993,529.39453125,0.916529195468161,99.9834095747452,5,6,1,13,3.47402650278186e-13,1,2,1
P2/D3,336,18,16,14,17,30,33,14,16,17,18,30,33,138.8232421875,195,0.190429687499993,195,0.190429687499993,0.190429687499993,529.39453125,0.916529195468161,99.9834095747452,5,6,1,13,3.47402650278186e-13,1,2,1
P2/D3,337,18,14,33,30,17,16,14,16,17,18,30,33,195,0.190429687499993,0.190429687499993,195,0.190429687499993,151.201171875,541.7724609375,0.907898913565244,99.9825266994173,5,6,1,13,8.13682590581848e-13,1,2,1
P2/D3,338,18,14,33,30,16,17,14,16,17,18,30,33,195,0.190429687499993,0.190429687499993,195,0.190429687499993,151.201171875,541.7724609375,0.907898913565244,99.9825266994173,5,6,1,13,8.13682590581848e-13,1,2,1
P2/D3,339,18,14,33,17,30,16,14,16,17,18,30,33,195,0.190429687499993,0.190429687499993,195,0.190429687499993,151.201171875,541.7724609375,0.907898913565244,99.9825266994173,5,6,1,13,8.13682590581848e-13,1,2,1
P2/D3,340,18,14,33,17,16,30,14,16,17,18,30,33,195,0.190429687499993,0.190429687499993,195,0.190429687499993,151.201171875,541.7724609375,0.907898913565244,99.9825266994173,5,6,1,13,8.13682590581848e-13,1,2,1
P2/D3,341,18,14,33,16,30,17,14,16,17,18,30,33,195,0.190429687499993,0.190429687499993,195,0.190429687499993,151.201171875,541.7724609375,0.907898913565244,99.9825266994173,5,6,1,13,8.13682590581848e-13,1,2,1
P2/D3,342,18,14,33,16,17,30,14,16,17,18,30,33,195,0.190429687499993,0.190429687499993,195,0.190429687499993,151.201171875,541.7724609375,0.907898913565244,99.9825266994173,5,6,1,13,8.13682590581848e-13,1,2,1
P2/D3,343,18,14,30,33,17,16,14,16,17,18,30,33,195,0.190429687499993,0.190429687499993,195,153.8671875,0.190429687499993,544.4384765625,0.907900826984797,99.9818133711615,5,6,1,13,8.44200424933915e-13,1,2,1
P2/D3,344,18,14,30,33,16,17,14,16,17,18,30,33,195,0.190429687499993,0.190429687499993,195,153.8671875,0.190429687499993,544.4384765625,0.907900826984797,99.9818133711615,5,6,1,13,8.44200424933915e-13,1,2,1
P2/D3,345,18,14,30,17,33,16,14,16,17,18,30,33,195,0.190429687499993,0.190429687499993,195,153.8671875,0.190429687499993,544.4384765625,0.907900826984797,99.9818133711615,5,6,1,13,8.44200424933915e-13,1,2,1
P2/D3,346,18,14,30,17,16,33,14,16,17,18,30,33,195,0.190429687499993,0.190429687499993,195,153.8671875,0.190429687499993,544.4384765625,0.907900826984797,99.9818133711615,5,6,1,13,8.44200424933915e-13,1,2,1
P2/D3,347,18,14,30,16,33,17,14,16,17,18,30,33,195,0.190429687499993,0.190429687499993,195,153.8671875,0.190429687499993,544.4384765625,0.907900826984797,99.9818133711615,5,6,1,13,8.44200424933915e-13,1,2,1
P2/D3,348,18,14,30,16,17,33,14,16,17,18,30,33,195,0.190429687499993,0.190429687499993,195,153.8671875,0.190429687499993,544.4384765625,0.907900826984797,99.9818133711615,5,6,1,13,8.44200424933915e-13,1,2,1
P2/D3,349,18,14,17,33,30,16,14,16,17,18,30,33,195,0.190429687499993,138.251953125,195,0.190429687499993,0.190429687499993,528.8232421875,0.917248561608877,99.982101315643,5,6,1,13,3.28663730874664e-13,1,2,1
P2/D3,350,18,14,17,33,16,30,14,16,17,18,30,33,195,0.190429687499993,138.251953125,195,0.190429687499993,0.190429687499993,528.8232421875,0.917248561608877,99.982101315643,5,6,1,13,3.28663730874664e-13,1,2,1
P2/D3,351,18,14,17,30,33,16,14,16,17,18,30,33,195,0.190429687499993,138.251953125,195,0.190429687499993,0.190429687499993,528.8232421875,0.917248561608877,99.982101315643,5,6,1,13,3.28663730874664e-13,1,2,1
P2/D3,352,18,14,17,30,16,33,14,16,17,18,30,33,195,0.190429687499993,138.251953125,195,0.190429687499993,0.190429687499993,528.8232421875,0.917248561608877,99.982101315643,5,6,1,13,3.28663730874664e-13,1,2,1
P2/D3,353,18,14,17,16,33,30,14,16,17,18,30,33,195,0.190429687499993,138.251953125,195,0.190429687499993,0.190429687499993,528.8232421875,0.917248561608877,99.982101315643,5,6,1,13,3.28663730874664e-13,1,2,1
P2/D3,354,18,14,17,16,30,33,14,16,17,18,30,33,195,0.190429687499993,138.251953125,195,0.190429687499993,0.190429687499993,528.8232421875,0.917248561608877,99.982101315643,5,6,1,13,3.28663730874664e-13,1,2,1
P2/D3,355,18,14,16,33,30,17,14,16,17,18,30,33,195,139.5849609375,0.190429687499993,195,0.190429687499993,0.190429687499993,530.15625,0.91601717071068,99.9841465098606,5,6,1,13,3.66259534232206e-13,1,2,1
P2/D3,356,18,14,16,33,17,30,14,16,17,18,30,33,195,139.5849609375,0.190429687499993,195,0.190429687499993,0.190429687499993,530.15625,0.91601717071068,99.9841465098606,5,6,1,13,3.66259534232206e-13,1,2,1
P2/D3,357,18,14,16,30,33,17,14,16,17,18,30,33,195,139.5849609375,0.190429687499993,195,0.190429687499993,0.190429687499993,530.15625,0.91601717071068,99.9841465098606,5,6,1,13,3.66259534232206e-13,1,2,1
P2/D3,358,18,14,16,30,17,33,14,16,17,18,30,33,195,139.5849609375,0.190429687499993,195,0.190429687499993,0.190429687499993,530.15625,0.91601717071068,99.9841465098606,5,6,1,13,3.66259534232206e-13,1,2,1
P2/D3,359,18,14,16,17,33,30,14,16,17,18,30,33,195,139.5849609375,0.190429687499993,195,0.190429687499993,0.190429687499993,530.15625,0.91601717071068,99.9841465098606,5,6,1,13,3.66259534232206e-13,1,2,1
P2/D3,360,18,14,16,17,30,33,14,16,17,18,30,33,195,139.5849609375,0.190429687499993,195,0.190429687499993,0.190429687499993,530.15625,0.91601717071068,99.9841465098606,5,6,1,13,3.66259534232206e-13,1,2,1
P2/D3,361,17,33,30,18,16,14,14,16,17,18,30,33,0.190429687499993,0.190429687499993,195,0.190429687499993,175.95703125,195,566.5283203125,0.897248598922777,99.9805289767921,5,6,1,14,3.41517800219167e-13,1,2,1
P2/D3,362,17,33,30,18,14,16,14,16,17,18,30,33,0.190429687499993,0.190429687499993,195,0.190429687499993,175.95703125,195,566.5283203125,0.897248598922777,99.9805289767921,5,6,1,14,3.41517800219167e-13,1,2,1
P2/D3,363,17,33,30,16,18,14,14,16,17,18,30,33,0.190429687499993,0.190429687499993,195,0.190429687499993,175.95703125,195,566.5283203125,0.897248598922777,99.9805289767921,5,6,1,14,3.41517800219167e-13,1,2,1
P2/D3,364,17,33,30,16,14,18,14,16,17,18,30,33,0.190429687499993,0.190429687499993,195,0.190429687499993,175.95703125,195,566.5283203125,0.897248598922777,99.9805289767921,5,6,1,14,3.41517800219167e-13,1,2,1
P2/D3,365,17,33,30,14,18,16,14,16,17,18,30,33,0.190429687499993,0.190429687499993,195,0.190429687499993,175.95703125,195,566.5283203125,0.897248598922777,99.9805289767921,5,6,1,14,3.41517800219167e-13,1,2,1
P2/D3,366,17,33,30,14,16,18,14,16,17,18,30,33,0.190429687499993,0.190429687499993,195,0.190429687499993,175.95703125,195,566.5283203125,0.897248598922777,99.9805289767921,5,6,1,14,3.41517800219167e-13,1,2,1
P2/D3,367,17,33,18,30,16,14,14,16,17,18,30,33,0.190429687499993,0.190429687499993,195,150.8203125,0.190429687499993,195,541.3916015625,0.908487161458959,99.9820545582158,5,6,1,13,7.62096566379529e-13,1,2,1
P2/D3,368,17,33,18,30,14,16,14,16,17,18,30,33,0.190429687499993,0.190429687499993,195,150.8203125,0.190429687499993,195,541.3916015625,0.908487161458959,99.9820545582158,5,6,1,13,7.62096566379529e-13,1,2,1
P2/D3,369,17,33,18,16,30,14,14,16,17,18,30,33,0.190429687499993,0.190429687499993,195,150.8203125,0.190429687499993,195,541.3916015625,0.908487161458959,99.9820545582158,5,6,1,13,7.62096566379529e-13,1,2,1
P2/D3,370,17,33,18,16,14,30,14,16,17,18,30,33,0.190429687499993,0.190429687499993,195,150.8203125,0.190429687499993,195,541.3916015625,0.908487161458959,99.9820545582158,5,6,1,13,7.62096566379529e-13,1,2,1
P2/D3,371,17,33,18,14,30,16,14,16,17,18,30,33,0.190429687499993,0.190429687499993,195,150.8203125,0.190429687499993,195,541.3916015625,0.908487161458959,99.9820545582158,5,6,1,13,7.62096566379529e-13,1,2,1
P2/D3,372,17,33,18,14,16,30,14,16,17,18,30,33,0.190429687499993,0.190429687499993,195,150.8203125,0.190429687499993,195,541.3916015625,0.908487161458959,99.9820545582158,5,6,1,13,7.62096566379529e-13,1,2,1
P2/D3,373,17,33,16,30,18,14,14,16,17,18,30,33,0.190429687499993,152.9150390625,195,0.190429687499993,0.190429687499993,195,543.486328125,0.906371016738772,99.9809362323418,5,6,1,13,8.95191916574715e-13,1,2,1
P2/D3,374,17,33,16,30,14,18,14,16,17,18,30,33,0.190429687499993,152.9150390625,195,0.190429687499993,0.190429687499993,195,543.486328125,0.906371016738772,99.9809362323418,5,6,1,13,8.95191916574715e-13,1,2,1
P2/D3,375,17,33,16,18,30,14,14,16,17,18,30,33,0.190429687499993,152.9150390625,195,0.190429687499993,0.190429687499993,195,543.486328125,0.906371016738772,99.9809362323418,5,6,1,13,8.95191916574715e-13,1,2,1
P2/D3,376,17,33,16,18,14,30,14,16,17,18,30,33,0.190429687499993,152.9150390625,195,0.190429687499993,0.190429687499993,195,543.486328125,0.906371016738772,99.9809362323418,5,6,1,13,8.95191916574715e-13,1,2,1
P2/D3,377,17,33,16,14,30,18,14,16,17,18,30,33,0.190429687499993,152.9150390625,195,0.190429687499993,0.190429687499993,195,543.486328125,0.906371016738772,99.9809362323418,5,6,1,13,8.95191916574715e-13,1,2,1
P2/D3,378,17,33,16,14,18,30,14,16,17,18,30,33,0.190429687499993,152.9150390625,195,0.190429687499993,0.190429687499993,195,543.486328125,0.906371016738772,99.9809362323418,5,6,1,13,8.95191916574715e-13,1,2,1
P2/D3,379,17,33,14,30,18,16,14,16,17,18,30,33,155.5810546875,0.190429687499993,195,0.190429687499993,0.190429687499993,195,546.15234375,0.904946053944761,99.9801851072826,5,6,1,14,1.2693059464604e-13,1,2,1
P2/D3,380,17,33,14,30,16,18,14,16,17,18,30,33,155.5810546875,0.190429687499993,195,0.190429687499993,0.190429687499993,195,546.15234375,0.904946053944761,99.9801851072826,5,6,1,14,1.2693059464604e-13,1,2,1
P2/D3,381,17,33,14,18,30,16,14,16,17,18,30,33,155.5810546875,0.190429687499993,195,0.190429687499993,0.190429687499993,195,546.15234375,0.904946053944761,99.9801851072826,5,6,1,14,1.2693059464604e-13,1,2,1
P2/D3,382,17,33,14,18,16,30,14,16,17,18,30,33,155.5810546875,0.190429687499993,195,0.190429687499993,0.190429687499993,195,546.15234375,0.904946053944761,99.9801851072826,5,6,1,14,1.2693059464604e-13,1,2,1
P2/D3,383,17,33,14,16,30,18,14,16,17,18,30,33,155.5810546875,0.190429687499993,195,0.190429687499993,0.190429687499993,195,546.15234375,0.904946053944761,99.9801851072826,5,6,1,14,1.2693059464604e-13,1,2,1
P2/D3,384,17,33,14,16,18,30,14,16,17,18,30,33,155.5810546875,0.190429687499993,195,0.190429687499993,0.190429687499993,195,546.15234375,0.904946053944761,99.9801851072826,5,6,1,14,1.2693059464604e-13,1,2,1
P2/D3,385,17,30,33,18,16,14,14,16,17,18,30,33,0.190429687499993,0.190429687499993,195,0.190429687499993,195,176.1474609375,566.71875,0.897247863627063,99.9818826006084,5,6,1,14,3.42184987417164e-13,1,2,1
P2/D3,386,17,30,33,18,14,16,14,16,17,18,30,33,0.190429687499993,0.190429687499993,195,0.190429687499993,195,176.1474609375,566.71875,0.897247863627063,99.9818826006084,5,6,1,14,3.42184987417164e-13,1,2,1
P2/D3,387,17,30,33,16,18,14,14,16,17,18,30,33,0.190429687499993,0.190429687499993,195,0.190429687499993,195,176.1474609375,566.71875,0.897247863627063,99.9818826006084,5,6,1,14,3.42184987417164e-13,1,2,1
P2/D3,388,17,30,33,16,14,18,14,16,17,18,30,33,0.190429687499993,0.190429687499993,195,0.190429687499993,195,176.1474609375,566.71875,0.897247863627063,99.9818826006084,5,6,1,14,3.42184987417164e-13,1,2,1
P2/D3,389,17,30,33,14,18,16,14,16,17,18,30,33,0.190429687499993,0.190429687499993,195,0.190429687499993,195,176.1474609375,566.71875,0.897247863627063,99.9818826006084,5,6,1,14,3.42184987417164e-13,1,2,1
P2/D3,390,17,30,33,14,16,18,14,16,17,18,30,33,0.190429687499993,0.190429687499993,195,0.190429687499993,195,176.1474609375,566.71875,0.897247863627063,99.9818826006084,5,6,1,14,3.42184987417164e-13,1,2,1
P2/D3,391,17,30,18,33,16,14,14,16,17,18,30,33,0.190429687499993,0.190429687499993,195,153.6767578125,195,0.190429687499993,544.248046875,0.908698784518297,99.9813971264229,5,6,1,13,7.79829918189098e-13,1,2,1
P2/D3,392,17,30,18,33,14,16,14,16,17,18,30,33,0.190429687499993,0.190429687499993,195,153.6767578125,195,0.190429687499993,544.248046875,0.908698784518297,99.9813971264229,5,6,1,13,7.79829918189098e-13,1,2,1
P2/D3,393,17,30,18,16,33,14,14,16,17,18,30,33,0.190429687499993,0.190429687499993,195,153.6767578125,195,0.190429687499993,544.248046875,0.908698784518297,99.9813971264229,5,6,1,13,7.79829918189098e-13,1,2,1
P2/D3,394,17,30,18,16,14,33,14,16,17,18,30,33,0.190429687499993,0.190429687499993,195,153.6767578125,195,0.190429687499993,544.248046875,0.908698784518297,99.9813971264229,5,6,1,13,7.79829918189098e-13,1,2,1
P2/D3,395,17,30,18,14,33,16,14,16,17,18,30,33,0.190429687499993,0.190429687499993,195,153.6767578125,195,0.190429687499993,544.248046875,0.908698784518297,99.9813971264229,5,6,1,13,7.79829918189098e-13,1,2,1
P2/D3,396,17,30,18,14,16,33,14,16,17,18,30,33,0.190429687499993,0.190429687499993,195,153.6767578125,195,0.190429687499993,544.248046875,0.908698784518297,99.9813971264229,5,6,1,13,7.79829918189098e-13,1,2,1
P2/D3,397,17,30,16,33,18,14,14,16,17,18,30,33,0.190429687499993,155.771484375,195,0.190429687499993,195,0.190429687499993,546.3427734375,0.906541014700041,99.9810930127263,5,6,1,13,9.16514696347672e-13,1,2,1
P2/D3,398,17,30,16,33,14,18,14,16,17,18,30,33,0.190429687499993,155.771484375,195,0.190429687499993,195,0.190429687499993,546.3427734375,0.906541014700041,99.9810930127263,5,6,1,13,9.16514696347672e-13,1,2,1
P2/D3,399,17,30,16,18,33,14,14,16,17,18,30,33,0.190429687499993,155.771484375,195,0.190429687499993,195,0.190429687499993,546.3427734375,0.906541014700041,99.9810930127263,5,6,1,13,9.16514696347672e-13,1,2,1
P2/D3,400,17,30,16,18,14,33,14,16,17,18,30,33,0.190429687499993,155.771484375,195,0.190429687499993,195,0.190429687499993,546.3427734375,0.906541014700041,99.9810930127263,5,6,1,13,9.16514696347672e-13,1,2,1
P2/D3,401,17,30,16,14,33,18,14,16,17,18,30,33,0.190429687499993,155.771484375,195,0.190429687499993,195,0.190429687499993,546.3427734375,0.906541014700041,99.9810930127263,5,6,1,13,9.16514696347672e-13,1,2,1
P2/D3,402,17,30,16,14,18,33,14,16,17,18,30,33,0.190429687499993,155.771484375,195,0.190429687499993,195,0.190429687499993,546.3427734375,0.906541014700041,99.9810930127263,5,6,1,13,9.16514696347672e-13,1,2,1
P2/D3,403,17,30,14,33,18,16,14,16,17,18,30,33,158.4375,0.190429687499993,195,0.190429687499993,195,0.190429687499993,549.0087890625,0.905086851085492,99.9815886066167,5,6,1,14,1.29822805788893e-13,1,2,1
P2/D3,404,17,30,14,33,16,18,14,16,17,18,30,33,158.4375,0.190429687499993,195,0.190429687499993,195,0.190429687499993,549.0087890625,0.905086851085492,99.9815886066167,5,6,1,14,1.29822805788893e-13,1,2,1
P2/D3,405,17,30,14,18,33,16,14,16,17,18,30,33,158.4375,0.190429687499993,195,0.190429687499993,195,0.190429687499993,549.0087890625,0.905086851085492,99.9815886066167,5,6,1,14,1.29822805788893e-13,1,2,1
P2/D3,406,17,30,14,18,16,33,14,16,17,18,30,33,158.4375,0.190429687499993,195,0.190429687499993,195,0.190429687499993,549.0087890625,0.905086851085492,99.9815886066167,5,6,1,14,1.29822805788893e-13,1,2,1
P2/D3,407,17,30,14,16,33,18,14,16,17,18,30,33,158.4375,0.190429687499993,195,0.190429687499993,195,0.190429687499993,549.0087890625,0.905086851085492,99.9815886066167,5,6,1,14,1.29822805788893e-13,1,2,1
P2/D3,408,17,30,14,16,18,33,14,16,17,18,30,33,158.4375,0.190429687499993,195,0.190429687499993,195,0.190429687499993,549.0087890625,0.905086851085492,99.9815886066167,5,6,1,14,1.29822805788893e-13,1,2,1
P2/D3,409,17,18,33,30,16,14,14,16,17,18,30,33,0.190429687499993,0.190429687499993,195,195,0.190429687499993,145.869140625,536.4404296875,0.911713774304127,99.9791181370079,5,6,1,13,5.56512864436054e-13,1,2,1
P2/D3,410,17,18,33,30,14,16,14,16,17,18,30,33,0.190429687499993,0.190429687499993,195,195,0.190429687499993,145.869140625,536.4404296875,0.911713774304127,99.9791181370079,5,6,1,13,5.56512864436054e-13,1,2,1
P2/D3,411,17,18,33,16,30,14,14,16,17,18,30,33,0.190429687499993,0.190429687499993,195,195,0.190429687499993,145.869140625,536.4404296875,0.911713774304127,99.9791181370079,5,6,1,13,5.56512864436054e-13,1,2,1
P2/D3,412,17,18,33,16,14,30,14,16,17,18,30,33,0.190429687499993,0.190429687499993,195,195,0.190429687499993,145.869140625,536.4404296875,0.911713774304127,99.9791181370079,5,6,1,13,5.56512864436054e-13,1,2,1
P2/D3,413,17,18,33,14,30,16,14,16,17,18,30,33,0.190429687499993,0.190429687499993,195,195,0.190429687499993,145.869140625,536.4404296875,0.911713774304127,99.9791181370079,5,6,1,13,5.56512864436054e-13,1,2,1
P2/D3,414,17,18,33,14,16,30,14,16,17,18,30,33,0.190429687499993,0.190429687499993,195,195,0.190429687499993,145.869140625,536.4404296875,0.911713774304127,99.9791181370079,5,6,1,13,5.56512864436054e-13,1,2,1
P2/D3,415,17,18,30,33,16,14,14,16,17,18,30,33,0.190429687499993,0.190429687499993,195,195,148.3447265625,0.190429687499993,538.916015625,0.911713733956817,99.9813274170802,5,6,1,13,5.79199899281639e-13,1,2,1
P2/D3,416,17,18,30,33,14,16,14,16,17,18,30,33,0.190429687499993,0.190429687499993,195,195,148.3447265625,0.190429687499993,538.916015625,0.911713733956817,99.9813274170802,5,6,1,13,5.79199899281639e-13,1,2,1
P2/D3,417,17,18,30,16,33,14,14,16,17,18,30,33,0.190429687499993,0.190429687499993,195,195,148.3447265625,0.190429687499993,538.916015625,0.911713733956817,99.9813274170802,5,6,1,13,5.79199899281639e-13,1,2,1
P2/D3,418,17,18,30,16,14,33,14,16,17,18,30,33,0.190429687499993,0.190429687499993,195,195,148.3447265625,0.190429687499993,538.916015625,0.911713733956817,99.9813274170802,5,6,1,13,5.79199899281639e-13,1,2,1
P2/D3,419,17,18,30,14,33,16,14,16,17,18,30,33,0.190429687499993,0.190429687499993,195,195,148.3447265625,0.190429687499993,538.916015625,0.911713733956817,99.9813274170802,5,6,1,13,5.79199899281639e-13,1,2,1
P2/D3,420,17,18,30,14,16,33,14,16,17,18,30,33,0.190429687499993,0.190429687499993,195,195,148.3447265625,0.190429687499993,538.916015625,0.911713733956817,99.9813274170802,5,6,1,13,5.79199899281639e-13,1,2,1
P2/D3,421,17,18,16,33,30,14,14,16,17,18,30,33,0.190429687499993,135.5859375,195,195,0.190429687499993,0.190429687499993,526.1572265625,0.919517236536118,99.9812139410623,5,6,1,13,2.72471086710004e-13,1,2,1
P2/D3,422,17,18,16,33,14,30,14,16,17,18,30,33,0.190429687499993,135.5859375,195,195,0.190429687499993,0.190429687499993,526.1572265625,0.919517236536118,99.9812139410623,5,6,1,13,2.72471086710004e-13,1,2,1
P2/D3,423,17,18,16,30,33,14,14,16,17,18,30,33,0.190429687499993,135.5859375,195,195,0.190429687499993,0.190429687499993,526.1572265625,0.919517236536118,99.9812139410623,5,6,1,13,2.72471086710004e-13,1,2,1
P2/D3,424,17,18,16,30,14,33,14,16,17,18,30,33,0.190429687499993,135.5859375,195,195,0.190429687499993,0.190429687499993,526.1572265625,0.919517236536118,99.9812139410623,5,6,1,13,2.72471086710004e-13,1,2,1
P2/D3,425,17,18,16,14,33,30,14,16,17,18,30,33,0.190429687499993,135.5859375,195,195,0.190429687499993,0.190429687499993,526.1572265625,0.919517236536118,99.9812139410623,5,6,1,13,2.72471086710004e-13,1,2,1
P2/D3,426,17,18,16,14,30,33,14,16,17,18,30,33,0.190429687499993,135.5859375,195,195,0.190429687499993,0.190429687499993,526.1572265625,0.919517236536118,99.9812139410623,5,6,1,13,2.72471086710004e-13,1,2,1
P2/D3,427,17,18,14,33,30,16,14,16,17,18,30,33,137.109375,0.190429687499993,195,195,0.190429687499993,0.190429687499993,527.6806640625,0.918277461257764,99.9809872796864,5,6,1,13,3.02320351413145e-13,1,2,1
P2/D3,428,17,18,14,33,16,30,14,16,17,18,30,33,137.109375,0.190429687499993,195,195,0.190429687499993,0.190429687499993,527.6806640625,0.918277461257764,99.9809872796864,5,6,1,13,3.02320351413145e-13,1,2,1
P2/D3,429,17,18,14,30,33,16,14,16,17,18,30,33,137.109375,0.190429687499993,195,195,0.190429687499993,0.190429687499993,527.6806640625,0.918277461257764,99.9809872796864,5,6,1,13,3.02320351413145e-13,1,2,1
P2/D3,430,17,18,14,30,16,33,14,16,17,18,30,33,137.109375,0.190429687499993,195,195,0.190429687499993,0.190429687499993,527.6806640625,0.918277461257764,99.9809872796864,5,6,1,13,3.02320351413145e-13,1,2,1
P2/D3,431,17,18,14,16,33,30,14,16,17,18,30,33,137.109375,0.190429687499993,195,195,0.190429687499993,0.190429687499993,527.6806640625,0.918277461257764,99.9809872796864,5,6,1,13,3.02320351413145e-13,1,2,1
P2/D3,432,17,18,14,16,30,33,14,16,17,18,30,33,137.109375,0.190429687499993,195,195,0.190429687499993,0.190429687499993,527.6806640625,0.918277461257764,99.9809872796864,5,6,1,13,3.02320351413145e-13,1,2,1
P2/D3,433,17,16,33,30,18,14,14,16,17,18,30,33,0.190429687499993,195,195,0.190429687499993,0.190429687499993,148.53515625,539.1064453125,0.90884408081805,99.9787899668738,5,6,1,13,6.85904210910135e-13,1,2,1
P2/D3,434,17,16,33,30,14,18,14,16,17,18,30,33,0.190429687499993,195,195,0.190429687499993,0.190429687499993,148.53515625,539.1064453125,0.90884408081805,99.9787899668738,5,6,1,13,6.85904210910135e-13,1,2,1
P2/D3,435,17,16,33,18,30,14,14,16,17,18,30,33,0.190429687499993,195,195,0.190429687499993,0.190429687499993,148.53515625,539.1064453125,0.90884408081805,99.9787899668738,5,6,1,13,6.85904210910135e-13,1,2,1
P2/D3,436,17,16,33,18,14,30,14,16,17,18,30,33,0.190429687499993,195,195,0.190429687499993,0.190429687499993,148.53515625,539.1064453125,0.90884408081805,99.9787899668738,5,6,1,13,6.85904210910135e-13,1,2,1
P2/D3,437,17,16,33,14,30,18,14,16,17,18,30,33,0.190429687499993,195,195,0.190429687499993,0.190429687499993,148.53515625,539.1064453125,0.90884408081805,99.9787899668738,5,6,1,13,6.85904210910135e-13,1,2,1
P2/D3,438,17,16,33,14,18,30,14,16,17,18,30,33,0.190429687499993,195,195,0.190429687499993,0.190429687499993,148.53515625,539.1064453125,0.90884408081805,99.9787899668738,5,6,1,13,6.85904210910135e-13,1,2,1
P2/D3,439,17,16,30,33,18,14,14,16,17,18,30,33,0.190429687499993,195,195,0.190429687499993,151.0107421875,0.190429687499993,541.58203125,0.908843413958462,99.9820406736393,5,6,1,13,7.1296207287097e-13,1,2,1
P2/D3,440,17,16,30,33,14,18,14,16,17,18,30,33,0.190429687499993,195,195,0.190429687499993,151.0107421875,0.190429687499993,541.58203125,0.908843413958462,99.9820406736393,5,6,1,13,7.1296207287097e-13,1,2,1
P2/D3,441,17,16,30,18,33,14,14,16,17,18,30,33,0.190429687499993,195,195,0.190429687499993,151.0107421875,0.190429687499993,541.58203125,0.908843413958462,99.9820406736393,5,6,1,13,7.1296207287097e-13,1,2,1
P2/D3,442,17,16,30,18,14,33,14,16,17,18,30,33,0.190429687499993,195,195,0.190429687499993,151.0107421875,0.190429687499993,541.58203125,0.908843413958462,99.9820406736393,5,6,1,13,7.1296207287097e-13,1,2,1
P2/D3,443,17,16,30,14,33,18,14,16,17,18,30,33,0.190429687499993,195,195,0.190429687499993,151.0107421875,0.190429687499993,541.58203125,0.908843413958462,99.9820406736393,5,6,1,13,7.1296207287097e-13,1,2,1
P2/D3,444,17,16,30,14,18,33,14,16,17,18,30,33,0.190429687499993,195,195,0.190429687499993,151.0107421875,0.190429687499993,541.58203125,0.908843413958462,99.9820406736393,5,6,1,13,7.1296207287097e-13,1,2,1
P2/D3,445,17,16,18,33,30,14,14,16,17,18,30,33,0.190429687499993,195,195,136.1572265625,0.190429687499993,0.190429687499993,526.728515625,0.918708745080341,99.9793644778359,5,6,1,13,2.84323728030439e-13,1,2,1
P2/D3,446,17,16,18,33,14,30,14,16,17,18,30,33,0.190429687499993,195,195,136.1572265625,0.190429687499993,0.190429687499993,526.728515625,0.918708745080341,99.9793644778359,5,6,1,13,2.84323728030439e-13,1,2,1
P2/D3,447,17,16,18,30,33,14,14,16,17,18,30,33,0.190429687499993,195,195,136.1572265625,0.190429687499993,0.190429687499993,526.728515625,0.918708745080341,99.9793644778359,5,6,1,13,2.84323728030439e-13,1,2,1
P2/D3,448,17,16,18,30,14,33,14,16,17,18,30,33,0.190429687499993,195,195,136.1572265625,0.190429687499993,0.190429687499993,526.728515625,0.918708745080341,99.9793644778359,5,6,1,13,2.84323728030439e-13,1,2,1
P2/D3,449,17,16,18,14,33,30,14,16,17,18,30,33,0.190429687499993,195,195,136.1572265625,0.190429687499993,0.190429687499993,526.728515625,0.918708745080341,99.9793644778359,5,6,1,13,2.84323728030439e-13,1,2,1
P2/D3,450,17,16,18,14,30,33,14,16,17,18,30,33,0.190429687499993,195,195,136.1572265625,0.190429687499993,0.190429687499993,526.728515625,0.918708745080341,99.9793644778359,5,6,1,13,2.84323728030439e-13,1,2,1
P2/D3,451,17,16,14,33,30,18,14,16,17,18,30,33,139.5849609375,195,195,0.190429687499993,0.190429687499993,0.190429687499993,530.15625,0.915550214191136,99.9796728128818,5,6,1,13,3.66671929069731e-13,1,2,1
P2/D3,452,17,16,14,33,18,30,14,16,17,18,30,33,139.5849609375,195,195,0.190429687499993,0.190429687499993,0.190429687499993,530.15625,0.915550214191136,99.9796728128818,5,6,1,13,3.66671929069731e-13,1,2,1
P2/D3,453,17,16,14,30,33,18,14,16,17,18,30,33,139.5849609375,195,195,0.190429687499993,0.190429687499993,0.190429687499993,530.15625,0.915550214191136,99.9796728128818,5,6,1,13,3.66671929069731e-13,1,2,1
P2/D3,454,17,16,14,30,18,33,14,16,17,18,30,33,139.5849609375,195,195,0.190429687499993,0.190429687499993,0.190429687499993,530.15625,0.915550214191136,99.9796728128818,5,6,1,13,3.66671929069731e-13,1,2,1
P2/D3,455,17,16,14,18,33,30,14,16,17,18,30,33,139.5849609375,195,195,0.190429687499993,0.190429687499993,0.190429687499993,530.15625,0.915550214191136,99.9796728128818,5,6,1,13,3.66671929069731e-13,1,2,1
P2/D3,456,17,16,14,18,30,33,14,16,17,18,30,33,139.5849609375,195,195,0.190429687499993,0.190429687499993,0.190429687499993,530.15625,0.915550214191136,99.9796728128818,5,6,1,13,3.66671929069731e-13,1,2,1
P2/D3,457,17,14,33,30,18,16,14,16,17,18,30,33,195,0.190429687499993,195,0.190429687499993,0.190429687499993,151.962890625,542.5341796875,0.906871389708257,99.9807730567362,5,6,1,13,8.62415920646302e-13,1,2,1
P2/D3,458,17,14,33,30,16,18,14,16,17,18,30,33,195,0.190429687499993,195,0.190429687499993,0.190429687499993,151.962890625,542.5341796875,0.906871389708257,99.9807730567362,5,6,1,13,8.62415920646302e-13,1,2,1
P2/D3,459,17,14,33,18,30,16,14,16,17,18,30,33,195,0.190429687499993,195,0.190429687499993,0.190429687499993,151.962890625,542.5341796875,0.906871389708257,99.9807730567362,5,6,1,13,8.62415920646302e-13,1,2,1
P2/D3,460,17,14,33,18,16,30,14,16,17,18,30,33,195,0.190429687499993,195,0.190429687499993,0.190429687499993,151.962890625,542.5341796875,0.906871389708257,99.9807730567362,5,6,1,13,8.62415920646302e-13,1,2,1
P2/D3,461,17,14,33,16,30,18,14,16,17,18,30,33,195,0.190429687499993,195,0.190429687499993,0.190429687499993,151.962890625,542.5341796875,0.906871389708257,99.9807730567362,5,6,1,13,8.62415920646302e-13,1,2,1
P2/D3,462,17,14,33,16,18,30,14,16,17,18,30,33,195,0.190429687499993,195,0.190429687499993,0.190429687499993,151.962890625,542.5341796875,0.906871389708257,99.9807730567362,5,6,1,13,8.62415920646302e-13,1,2,1
P2/D3,463,17,14,30,33,18,16,14,16,17,18,30,33,195,0.190429687499993,195,0.190429687499993,154.62890625,0.190429687499993,545.2001953125,0.906873128491219,99.9803521236897,5,6,1,13,8.94172507852056e-13,1,2,1
P2/D3,464,17,14,30,33,16,18,14,16,17,18,30,33,195,0.190429687499993,195,0.190429687499993,154.62890625,0.190429687499993,545.2001953125,0.906873128491219,99.9803521236897,5,6,1,13,8.94172507852056e-13,1,2,1
P2/D3,465,17,14,30,18,33,16,14,16,17,18,30,33,195,0.190429687499993,195,0.190429687499993,154.62890625,0.190429687499993,545.2001953125,0.906873128491219,99.9803521236897,5,6,1,13,8.94172507852056e-13,1,2,1
P2/D3,466,17,14,30,18,16,33,14,16,17,18,30,33,195,0.190429687499993,195,0.190429687499993,154.62890625,0.190429687499993,545.2001953125,0.906873128491219,99.9803521236897,5,6,1,13,8.94172507852056e-13,1,2,1
P2/D3,467,17,14,30,16,33,18,14,16,17,18,30,33,195,0.190429687499993,195,0.190429687499993,154.62890625,0.190429687499993,545.2001953125,0.906873128491219,99.9803521236897,5,6,1,13,8.94172507852056e-13,1,2,1
P2/D3,468,17,14,30,16,18,33,14,16,17,18,30,33,195,0.190429687499993,195,0.190429687499993,154.62890625,0.190429687499993,545.2001953125,0.906873128491219,99.9803521236897,5,6,1,13,8.94172507852056e-13,1,2,1
P2/D3,469,17,14,18,33,30,16,14,16,17,18,30,33,195,0.190429687499993,195,138.4423828125,0.190429687499993,0.190429687499993,529.013671875,0.916972613818626,99.9798406352644,5,6,1,13,3.32139523437384e-13,1,2,1
P2/D3,470,17,14,18,33,16,30,14,16,17,18,30,33,195,0.190429687499993,195,138.4423828125,0.190429687499993,0.190429687499993,529.013671875,0.916972613818626,99.9798406352644,5,6,1,13,3.32139523437384e-13,1,2,1
P2/D3,471,17,14,18,30,33,16,14,16,17,18,30,33,195,0.190429687499993,195,138.4423828125,0.190429687499993,0.190429687499993,529.013671875,0.916972613818626,99.9798406352644,5,6,1,13,3.32139523437384e-13,1,2,1
P2/D3,472,17,14,18,30,16,33,14,16,17,18,30,33,195,0.190429687499993,195,138.4423828125,0.190429687499993,0.190429687499993,529.013671875,0.916972613818626,99.9798406352644,5,6,1,13,3.32139523437384e-13,1,2,1
P2/D3,473,17,14,18,16,33,30,14,16,17,18,30,33,195,0.190429687499993,195,138.4423828125,0.190429687499993,0.190429687499993,529.013671875,0.916972613818626,99.9798406352644,5,6,1,13,3.32139523437384e-13,1,2,1
P2/D3,474,17,14,18,16,30,33,14,16,17,18,30,33,195,0.190429687499993,195,138.4423828125,0.190429687499993,0.190429687499993,529.013671875,0.916972613818626,99.9798406352644,5,6,1,13,3.32139523437384e-13,1,2,1
P2/D3,475,17,14,16,33,30,18,14,16,17,18,30,33,195,140.3466796875,195,0.190429687499993,0.190429687499993,0.190429687499993,530.91796875,0.915045307967203,99.9801273880785,5,6,1,13,3.86320258939732e-13,1,2,1
P2/D3,476,17,14,16,33,18,30,14,16,17,18,30,33,195,140.3466796875,195,0.190429687499993,0.190429687499993,0.190429687499993,530.91796875,0.915045307967203,99.9801273880785,5,6,1,13,3.86320258939732e-13,1,2,1
P2/D3,477,17,14,16,30,33,18,14,16,17,18,30,33,195,140.3466796875,195,0.190429687499993,0.190429687499993,0.190429687499993,530.91796875,0.915045307967203,99.9801273880785,5,6,1,13,3.86320258939732e-13,1,2,1
P2/D3,478,17,14,16,30,18,33,14,16,17,18,30,33,195,140.3466796875,195,0.190429687499993,0.190429687499993,0.190429687499993,530.91796875,0.915045307967203,99.9801273880785,5,6,1,13,3.86320258939732e-13,1,2,1
P2/D3,479,17,14,16,18,33,30,14,16,17,18,30,33,195,140.3466796875,195,0.190429687499993,0.190429687499993,0.190429687499993,530.91796875,0.915045307967203,99.9801273880785,5,6,1,13,3.86320258939732e-13,1,2,1
P2/D3,480,17,14,16,18,30,33,14,16,17,18,30,33,195,140.3466796875,195,0.190429687499993,0.190429687499993,0.190429687499993,530.91796875,0.915045307967203,99.9801273880785,5,6,1,13,3.86320258939732e-13,1,2,1
P2/D3,481,16,33,30,18,17,14,14,16,17,18,30,33,0.190429687499993,195,0.190429687499993,0.190429687499993,179.765625,195,570.3369140625,0.895265422623184,99.9815242046458,5,6,1,14,4.42749019113878e-13,1,2,1
P2/D3,482,16,33,30,18,14,17,14,16,17,18,30,33,0.190429687499993,195,0.190429687499993,0.190429687499993,179.765625,195,570.3369140625,0.895265422623184,99.9815242046458,5,6,1,14,4.42749019113878e-13,1,2,1
P2/D3,483,16,33,30,17,18,14,14,16,17,18,30,33,0.190429687499993,195,0.190429687499993,0.190429687499993,179.765625,195,570.3369140625,0.895265422623184,99.9815242046458,5,6,1,14,4.42749019113878e-13,1,2,1
P2/D3,484,16,33,30,17,14,18,14,16,17,18,30,33,0.190429687499993,195,0.190429687499993,0.190429687499993,179.765625,195,570.3369140625,0.895265422623184,99.9815242046458,5,6,1,14,4.42749019113878e-13,1,2,1
P2/D3,485,16,33,30,14,18,17,14,16,17,18,30,33,0.190429687499993,195,0.190429687499993,0.190429687499993,179.765625,195,570.3369140625,0.895265422623184,99.9815242046458,5,6,1,14,4.42749019113878e-13,1,2,1
P2/D3,486,16,33,30,14,17,18,14,16,17,18,30,33,0.190429687499993,195,0.190429687499993,0.190429687499993,179.765625,195,570.3369140625,0.895265422623184,99.9815242046458,5,6,1,14,4.42749019113878e-13,1,2,1
P2/D3,487,16,33,18,30,17,14,14,16,17,18,30,33,0.190429687499993,195,0.190429687499993,152.9150390625,0.190429687499993,195,543.486328125,0.906768472963526,99.9817072922561,5,6,1,13,8.92096966750248e-13,1,2,1
P2/D3,488,16,33,18,30,14,17,14,16,17,18,30,33,0.190429687499993,195,0.190429687499993,152.9150390625,0.190429687499993,195,543.486328125,0.906768472963526,99.9817072922561,5,6,1,13,8.92096966750248e-13,1,2,1
P2/D3,489,16,33,18,17,30,14,14,16,17,18,30,33,0.190429687499993,195,0.190429687499993,152.9150390625,0.190429687499993,195,543.486328125,0.906768472963526,99.9817072922561,5,6,1,13,8.92096966750248e-13,1,2,1
P2/D3,490,16,33,18,17,14,30,14,16,17,18,30,33,0.190429687499993,195,0.190429687499993,152.9150390625,0.190429687499993,195,543.486328125,0.906768472963526,99.9817072922561,5,6,1,13,8.92096966750248e-13,1,2,1
P2/D3,491,16,33,18,14,30,17,14,16,17,18,30,33,0.190429687499993,195,0.190429687499993,152.9150390625,0.190429687499993,195,543.486328125,0.906768472963526,99.9817072922561,5,6,1,13,8.92096966750248e-13,1,2,1
P2/D3,492,16,33,18,14,17,30,14,16,17,18,30,33,0.190429687499993,195,0.190429687499993,152.9150390625,0.190429687499993,195,543.486328125,0.906768472963526,99.9817072922561,5,6,1,13,8.92096966750248e-13,1,2,1
P2/D3,493,16,33,17,30,18,14,14,16,17,18,30,33,0.190429687499993,195,153.486328125,0.190429687499993,0.190429687499993,195,544.0576171875,0.905996697005888,99.980837409557,5,6,1,13,9.33416389741811e-13,1,2,1
P2/D3,494,16,33,17,30,14,18,14,16,17,18,30,33,0.190429687499993,195,153.486328125,0.190429687499993,0.190429687499993,195,544.0576171875,0.905996697005888,99.980837409557,5,6,1,13,9.33416389741811e-13,1,2,1
P2/D3,495,16,33,17,18,30,14,14,16,17,18,30,33,0.190429687499993,195,153.486328125,0.190429687499993,0.190429687499993,195,544.0576171875,0.905996697005888,99.980837409557,5,6,1,13,9.33416389741811e-13,1,2,1
P2/D3,496,16,33,17,18,14,30,14,16,17,18,30,33,0.190429687499993,195,153.486328125,0.190429687499993,0.190429687499993,195,544.0576171875,0.905996697005888,99.980837409557,5,6,1,13,9.33416389741811e-13,1,2,1
P2/D3,497,16,33,17,14,30,18,14,16,17,18,30,33,0.190429687499993,195,153.486328125,0.190429687499993,0.190429687499993,195,544.0576171875,0.905996697005888,99.980837409557,5,6,1,13,9.33416389741811e-13,1,2,1
P2/D3,498,16,33,17,14,18,30,14,16,17,18,30,33,0.190429687499993,195,153.486328125,0.190429687499993,0.190429687499993,195,544.0576171875,0.905996697005888,99.980837409557,5,6,1,13,9.33416389741811e-13,1,2,1
P2/D3,499,16,33,14,30,18,17,14,16,17,18,30,33,158.818359375,195,0.190429687499993,0.190429687499993,0.190429687499993,195,549.3896484375,0.903143425043646,99.9820243519227,5,6,1,14,1.63652111788472e-13,1,2,1
P2/D3,500,16,33,14,30,17,18,14,16,17,18,30,33,158.818359375,195,0.190429687499993,0.190429687499993,0.190429687499993,195,549.3896484375,0.903143425043646,99.9820243519227,5,6,1,14,1.63652111788472e-13,1,2,1
P2/D3,501,16,33,14,18,30,17,14,16,17,18,30,33,158.818359375,195,0.190429687499993,0.190429687499993,0.190429687499993,195,549.3896484375,0.903143425043646,99.9820243519227,5,6,1,14,1.63652111788472e-13,1,2,1
P2/D3,502,16,33,14,18,17,30,14,16,17,18,30,33,158.818359375,195,0.190429687499993,0.190429687499993,0.190429687499993,195,549.3896484375,0.903143425043646,99.9820243519227,5,6,1,14,1.63652111788472e-13,1,2,1
P2/D3,503,16,33,14,17,30,18,14,16,17,18,30,33,158.818359375,195,0.190429687499993,0.190429687499993,0.190429687499993,195,549.3896484375,0.903143425043646,99.9820243519227,5,6,1,14,1.63652111788472e-13,1,2,1
P2/D3,504,16,33,14,17,18,30,14,16,17,18,30,33,158.818359375,195,0.190429687499993,0.190429687499993,0.190429687499993,195,549.3896484375,0.903143425043646,99.9820243519227,5,6,1,14,1.63652111788472e-13,1,2,1
P2/D3,505,16,30,33,18,17,14,14,16,17,18,30,33,0.190429687499993,195,0.190429687499993,0.190429687499993,195,179.9560546875,570.52734375,0.895265503666556,99.9815836831887,5,6,1,14,4.43749789911899e-13,1,2,1
P2/D3,506,16,30,33,18,14,17,14,16,17,18,30,33,0.190429687499993,195,0.190429687499993,0.190429687499993,195,179.9560546875,570.52734375,0.895265503666556,99.9815836831887,5,6,1,14,4.43749789911899e-13,1,2,1
P2/D3,507,16,30,33,17,18,14,14,16,17,18,30,33,0.190429687499993,195,0.190429687499993,0.190429687499993,195,179.9560546875,570.52734375,0.895265503666556,99.9815836831887,5,6,1,14,4.43749789911899e-13,1,2,1
P2/D3,508,16,30,33,17,14,18,14,16,17,18,30,33,0.190429687499993,195,0.190429687499993,0.190429687499993,195,179.9560546875,570.52734375,0.895265503666556,99.9815836831887,5,6,1,14,4.43749789911899e-13,1,2,1
P2/D3,509,16,30,33,14,18,17,14,16,17,18,30,33,0.190429687499993,195,0.190429687499993,0.190429687499993,195,179.9560546875,570.52734375,0.895265503666556,99.9815836831887,5,6,1,14,4.43749789911899e-13,1,2,1
P2/D3,510,16,30,33,14,17,18,14,16,17,18,30,33,0.190429687499993,195,0.190429687499993,0.190429687499993,195,179.9560546875,570.52734375,0.895265503666556,99.9815836831887,5,6,1,14,4.43749789911899e-13,1,2,1
P2/D3,511,16,30,18,33,17,14,14,16,17,18,30,33,0.190429687499993,195,0.190429687499993,155.771484375,195,0.190429687499993,546.3427734375,0.906982367222224,99.9804652147465,5,6,1,13,9.10151957260386e-13,1,2,1
P2/D3,512,16,30,18,33,14,17,14,16,17,18,30,33,0.190429687499993,195,0.190429687499993,155.771484375,195,0.190429687499993,546.3427734375,0.906982367222224,99.9804652147465,5,6,1,13,9.10151957260386e-13,1,2,1
P2/D3,513,16,30,18,17,33,14,14,16,17,18,30,33,0.190429687499993,195,0.190429687499993,155.771484375,195,0.190429687499993,546.3427734375,0.906982367222224,99.9804652147465,5,6,1,13,9.10151957260386e-13,1,2,1
P2/D3,514,16,30,18,17,14,33,14,16,17,18,30,33,0.190429687499993,195,0.190429687499993,155.771484375,195,0.190429687499993,546.3427734375,0.906982367222224,99.9804652147465,5,6,1,13,9.10151957260386e-13,1,2,1
P2/D3,515,16,30,18,14,33,17,14,16,17,18,30,33,0.190429687499993,195,0.190429687499993,155.771484375,195,0.190429687499993,546.3427734375,0.906982367222224,99.9804652147465,5,6,1,13,9.10151957260386e-13,1,2,1
P2/D3,516,16,30,18,14,17,33,14,16,17,18,30,33,0.190429687499993,195,0.190429687499993,155.771484375,195,0.190429687499993,546.3427734375,0.906982367222224,99.9804652147465,5,6,1,13,9.10151957260386e-13,1,2,1
P2/D3,517,16,30,17,33,18,14,14,16,17,18,30,33,0.190429687499993,195,156.3427734375,0.190429687499993,195,0.190429687499993,546.9140625,0.906195778352493,99.9797878347708,5,6,1,13,9.51926271452779e-13,1,2,1
P2/D3,518,16,30,17,33,14,18,14,16,17,18,30,33,0.190429687499993,195,156.3427734375,0.190429687499993,195,0.190429687499993,546.9140625,0.906195778352493,99.9797878347708,5,6,1,13,9.51926271452779e-13,1,2,1
P2/D3,519,16,30,17,18,33,14,14,16,17,18,30,33,0.190429687499993,195,156.3427734375,0.190429687499993,195,0.190429687499993,546.9140625,0.906195778352493,99.9797878347708,5,6,1,13,9.51926271452779e-13,1,2,1
P2/D3,520,16,30,17,18,14,33,14,16,17,18,30,33,0.190429687499993,195,156.3427734375,0.190429687499993,195,0.190429687499993,546.9140625,0.906195778352493,99.9797878347708,5,6,1,13,9.51926271452779e-13,1,2,1
P2/D3,521,16,30,17,14,33,18,14,16,17,18,30,33,0.190429687499993,195,156.3427734375,0.190429687499993,195,0.190429687499993,546.9140625,0.906195778352493,99.9797878347708,5,6,1,13,9.51926271452779e-13,1,2,1
P2/D3,522,16,30,17,14,18,33,14,16,17,18,30,33,0.190429687499993,195,156.3427734375,0.190429687499993,195,0.190429687499993,546.9140625,0.906195778352493,99.9797878347708,5,6,1,13,9.51926271452779e-13,1,2,1
P2/D3,523,16,30,14,33,18,17,14,16,17,18,30,33,161.865234375,195,0.190429687499993,0.190429687499993,195,0.190429687499993,552.4365234375,0.90329748345342,99.9779391609071,5,6,1,14,1.67210751250574e-13,1,2,1
P2/D3,524,16,30,14,33,17,18,14,16,17,18,30,33,161.865234375,195,0.190429687499993,0.190429687499993,195,0.190429687499993,552.4365234375,0.90329748345342,99.9779391609071,5,6,1,14,1.67210751250574e-13,1,2,1
P2/D3,525,16,30,14,18,33,17,14,16,17,18,30,33,161.865234375,195,0.190429687499993,0.190429687499993,195,0.190429687499993,552.4365234375,0.90329748345342,99.9779391609071,5,6,1,14,1.67210751250574e-13,1,2,1
P2/D3,526,16,30,14,18,17,33,14,16,17,18,30,33,161.865234375,195,0.190429687499993,0.190429687499993,195,0.190429687499993,552.4365234375,0.90329748345342,99.9779391609071,5,6,1,14,1.67210751250574e-13,1,2,1
P2/D3,527,16,30,14,17,33,18,14,16,17,18,30,33,161.865234375,195,0.190429687499993,0.190429687499993,195,0.190429687499993,552.4365234375,0.90329748345342,99.9779391609071,5,6,1,14,1.67210751250574e-13,1,2,1
P2/D3,528,16,30,14,17,18,33,14,16,17,18,30,33,161.865234375,195,0.190429687499993,0.190429687499993,195,0.190429687499993,552.4365234375,0.90329748345342,99.9779391609071,5,6,1,14,1.67210751250574e-13,1,2,1
P2/D3,529,16,18,33,30,17,14,14,16,17,18,30,33,0.190429687499993,195,0.190429687499993,195,0.190429687499993,147.7734375,538.3447265625,0.90986889366929,99.9807272524039,5,6,1,13,6.47240457323772e-13,1,2,1
P2/D3,530,16,18,33,30,14,17,14,16,17,18,30,33,0.190429687499993,195,0.190429687499993,195,0.190429687499993,147.7734375,538.3447265625,0.90986889366929,99.9807272524039,5,6,1,13,6.47240457323772e-13,1,2,1
P2/D3,531,16,18,33,17,30,14,14,16,17,18,30,33,0.190429687499993,195,0.190429687499993,195,0.190429687499993,147.7734375,538.3447265625,0.90986889366929,99.9807272524039,5,6,1,13,6.47240457323772e-13,1,2,1
P2/D3,532,16,18,33,17,14,30,14,16,17,18,30,33,0.190429687499993,195,0.190429687499993,195,0.190429687499993,147.7734375,538.3447265625,0.90986889366929,99.9807272524039,5,6,1,13,6.47240457323772e-13,1,2,1
P2/D3,533,16,18,33,14,30,17,14,16,17,18,30,33,0.190429687499993,195,0.190429687499993,195,0.190429687499993,147.7734375,538.3447265625,0.90986889366929,99.9807272524039,5,6,1,13,6.47240457323772e-13,1,2,1
P2/D3,534,16,18,33,14,17,30,14,16,17,18,30,33,0.190429687499993,195,0.190429687499993,195,0.190429687499993,147.7734375,538.3447265625,0.90986889366929,99.9807272524039,5,6,1,13,6.47240457323772e-13,1,2,1
P2/D3,535,16,18,30,33,17,14,14,16,17,18,30,33,0.190429687499993,195,0.190429687499993,195,150.2490234375,0.190429687499993,540.8203125,0.909868405713759,99.9836832465951,5,6,1,13,6.73060341462407e-13,1,2,1
P2/D3,536,16,18,30,33,14,17,14,16,17,18,30,33,0.190429687499993,195,0.190429687499993,195,150.2490234375,0.190429687499993,540.8203125,0.909868405713759,99.9836832465951,5,6,1,13,6.73060341462407e-13,1,2,1
P2/D3,537,16,18,30,17,33,14,14,16,17,18,30,33,0.190429687499993,195,0.190429687499993,195,150.2490234375,0.190429687499993,540.8203125,0.909868405713759,99.9836832465951,5,6,1,13,6.73060341462407e-13,1,2,1
P2/D3,538,16,18,30,17,14,33,14,16,17,18,30,33,0.190429687499993,195,0.190429687499993,195,150.2490234375,0.190429687499993,540.8203125,0.909868405713759,99.9836832465951,5,6,1,13,6.73060341462407e-13,1,2,1
P2/D3,539,16,18,30,14,33,17,14,16,17,18,30,33,0.190429687499993,195,0.190429687499993,195,150.2490234375,0.190429687499993,540.8203125,0.909868405713759,99.9836832465951,5,6,1,13,6.73060341462407e-13,1,2,1
P2/D3,540,16,18,30,14,17,33,14,16,17,18,30,33,0.190429687499993,195,0.190429687499993,195,150.2490234375,0.190429687499993,540.8203125,0.909868405713759,99.9836832465951,5,6,1,13,6.73060341462407e-13,1,2,1
P2/D3,541,16,18,17,33,30,14,14,16,17,18,30,33,0.190429687499993,195,135.966796875,195,0.190429687499993,0.190429687499993,526.5380859375,0.918996063882791,99.9814570243588,5,6,1,13,2.81413422030678e-13,1,2,1
P2/D3,542,16,18,17,33,14,30,14,16,17,18,30,33,0.190429687499993,195,135.966796875,195,0.190429687499993,0.190429687499993,526.5380859375,0.918996063882791,99.9814570243588,5,6,1,13,2.81413422030678e-13,1,2,1
P2/D3,543,16,18,17,30,33,14,14,16,17,18,30,33,0.190429687499993,195,135.966796875,195,0.190429687499993,0.190429687499993,526.5380859375,0.918996063882791,99.9814570243588,5,6,1,13,2.81413422030678e-13,1,2,1
P2/D3,544,16,18,17,30,14,33,14,16,17,18,30,33,0.190429687499993,195,135.966796875,195,0.190429687499993,0.190429687499993,526.5380859375,0.918996063882791,99.9814570243588,5,6,1,13,2.81413422030678e-13,1,2,1
P2/D3,545,16,18,17,14,33,30,14,16,17,18,30,33,0.190429687499993,195,135.966796875,195,0.190429687499993,0.190429687499993,526.5380859375,0.918996063882791,99.9814570243588,5,6,1,13,2.81413422030678e-13,1,2,1
P2/D3,546,16,18,17,14,30,33,14,16,17,18,30,33,0.190429687499993,195,135.966796875,195,0.190429687499993,0.190429687499993,526.5380859375,0.918996063882791,99.9814570243588,5,6,1,13,2.81413422030678e-13,1,2,1
P2/D3,547,16,18,14,33,30,17,14,16,17,18,30,33,138.8232421875,195,0.190429687499993,195,0.190429687499993,0.190429687499993,529.39453125,0.916529195468161,99.9834095747452,5,6,1,13,3.47402650278186e-13,1,2,1
P2/D3,548,16,18,14,33,17,30,14,16,17,18,30,33,138.8232421875,195,0.190429687499993,195,0.190429687499993,0.190429687499993,529.39453125,0.916529195468161,99.9834095747452,5,6,1,13,3.47402650278186e-13,1,2,1
P2/D3,549,16,18,14,30,33,17,14,16,17,18,30,33,138.8232421875,195,0.190429687499993,195,0.190429687499993,0.190429687499993,529.39453125,0.916529195468161,99.9834095747452,5,6,1,13,3.47402650278186e-13,1,2,1
P2/D3,550,16,18,14,30,17,33,14,16,17,18,30,33,138.8232421875,195,0.190429687499993,195,0.190429687499993,0.190429687499993,529.39453125,0.916529195468161,99.9834095747452,5,6,1,13,3.47402650278186e-13,1,2,1
P2/D3,551,16,18,14,17,33,30,14,16,17,18,30,33,138.8232421875,195,0.190429687499993,195,0.190429687499993,0.190429687499993,529.39453125,0.916529195468161,99.9834095747452,5,6,1,13,3.47402650278186e-13,1,2,1
P2/D3,552,16,18,14,17,30,33,14,16,17,18,30,33,138.8232421875,195,0.190429687499993,195,0.190429687499993,0.190429687499993,529.39453125,0.916529195468161,99.9834095747452,5,6,1,13,3.47402650278186e-13,1,2,1
P2/D3,553,16,17,33,30,18,14,14,16,17,18,30,33,0.190429687499993,195,195,0.190429687499993,0.190429687499993,148.53515625,539.1064453125,0.90884408081805,99.9787899668738,5,6,1,13,6.85904210910135e-13,1,2,1
P2/D3,554,16,17,33,30,14,18,14,16,17,18,30,33,0.190429687499993,195,195,0.190429687499993,0.190429687499993,148.53515625,539.1064453125,0.90884408081805,99.9787899668738,5,6,1,13,6.85904210910135e-13,1,2,1
P2/D3,555,16,17,33,18,30,14,14,16,17,18,30,33,0.190429687499993,195,195,0.190429687499993,0.190429687499993,148.53515625,539.1064453125,0.90884408081805,99.9787899668738,5,6,1,13,6.85904210910135e-13,1,2,1
P2/D3,556,16,17,33,18,14,30,14,16,17,18,30,33,0.190429687499993,195,195,0.190429687499993,0.190429687499993,148.53515625,539.1064453125,0.90884408081805,99.9787899668738,5,6,1,13,6.85904210910135e-13,1,2,1
P2/D3,557,16,17,33,14,30,18,14,16,17,18,30,33,0.190429687499993,195,195,0.190429687499993,0.190429687499993,148.53515625,539.1064453125,0.90884408081805,99.9787899668738,5,6,1,13,6.85904210910135e-13,1,2,1
P2/D3,558,16,17,33,14,18,30,14,16,17,18,30,33,0.190429687499993,195,195,0.190429687499993,0.190429687499993,148.53515625,539.1064453125,0.90884408081805,99.9787899668738,5,6,1,13,6.85904210910135e-13,1,2,1
P2/D3,559,16,17,30,33,18,14,14,16,17,18,30,33,0.190429687499993,195,195,0.190429687499993,151.0107421875,0.190429687499993,541.58203125,0.908843413958462,99.9820406736393,5,6,1,13,7.1296207287097e-13,1,2,1
P2/D3,560,16,17,30,33,14,18,14,16,17,18,30,33,0.190429687499993,195,195,0.190429687499993,151.0107421875,0.190429687499993,541.58203125,0.908843413958462,99.9820406736393,5,6,1,13,7.1296207287097e-13,1,2,1
P2/D3,561,16,17,30,18,33,14,14,16,17,18,30,33,0.190429687499993,195,195,0.190429687499993,151.0107421875,0.190429687499993,541.58203125,0.908843413958462,99.9820406736393,5,6,1,13,7.1296207287097e-13,1,2,1
P2/D3,562,16,17,30,18,14,33,14,16,17,18,30,33,0.190429687499993,195,195,0.190429687499993,151.0107421875,0.190429687499993,541.58203125,0.908843413958462,99.9820406736393,5,6,1,13,7.1296207287097e-13,1,2,1
P2/D3,563,16,17,30,14,33,18,14,16,17,18,30,33,0.190429687499993,195,195,0.190429687499993,151.0107421875,0.190429687499993,541.58203125,0.908843413958462,99.9820406736393,5,6,1,13,7.1296207287097e-13,1,2,1
P2/D3,564,16,17,30,14,18,33,14,16,17,18,30,33,0.190429687499993,195,195,0.190429687499993,151.0107421875,0.190429687499993,541.58203125,0.908843413958462,99.9820406736393,5,6,1,13,7.1296207287097e-13,1,2,1
P2/D3,565,16,17,18,33,30,14,14,16,17,18,30,33,0.190429687499993,195,195,136.1572265625,0.190429687499993,0.190429687499993,526.728515625,0.918708745080341,99.9793644778359,5,6,1,13,2.84323728030439e-13,1,2,1
P2/D3,566,16,17,18,33,14,30,14,16,17,18,30,33,0.190429687499993,195,195,136.1572265625,0.190429687499993,0.190429687499993,526.728515625,0.918708745080341,99.9793644778359,5,6,1,13,2.84323728030439e-13,1,2,1
P2/D3,567,16,17,18,30,33,14,14,16,17,18,30,33,0.190429687499993,195,195,136.1572265625,0.190429687499993,0.190429687499993,526.728515625,0.918708745080341,99.9793644778359,5,6,1,13,2.84323728030439e-13,1,2,1
P2/D3,568,16,17,18,30,14,33,14,16,17,18,30,33,0.190429687499993,195,195,136.1572265625,0.190429687499993,0.190429687499993,526.728515625,0.918708745080341,99.9793644778359,5,6,1,13,2.84323728030439e-13,1,2,1
P2/D3,569,16,17,18,14,33,30,14,16,17,18,30,33,0.190429687499993,195,195,136.1572265625,0.190429687499993,0.190429687499993,526.728515625,0.918708745080341,99.9793644778359,5,6,1,13,2.84323728030439e-13,1,2,1
P2/D3,570,16,17,18,14,30,33,14,16,17,18,30,33,0.190429687499993,195,195,136.1572265625,0.190429687499993,0.190429687499993,526.728515625,0.918708745080341,99.9793644778359,5,6,1,13,2.84323728030439e-13,1,2,1
P2/D3,571,16,17,14,33,30,18,14,16,17,18,30,33,139.5849609375,195,195,0.190429687499993,0.190429687499993,0.190429687499993,530.15625,0.915550214191136,99.9796728128818,5,6,1,13,3.66671929069731e-13,1,2,1
P2/D3,572,16,17,14,33,18,30,14,16,17,18,30,33,139.5849609375,195,195,0.190429687499993,0.190429687499993,0.190429687499993,530.15625,0.915550214191136,99.9796728128818,5,6,1,13,3.66671929069731e-13,1,2,1
P2/D3,573,16,17,14,30,33,18,14,16,17,18,30,33,139.5849609375,195,195,0.190429687499993,0.190429687499993,0.190429687499993,530.15625,0.915550214191136,99.9796728128818,5,6,1,13,3.66671929069731e-13,1,2,1
P2/D3,574,16,17,14,30,18,33,14,16,17,18,30,33,139.5849609375,195,195,0.190429687499993,0.190429687499993,0.190429687499993,530.15625,0.915550214191136,99.9796728128818,5,6,1,13,3.66671929069731e-13,1,2,1
P2/D3,575,16,17,14,18,33,30,14,16,17,18,30,33,139.5849609375,195,195,0.190429687499993,0.190429687499993,0.190429687499993,530.15625,0.915550214191136,99.9796728128818,5,6,1,13,3.66671929069731e-13,1,2,1
P2/D3,576,16,17,14,18,30,33,14,16,17,18,30,33,139.5849609375,195,195,0.190429687499993,0.190429687499993,0.190429687499993,530.15625,0.915550214191136,99.9796728128818,5,6,1,13,3.66671929069731e-13,1,2,1
P2/D3,577,16,14,33,30,18,17,14,16,17,18,30,33,195,195,0.190429687499993,0.190429687499993,0.190429687499993,155.5810546875,546.15234375,0.904917117450533,99.97964887917,5,6,1,14,1.33135282030198e-13,1,2,1
P2/D3,578,16,14,33,30,17,18,14,16,17,18,30,33,195,195,0.190429687499993,0.190429687499993,0.190429687499993,155.5810546875,546.15234375,0.904917117450533,99.97964887917,5,6,1,14,1.33135282030198e-13,1,2,1
P2/D3,579,16,14,33,18,30,17,14,16,17,18,30,33,195,195,0.190429687499993,0.190429687499993,0.190429687499993,155.5810546875,546.15234375,0.904917117450533,99.97964887917,5,6,1,14,1.33135282030198e-13,1,2,1
P2/D3,580,16,14,33,18,17,30,14,16,17,18,30,33,195,195,0.190429687499993,0.190429687499993,0.190429687499993,155.5810546875,546.15234375,0.904917117450533,99.97964887917,5,6,1,14,1.33135282030198e-13,1,2,1
P2/D3,581,16,14,33,17,30,18,14,16,17,18,30,33,195,195,0.190429687499993,0.190429687499993,0.190429687499993,155.5810546875,546.15234375,0.904917117450533,99.97964887917,5,6,1,14,1.33135282030198e-13,1,2,1
P2/D3,582,16,14,33,17,18,30,14,16,17,18,30,33,195,195,0.190429687499993,0.190429687499993,0.190429687499993,155.5810546875,546.15234375,0.904917117450533,99.97964887917,5,6,1,14,1.33135282030198e-13,1,2,1
P2/D3,583,16,14,30,33,18,17,14,16,17,18,30,33,195,195,0.190429687499993,0.190429687499993,158.2470703125,0.190429687499993,548.818359375,0.904918022567855,99.9806212571058,5,6,1,14,1.38473972572841e-13,1,2,1
P2/D3,584,16,14,30,33,17,18,14,16,17,18,30,33,195,195,0.190429687499993,0.190429687499993,158.2470703125,0.190429687499993,548.818359375,0.904918022567855,99.9806212571058,5,6,1,14,1.38473972572841e-13,1,2,1
P2/D3,585,16,14,30,18,33,17,14,16,17,18,30,33,195,195,0.190429687499993,0.190429687499993,158.2470703125,0.190429687499993,548.818359375,0.904918022567855,99.9806212571058,5,6,1,14,1.38473972572841e-13,1,2,1
P2/D3,586,16,14,30,18,17,33,14,16,17,18,30,33,195,195,0.190429687499993,0.190429687499993,158.2470703125,0.190429687499993,548.818359375,0.904918022567855,99.9806212571058,5,6,1,14,1.38473972572841e-13,1,2,1
P2/D3,587,16,14,30,17,33,18,14,16,17,18,30,33,195,195,0.190429687499993,0.190429687499993,158.2470703125,0.190429687499993,548.818359375,0.904918022567855,99.9806212571058,5,6,1,14,1.38473972572841e-13,1,2,1
P2/D3,588,16,14,30,17,18,33,14,16,17,18,30,33,195,195,0.190429687499993,0.190429687499993,158.2470703125,0.190429687499993,548.818359375,0.904918022567855,99.9806212571058,5,6,1,14,1.38473972572841e-13,1,2,1
P2/D3,589,16,14,18,33,30,17,14,16,17,18,30,33,195,195,0.190429687499993,140.537109375,0.190429687499993,0.190429687499993,531.1083984375,0.915264593367725,99.9814504603101,5,6,1,13,3.91774261808471e-13,1,2,1
P2/D3,590,16,14,18,33,17,30,14,16,17,18,30,33,195,195,0.190429687499993,140.537109375,0.190429687499993,0.190429687499993,531.1083984375,0.915264593367725,99.9814504603101,5,6,1,13,3.91774261808471e-13,1,2,1
P2/D3,591,16,14,18,30,33,17,14,16,17,18,30,33,195,195,0.190429687499993,140.537109375,0.190429687499993,0.190429687499993,531.1083984375,0.915264593367725,99.9814504603101,5,6,1,13,3.91774261808471e-13,1,2,1
P2/D3,592,16,14,18,30,17,33,14,16,17,18,30,33,195,195,0.190429687499993,140.537109375,0.190429687499993,0.190429687499993,531.1083984375,0.915264593367725,99.9814504603101,5,6,1,13,3.91774261808471e-13,1,2,1
P2/D3,593,16,14,18,17,33,30,14,16,17,18,30,33,195,195,0.190429687499993,140.537109375,0.190429687499993,0.190429687499993,531.1083984375,0.915264593367725,99.9814504603101,5,6,1,13,3.91774261808471e-13,1,2,1
P2/D3,594,16,14,18,17,30,33,14,16,17,18,30,33,195,195,0.190429687499993,140.537109375,0.190429687499993,0.190429687499993,531.1083984375,0.915264593367725,99.9814504603101,5,6,1,13,3.91774261808471e-13,1,2,1
P2/D3,595,16,14,17,33,30,18,14,16,17,18,30,33,195,195,141.1083984375,0.190429687499993,0.190429687499993,0.190429687499993,531.6796875,0.914565246922596,99.9795739043234,5,6,1,13,4.07924258781736e-13,1,2,1
P2/D3,596,16,14,17,33,18,30,14,16,17,18,30,33,195,195,141.1083984375,0.190429687499993,0.190429687499993,0.190429687499993,531.6796875,0.914565246922596,99.9795739043234,5,6,1,13,4.07924258781736e-13,1,2,1
P2/D3,597,16,14,17,30,33,18,14,16,17,18,30,33,195,195,141.1083984375,0.190429687499993,0.190429687499993,0.190429687499993,531.6796875,0.914565246922596,99.9795739043234,5,6,1,13,4.07924258781736e-13,1,2,1
P2/D3,598,16,14,17,30,18,33,14,16,17,18,30,33,195,195,141.1083984375,0.190429687499993,0.190429687499993,0.190429687499993,531.6796875,0.914565246922596,99.9795739043234,5,6,1,13,4.07924258781736e-13,1,2,1
P2/D3,599,16,14,17,18,33,30,14,16,17,18,30,33,195,195,141.1083984375,0.190429687499993,0.190429687499993,0.190429687499993,531.6796875,0.914565246922596,99.9795739043234,5,6,1,13,4.07924258781736e-13,1,2,1
P2/D3,600,16,14,17,18,30,33,14,16,17,18,30,33,195,195,141.1083984375,0.190429687499993,0.190429687499993,0.190429687499993,531.6796875,0.914565246922596,99.9795739043234,5,6,1,13,4.07924258781736e-13,1,2,1
P2/D3,601,14,33,30,18,17,16,14,16,17,18,30,33,195,0.190429687499993,0.190429687499993,0.190429687499993,185.09765625,195,575.6689453125,0.893187134281878,99.9789201671939,5,6,1,14,5.99527714524265e-13,1,2,1
P2/D3,602,14,33,30,18,16,17,14,16,17,18,30,33,195,0.190429687499993,0.190429687499993,0.190429687499993,185.09765625,195,575.6689453125,0.893187134281878,99.9789201671939,5,6,1,14,5.99527714524265e-13,1,2,1
P2/D3,603,14,33,30,17,18,16,14,16,17,18,30,33,195,0.190429687499993,0.190429687499993,0.190429687499993,185.09765625,195,575.6689453125,0.893187134281878,99.9789201671939,5,6,1,14,5.99527714524265e-13,1,2,1
P2/D3,604,14,33,30,17,16,18,14,16,17,18,30,33,195,0.190429687499993,0.190429687499993,0.190429687499993,185.09765625,195,575.6689453125,0.893187134281878,99.9789201671939,5,6,1,14,5.99527714524265e-13,1,2,1
P2/D3,605,14,33,30,16,18,17,14,16,17,18,30,33,195,0.190429687499993,0.190429687499993,0.190429687499993,185.09765625,195,575.6689453125,0.893187134281878,99.9789201671939,5,6,1,14,5.99527714524265e-13,1,2,1
P2/D3,606,14,33,30,16,17,18,14,16,17,18,30,33,195,0.190429687499993,0.190429687499993,0.190429687499993,185.09765625,195,575.6689453125,0.893187134281878,99.9789201671939,5,6,1,14,5.99527714524265e-13,1,2,1
P2/D3,607,14,33,18,30,17,16,14,16,17,18,30,33,195,0.190429687499993,0.190429687499993,156.3427734375,0.190429687499993,195,546.9140625,0.905033262409067,99.9799560209817,5,6,1,14,1.32603558819602e-13,1,2,1
P2/D3,608,14,33,18,30,16,17,14,16,17,18,30,33,195,0.190429687499993,0.190429687499993,156.3427734375,0.190429687499993,195,546.9140625,0.905033262409067,99.9799560209817,5,6,1,14,1.32603558819602e-13,1,2,1
P2/D3,609,14,33,18,17,30,16,14,16,17,18,30,33,195,0.190429687499993,0.190429687499993,156.3427734375,0.190429687499993,195,546.9140625,0.905033262409067,99.9799560209817,5,6,1,14,1.32603558819602e-13,1,2,1
P2/D3,610,14,33,18,17,16,30,14,16,17,18,30,33,195,0.190429687499993,0.190429687499993,156.3427734375,0.190429687499993,195,546.9140625,0.905033262409067,99.9799560209817,5,6,1,14,1.32603558819602e-13,1,2,1
P2/D3,611,14,33,18,16,30,17,14,16,17,18,30,33,195,0.190429687499993,0.190429687499993,156.3427734375,0.190429687499993,195,546.9140625,0.905033262409067,99.9799560209817,5,6,1,14,1.32603558819602e-13,1,2,1
P2/D3,612,14,33,18,16,17,30,14,16,17,18,30,33,195,0.190429687499993,0.190429687499993,156.3427734375,0.190429687499993,195,546.9140625,0.905033262409067,99.9799560209817,5,6,1,14,1.32603558819602e-13,1,2,1
P2/D3,613,14,33,17,30,18,16,14,16,17,18,30,33,195,0.190429687499993,156.9140625,0.190429687499993,0.190429687499993,195,547.4853515625,0.904241834895896,99.9793509030235,5,6,1,14,1.39311491874534e-13,1,2,1
P2/D3,614,14,33,17,30,16,18,14,16,17,18,30,33,195,0.190429687499993,156.9140625,0.190429687499993,0.190429687499993,195,547.4853515625,0.904241834895896,99.9793509030235,5,6,1,14,1.39311491874534e-13,1,2,1
P2/D3,615,14,33,17,18,30,16,14,16,17,18,30,33,195,0.190429687499993,156.9140625,0.190429687499993,0.190429687499993,195,547.4853515625,0.904241834895896,99.9793509030235,5,6,1,14,1.39311491874534e-13,1,2,1
P2/D3,616,14,33,17,18,16,30,14,16,17,18,30,33,195,0.190429687499993,156.9140625,0.190429687499993,0.190429687499993,195,547.4853515625,0.904241834895896,99.9793509030235,5,6,1,14,1.39311491874534e-13,1,2,1
P2/D3,617,14,33,17,16,30,18,14,16,17,18,30,33,195,0.190429687499993,156.9140625,0.190429687499993,0.190429687499993,195,547.4853515625,0.904241834895896,99.9793509030235,5,6,1,14,1.39311491874534e-13,1,2,1
P2/D3,618,14,33,17,16,18,30,14,16,17,18,30,33,195,0.190429687499993,156.9140625,0.190429687499993,0.190429687499993,195,547.4853515625,0.904241834895896,99.9793509030235,5,6,1,14,1.39311491874534e-13,1,2,1
P2/D3,619,14,33,16,30,18,17,14,16,17,18,30,33,195,159.580078125,0.190429687499993,0.190429687499993,0.190429687499993,195,550.1513671875,0.902813362817731,99.9809023186382,5,6,1,14,1.71793429695013e-13,1,2,1
P2/D3,620,14,33,16,30,17,18,14,16,17,18,30,33,195,159.580078125,0.190429687499993,0.190429687499993,0.190429687499993,195,550.1513671875,0.902813362817731,99.9809023186382,5,6,1,14,1.71793429695013e-13,1,2,1
P2/D3,621,14,33,16,18,30,17,14,16,17,18,30,33,195,159.580078125,0.190429687499993,0.190429687499993,0.190429687499993,195,550.1513671875,0.902813362817731,99.9809023186382,5,6,1,14,1.71793429695013e-13,1,2,1
P2/D3,622,14,33,16,18,17,30,14,16,17,18,30,33,195,159.580078125,0.190429687499993,0.190429687499993,0.190429687499993,195,550.1513671875,0.902813362817731,99.9809023186382,5,6,1,14,1.71793429695013e-13,1,2,1
P2/D3,623,14,33,16,17,30,18,14,16,17,18,30,33,195,159.580078125,0.190429687499993,0.190429687499993,0.190429687499993,195,550.1513671875,0.902813362817731,99.9809023186382,5,6,1,14,1.71793429695013e-13,1,2,1
P2/D3,624,14,33,16,17,18,30,14,16,17,18,30,33,195,159.580078125,0.190429687499993,0.190429687499993,0.190429687499993,195,550.1513671875,0.902813362817731,99.9809023186382,5,6,1,14,1.71793429695013e-13,1,2,1
P2/D3,625,14,30,33,18,17,16,14,16,17,18,30,33,195,0.190429687499993,0.190429687499993,0.190429687499993,195,185.09765625,575.6689453125,0.893185081692533,99.9821660040325,5,6,1,14,6.00197007491375e-13,1,2,1
P2/D3,626,14,30,33,18,16,17,14,16,17,18,30,33,195,0.190429687499993,0.190429687499993,0.190429687499993,195,185.09765625,575.6689453125,0.893185081692533,99.9821660040325,5,6,1,14,6.00197007491375e-13,1,2,1
P2/D3,627,14,30,33,17,18,16,14,16,17,18,30,33,195,0.190429687499993,0.190429687499993,0.190429687499993,195,185.09765625,575.6689453125,0.893185081692533,99.9821660040325,5,6,1,14,6.00197007491375e-13,1,2,1
P2/D3,628,14,30,33,17,16,18,14,16,17,18,30,33,195,0.190429687499993,0.190429687499993,0.190429687499993,195,185.09765625,575.6689453125,0.893185081692533,99.9821660040325,5,6,1,14,6.00197007491375e-13,1,2,1
P2/D3,629,14,30,33,16,18,17,14,16,17,18,30,33,195,0.190429687499993,0.190429687499993,0.190429687499993,195,185.09765625,575.6689453125,0.893185081692533,99.9821660040325,5,6,1,14,6.00197007491375e-13,1,2,1
P2/D3,630,14,30,33,16,17,18,14,16,17,18,30,33,195,0.190429687499993,0.190429687499993,0.190429687499993,195,185.09765625,575.6689453125,0.893185081692533,99.9821660040325,5,6,1,14,6.00197007491375e-13,1,2,1
P2/D3,631,14,30,18,33,17,16,14,16,17,18,30,33,195,0.190429687499993,0.190429687499993,159.19921875,195,0.190429687499993,549.7705078125,0.90524890492184,99.9782383385649,5,6,1,14,1.34491342347577e-13,1,2,1
P2/D3,632,14,30,18,33,16,17,14,16,17,18,30,33,195,0.190429687499993,0.190429687499993,159.19921875,195,0.190429687499993,549.7705078125,0.90524890492184,99.9782383385649,5,6,1,14,1.34491342347577e-13,1,2,1
P2/D3,633,14,30,18,17,33,16,14,16,17,18,30,33,195,0.190429687499993,0.190429687499993,159.19921875,195,0.190429687499993,549.7705078125,0.90524890492184,99.9782383385649,5,6,1,14,1.34491342347577e-13,1,2,1
P2/D3,634,14,30,18,17,16,33,14,16,17,18,30,33,195,0.190429687499993,0.190429687499993,159.19921875,195,0.190429687499993,549.7705078125,0.90524890492184,99.9782383385649,5,6,1,14,1.34491342347577e-13,1,2,1
P2/D3,635,14,30,18,16,33,17,14,16,17,18,30,33,195,0.190429687499993,0.190429687499993,159.19921875,195,0.190429687499993,549.7705078125,0.90524890492184,99.9782383385649,5,6,1,14,1.34491342347577e-13,1,2,1
P2/D3,636,14,30,18,16,17,33,14,16,17,18,30,33,195,0.190429687499993,0.190429687499993,159.19921875,195,0.190429687499993,549.7705078125,0.90524890492184,99.9782383385649,5,6,1,14,1.34491342347577e-13,1,2,1
P2/D3,637,14,30,17,33,18,16,14,16,17,18,30,33,195,0.190429687499993,159.7705078125,0.190429687499993,195,0.190429687499993,550.341796875,0.904442654642688,99.9778219663247,5,6,1,14,1.41976584555709e-13,1,2,1
P2/D3,638,14,30,17,33,16,18,14,16,17,18,30,33,195,0.190429687499993,159.7705078125,0.190429687499993,195,0.190429687499993,550.341796875,0.904442654642688,99.9778219663247,5,6,1,14,1.41976584555709e-13,1,2,1
P2/D3,639,14,30,17,18,33,16,14,16,17,18,30,33,195,0.190429687499993,159.7705078125,0.190429687499993,195,0.190429687499993,550.341796875,0.904442654642688,99.9778219663247,5,6,1,14,1.41976584555709e-13,1,2,1
P2/D3,640,14,30,17,18,16,33,14,16,17,18,30,33,195,0.190429687499993,159.7705078125,0.190429687499993,195,0.190429687499993,550.341796875,0.904442654642688,99.9778219663247,5,6,1,14,1.41976584555709e-13,1,2,1
P2/D3,641,14,30,17,16,33,18,14,16,17,18,30,33,195,0.190429687499993,159.7705078125,0.190429687499993,195,0.190429687499993,550.341796875,0.904442654642688,99.9778219663247,5,6,1,14,1.41976584555709e-13,1,2,1
P2/D3,642,14,30,17,16,18,33,14,16,17,18,30,33,195,0.190429687499993,159.7705078125,0.190429687499993,195,0.190429687499993,550.341796875,0.904442654642688,99.9778219663247,5,6,1,14,1.41976584555709e-13,1,2,1
P2/D3,643,14,30,16,33,18,17,14,16,17,18,30,33,195,162.4365234375,0.190429687499993,0.190429687499993,195,0.190429687499993,553.0078125,0.902985465357192,99.9806121115183,5,6,1,14,1.75239481641714e-13,1,2,1
P2/D3,644,14,30,16,33,17,18,14,16,17,18,30,33,195,162.4365234375,0.190429687499993,0.190429687499993,195,0.190429687499993,553.0078125,0.902985465357192,99.9806121115183,5,6,1,14,1.75239481641714e-13,1,2,1
P2/D3,645,14,30,16,18,33,17,14,16,17,18,30,33,195,162.4365234375,0.190429687499993,0.190429687499993,195,0.190429687499993,553.0078125,0.902985465357192,99.9806121115183,5,6,1,14,1.75239481641714e-13,1,2,1
P2/D3,646,14,30,16,18,17,33,14,16,17,18,30,33,195,162.4365234375,0.190429687499993,0.190429687499993,195,0.190429687499993,553.0078125,0.902985465357192,99.9806121115183,5,6,1,14,1.75239481641714e-13,1,2,1
P2/D3,647,14,30,16,17,33,18,14,16,17,18,30,33,195,162.4365234375,0.190429687499993,0.190429687499993,195,0.190429687499993,553.0078125,0.902985465357192,99.9806121115183,5,6,1,14,1.75239481641714e-13,1,2,1
P2/D3,648,14,30,16,17,18,33,14,16,17,18,30,33,195,162.4365234375,0.190429687499993,0.190429687499993,195,0.190429687499993,553.0078125,0.902985465357192,99.9806121115183,5,6,1,14,1.75239481641714e-13,1,2,1
P2/D3,649,14,18,33,30,17,16,14,16,17,18,30,33,195,0.190429687499993,0.190429687499993,195,0.190429687499993,151.201171875,541.7724609375,0.907898913565244,99.9825266994173,5,6,1,13,8.13682590581848e-13,1,2,1
P2/D3,650,14,18,33,30,16,17,14,16,17,18,30,33,195,0.190429687499993,0.190429687499993,195,0.190429687499993,151.201171875,541.7724609375,0.907898913565244,99.9825266994173,5,6,1,13,8.13682590581848e-13,1,2,1
P2/D3,651,14,18,33,17,30,16,14,16,17,18,30,33,195,0.190429687499993,0.190429687499993,195,0.190429687499993,151.201171875,541.7724609375,0.907898913565244,99.9825266994173,5,6,1,13,8.13682590581848e-13,1,2,1
P2/D3,652,14,18,33,17,16,30,14,16,17,18,30,33,195,0.190429687499993,0.190429687499993,195,0.190429687499993,151.201171875,541.7724609375,0.907898913565244,99.9825266994173,5,6,1,13,8.13682590581848e-13,1,2,1
P2/D3,653,14,18,33,16,30,17,14,16,17,18,30,33,195,0.190429687499993,0.190429687499993,195,0.190429687499993,151.201171875,541.7724609375,0.907898913565244,99.9825266994173,5,6,1,13,8.13682590581848e-13,1,2,1
P2/D3,654,14,18,33,16,17,30,14,16,17,18,30,33,195,0.190429687499993,0.190429687499993,195,0.190429687499993,151.201171875,541.7724609375,0.907898913565244,99.9825266994173,5,6,1,13,8.13682590581848e-13,1,2,1
P2/D3,655,14,18,30,33,17,16,14,16,17,18,30,33,195,0.190429687499993,0.190429687499993,195,153.8671875,0.190429687499993,544.4384765625,0.907900826984797,99.9818133711615,5,6,1,13,8.44200424933915e-13,1,2,1
P2/D3,656,14,18,30,33,16,17,14,16,17,18,30,33,195,0.190429687499993,0.190429687499993,195,153.8671875,0.190429687499993,544.4384765625,0.907900826984797,99.9818133711615,5,6,1,13,8.44200424933915e-13,1,2,1
P2/D3,657,14,18,30,17,33,16,14,16,17,18,30,33,195,0.190429687499993,0.190429687499993,195,153.8671875,0.190429687499993,544.4384765625,0.907900826984797,99.9818133711615,5,6,1,13,8.44200424933915e-13,1,2,1
P2/D3,658,14,18,30,17,16,33,14,16,17,18,30,33,195,0.190429687499993,0.190429687499993,195,153.8671875,0.190429687499993,544.4384765625,0.907900826984797,99.9818133711615,5,6,1,13,8.44200424933915e-13,1,2,1
P2/D3,659,14,18,30,16,33,17,14,16,17,18,30,33,195,0.190429687499993,0.190429687499993,195,153.8671875,0.190429687499993,544.4384765625,0.907900826984797,99.9818133711615,5,6,1,13,8.44200424933915e-13,1,2,1
P2/D3,660,14,18,30,16,17,33,14,16,17,18,30,33,195,0.190429687499993,0.190429687499993,195,153.8671875,0.190429687499993,544.4384765625,0.907900826984797,99.9818133711615,5,6,1,13,8.44200424933915e-13,1,2,1
P2/D3,661,14,18,17,33,30,16,14,16,17,18,30,33,195,0.190429687499993,138.251953125,195,0.190429687499993,0.190429687499993,528.8232421875,0.917248561608877,99.982101315643,5,6,1,13,3.28663730874664e-13,1,2,1
P2/D3,662,14,18,17,33,16,30,14,16,17,18,30,33,195,0.190429687499993,138.251953125,195,0.190429687499993,0.190429687499993,528.8232421875,0.917248561608877,99.982101315643,5,6,1,13,3.28663730874664e-13,1,2,1
P2/D3,663,14,18,17,30,33,16,14,16,17,18,30,33,195,0.190429687499993,138.251953125,195,0.190429687499993,0.190429687499993,528.8232421875,0.917248561608877,99.982101315643,5,6,1,13,3.28663730874664e-13,1,2,1
P2/D3,664,14,18,17,30,16,33,14,16,17,18,30,33,195,0.190429687499993,138.251953125,195,0.190429687499993,0.190429687499993,528.8232421875,0.917248561608877,99.982101315643,5,6,1,13,3.28663730874664e-13,1,2,1
P2/D3,665,14,18,17,16,33,30,14,16,17,18,30,33,195,0.190429687499993,138.251953125,195,0.190429687499993,0.190429687499993,528.8232421875,0.917248561608877,99.982101315643,5,6,1,13,3.28663730874664e-13,1,2,1
P2/D3,666,14,18,17,16,30,33,14,16,17,18,30,33,195,0.190429687499993,138.251953125,195,0.190429687499993,0.190429687499993,528.8232421875,0.917248561608877,99.982101315643,5,6,1,13,3.28663730874664e-13,1,2,1
P2/D3,667,14,18,16,33,30,17,14,16,17,18,30,33,195,139.5849609375,0.190429687499993,195,0.190429687499993,0.190429687499993,530.15625,0.91601717071068,99.9841465098606,5,6,1,13,3.66259534232206e-13,1,2,1
P2/D3,668,14,18,16,33,17,30,14,16,17,18,30,33,195,139.5849609375,0.190429687499993,195,0.190429687499993,0.190429687499993,530.15625,0.91601717071068,99.9841465098606,5,6,1,13,3.66259534232206e-13,1,2,1
P2/D3,669,14,18,16,30,33,17,14,16,17,18,30,33,195,139.5849609375,0.190429687499993,195,0.190429687499993,0.190429687499993,530.15625,0.91601717071068,99.9841465098606,5,6,1,13,3.66259534232206e-13,1,2,1
P2/D3,670,14,18,16,30,17,33,14,16,17,18,30,33,195,139.5849609375,0.190429687499993,195,0.190429687499993,0.190429687499993,530.15625,0.91601717071068,99.9841465098606,5,6,1,13,3.66259534232206e-13,1,2,1
P2/D3,671,14,18,16,17,33,30,14,16,17,18,30,33,195,139.5849609375,0.190429687499993,195,0.190429687499993,0.190429687499993,530.15625,0.91601717071068,99.9841465098606,5,6,1,13,3.66259534232206e-13,1,2,1
P2/D3,672,14,18,16,17,30,33,14,16,17,18,30,33,195,139.5849609375,0.190429687499993,195,0.190429687499993,0.190429687499993,530.15625,0.91601717071068,99.9841465098606,5,6,1,13,3.66259534232206e-13,1,2,1
P2/D3,673,14,17,33,30,18,16,14,16,17,18,30,33,195,0.190429687499993,195,0.190429687499993,0.190429687499993,151.962890625,542.5341796875,0.906871389708257,99.9807730567362,5,6,1,13,8.62415920646302e-13,1,2,1
P2/D3,674,14,17,33,30,16,18,14,16,17,18,30,33,195,0.190429687499993,195,0.190429687499993,0.190429687499993,151.962890625,542.5341796875,0.906871389708257,99.9807730567362,5,6,1,13,8.62415920646302e-13,1,2,1
P2/D3,675,14,17,33,18,30,16,14,16,17,18,30,33,195,0.190429687499993,195,0.190429687499993,0.190429687499993,151.962890625,542.5341796875,0.906871389708257,99.9807730567362,5,6,1,13,8.62415920646302e-13,1,2,1
P2/D3,676,14,17,33,18,16,30,14,16,17,18,30,33,195,0.190429687499993,195,0.190429687499993,0.190429687499993,151.962890625,542.5341796875,0.906871389708257,99.9807730567362,5,6,1,13,8.62415920646302e-13,1,2,1
P2/D3,677,14,17,33,16,30,18,14,16,17,18,30,33,195,0.190429687499993,195,0.190429687499993,0.190429687499993,151.962890625,542.5341796875,0.906871389708257,99.9807730567362,5,6,1,13,8.62415920646302e-13,1,2,1
P2/D3,678,14,17,33,16,18,30,14,16,17,18,30,33,195,0.190429687499993,195,0.190429687499993,0.190429687499993,151.962890625,542.5341796875,0.906871389708257,99.9807730567362,5,6,1,13,8.62415920646302e-13,1,2,1
P2/D3,679,14,17,30,33,18,16,14,16,17,18,30,33,195,0.190429687499993,195,0.190429687499993,154.62890625,0.190429687499993,545.2001953125,0.906873128491219,99.9803521236897,5,6,1,13,8.94172507852056e-13,1,2,1
P2/D3,680,14,17,30,33,16,18,14,16,17,18,30,33,195,0.190429687499993,195,0.190429687499993,154.62890625,0.190429687499993,545.2001953125,0.906873128491219,99.9803521236897,5,6,1,13,8.94172507852056e-13,1,2,1
P2/D3,681,14,17,30,18,33,16,14,16,17,18,30,33,195,0.190429687499993,195,0.190429687499993,154.62890625,0.190429687499993,545.2001953125,0.906873128491219,99.9803521236897,5,6,1,13,8.94172507852056e-13,1,2,1
P2/D3,682,14,17,30,18,16,33,14,16,17,18,30,33,195,0.190429687499993,195,0.190429687499993,154.62890625,0.190429687499993,545.2001953125,0.906873128491219,99.9803521236897,5,6,1,13,8.94172507852056e-13,1,2,1
P2/D3,683,14,17,30,16,33,18,14,16,17,18,30,33,195,0.190429687499993,195,0.190429687499993,154.62890625,0.190429687499993,545.2001953125,0.906873128491219,99.9803521236897,5,6,1,13,8.94172507852056e-13,1,2,1
P2/D3,684,14,17,30,16,18,33,14,16,17,18,30,33,195,0.190429687499993,195,0.190429687499993,154.62890625,0.190429687499993,545.2001953125,0.906873128491219,99.9803521236897,5,6,1,13,8.94172507852056e-13,1,2,1
P2/D3,685,14,17,18,33,30,16,14,16,17,18,30,33,195,0.190429687499993,195,138.4423828125,0.190429687499993,0.190429687499993,529.013671875,0.916972613818626,99.9798406352644,5,6,1,13,3.32139523437384e-13,1,2,1
P2/D3,686,14,17,18,33,16,30,14,16,17,18,30,33,195,0.190429687499993,195,138.4423828125,0.190429687499993,0.190429687499993,529.013671875,0.916972613818626,99.9798406352644,5,6,1,13,3.32139523437384e-13,1,2,1
P2/D3,687,14,17,18,30,33,16,14,16,17,18,30,33,195,0.190429687499993,195,138.4423828125,0.190429687499993,0.190429687499993,529.013671875,0.916972613818626,99.9798406352644,5,6,1,13,3.32139523437384e-13,1,2,1
P2/D3,688,14,17,18,30,16,33,14,16,17,18,30,33,195,0.190429687499993,195,138.4423828125,0.190429687499993,0.190429687499993,529.013671875,0.916972613818626,99.9798406352644,5,6,1,13,3.32139523437384e-13,1,2,1
P2/D3,689,14,17,18,16,33,30,14,16,17,18,30,33,195,0.190429687499993,195,138.4423828125,0.190429687499993,0.190429687499993,529.013671875,0.916972613818626,99.9798406352644,5,6,1,13,3.32139523437384e-13,1,2,1
P2/D3,690,14,17,18,16,30,33,14,16,17,18,30,33,195,0.190429687499993,195,138.4423828125,0.190429687499993,0.190429687499993,529.013671875,0.916972613818626,99.9798406352644,5,6,1,13,3.32139523437384e-13,1,2,1
P2/D3,691,14,17,16,33,30,18,14,16,17,18,30,33,195,140.3466796875,195,0.190429687499993,0.190429687499993,0.190429687499993,530.91796875,0.915045307967203,99.9801273880785,5,6,1,13,3.86320258939732e-13,1,2,1
P2/D3,692,14,17,16,33,18,30,14,16,17,18,30,33,195,140.3466796875,195,0.190429687499993,0.190429687499993,0.190429687499993,530.91796875,0.915045307967203,99.9801273880785,5,6,1,13,3.86320258939732e-13,1,2,1
P2/D3,693,14,17,16,30,33,18,14,16,17,18,30,33,195,140.3466796875,195,0.190429687499993,0.190429687499993,0.190429687499993,530.91796875,0.915045307967203,99.9801273880785,5,6,1,13,3.86320258939732e-13,1,2,1
P2/D3,694,14,17,16,30,18,33,14,16,17,18,30,33,195,140.3466796875,195,0.190429687499993,0.190429687499993,0.190429687499993,530.91796875,0.915045307967203,99.9801273880785,5,6,1,13,3.86320258939732e-13,1,2,1
P2/D3,695,14,17,16,18,33,30,14,16,17,18,30,33,195,140.3466796875,195,0.190429687499993,0.190429687499993,0.190429687499993,530.91796875,0.915045307967203,99.9801273880785,5,6,1,13,3.86320258939732e-13,1,2,1
P2/D3,696,14,17,16,18,30,33,14,16,17,18,30,33,195,140.3466796875,195,0.190429687499993,0.190429687499993,0.190429687499993,530.91796875,0.915045307967203,99.9801273880785,5,6,1,13,3.86320258939732e-13,1,2,1
P2/D3,697,14,16,33,30,18,17,14,16,17,18,30,33,195,195,0.190429687499993,0.190429687499993,0.190429687499993,155.5810546875,546.15234375,0.904917117450533,99.97964887917,5,6,1,14,1.33135282030198e-13,1,2,1
P2/D3,698,14,16,33,30,17,18,14,16,17,18,30,33,195,195,0.190429687499993,0.190429687499993,0.190429687499993,155.5810546875,546.15234375,0.904917117450533,99.97964887917,5,6,1,14,1.33135282030198e-13,1,2,1
P2/D3,699,14,16,33,18,30,17,14,16,17,18,30,33,195,195,0.190429687499993,0.190429687499993,0.190429687499993,155.5810546875,546.15234375,0.904917117450533,99.97964887917,5,6,1,14,1.33135282030198e-13,1,2,1
P2/D3,700,14,16,33,18,17,30,14,16,17,18,30,33,195,195,0.190429687499993,0.190429687499993,0.190429687499993,155.5810546875,546.15234375,0.904917117450533,99.97964887917,5,6,1,14,1.33135282030198e-13,1,2,1
P2/D3,701,14,16,33,17,30,18,14,16,17,18,30,33,195,195,0.190429687499993,0.190429687499993,0.190429687499993,155.5810546875,546.15234375,0.904917117450533,99.97964887917,5,6,1,14,1.33135282030198e-13,1,2,1
P2/D3,702,14,16,33,17,18,30,14,16,17,18,30,33,195,195,0.190429687499993,0.190429687499993,0.190429687499993,155.5810546875,546.15234375,0.904917117450533,99.97964887917,5,6,1,14,1.33135282030198e-13,1,2,1
P2/D3,703,14,16,30,33,18,17,14,16,17,18,30,33,195,195,0.190429687499993,0.190429687499993,158.2470703125,0.190429687499993,548.818359375,0.904918022567855,99.9806212571058,5,6,1,14,1.38473972572841e-13,1,2,1
P2/D3,704,14,16,30,33,17,18,14,16,17,18,30,33,195,195,0.190429687499993,0.190429687499993,158.2470703125,0.190429687499993,548.818359375,0.904918022567855,99.9806212571058,5,6,1,14,1.38473972572841e-13,1,2,1
P2/D3,705,14,16,30,18,33,17,14,16,17,18,30,33,195,195,0.190429687499993,0.190429687499993,158.2470703125,0.190429687499993,548.818359375,0.904918022567855,99.9806212571058,5,6,1,14,1.38473972572841e-13,1,2,1
P2/D3,706,14,16,30,18,17,33,14,16,17,18,30,33,195,195,0.190429687499993,0.190429687499993,158.2470703125,0.190429687499993,548.818359375,0.904918022567855,99.9806212571058,5,6,1,14,1.38473972572841e-13,1,2,1
P2/D3,707,14,16,30,17,33,18,14,16,17,18,30,33,195,195,0.190429687499993,0.190429687499993,158.2470703125,0.190429687499993,548.818359375,0.904918022567855,99.9806212571058,5,6,1,14,1.38473972572841e-13,1,2,1
P2/D3,708,14,16,30,17,18,33,14,16,17,18,30,33,195,195,0.190429687499993,0.190429687499993,158.2470703125,0.190429687499993,548.818359375,0.904918022567855,99.9806212571058,5,6,1,14,1.38473972572841e-13,1,2,1
P2/D3,709,14,16,18,33,30,17,14,16,17,18,30,33,195,195,0.190429687499993,140.537109375,0.190429687499993,0.190429687499993,531.1083984375,0.915264593367725,99.9814504603101,5,6,1,13,3.91774261808471e-13,1,2,1
P2/D3,710,14,16,18,33,17,30,14,16,17,18,30,33,195,195,0.190429687499993,140.537109375,0.190429687499993,0.190429687499993,531.1083984375,0.915264593367725,99.9814504603101,5,6,1,13,3.91774261808471e-13,1,2,1
P2/D3,711,14,16,18,30,33,17,14,16,17,18,30,33,195,195,0.190429687499993,140.537109375,0.190429687499993,0.190429687499993,531.1083984375,0.915264593367725,99.9814504603101,5,6,1,13,3.91774261808471e-13,1,2,1
P2/D3,712,14,16,18,30,17,33,14,16,17,18,30,33,195,195,0.190429687499993,140.537109375,0.190429687499993,0.190429687499993,531.1083984375,0.915264593367725,99.9814504603101,5,6,1,13,3.91774261808471e-13,1,2,1
P2/D3,713,14,16,18,17,33,30,14,16,17,18,30,33,195,195,0.190429687499993,140.537109375,0.190429687499993,0.190429687499993,531.1083984375,0.915264593367725,99.9814504603101,5,6,1,13,3.91774261808471e-13,1,2,1
P2/D3,714,14,16,18,17,30,33,14,16,17,18,30,33,195,195,0.190429687499993,140.537109375,0.190429687499993,0.190429687499993,531.1083984375,0.915264593367725,99.9814504603101,5,6,1,13,3.91774261808471e-13,1,2,1
P2/D3,715,14,16,17,33,30,18,14,16,17,18,30,33,195,195,141.1083984375,0.190429687499993,0.190429687499993,0.190429687499993,531.6796875,0.914565246922596,99.9795739043234,5,6,1,13,4.07924258781736e-13,1,2,1
P2/D3,716,14,16,17,33,18,30,14,16,17,18,30,33,195,195,141.1083984375,0.190429687499993,0.190429687499993,0.190429687499993,531.6796875,0.914565246922596,99.9795739043234,5,6,1,13,4.07924258781736e-13,1,2,1
P2/D3,717,14,16,17,30,33,18,14,16,17,18,30,33,195,195,141.1083984375,0.190429687499993,0.190429687499993,0.190429687499993,531.6796875,0.914565246922596,99.9795739043234,5,6,1,13,4.07924258781736e-13,1,2,1
P2/D3,718,14,16,17,30,18,33,14,16,17,18,30,33,195,195,141.1083984375,0.190429687499993,0.190429687499993,0.190429687499993,531.6796875,0.914565246922596,99.9795739043234,5,6,1,13,4.07924258781736e-13,1,2,1
P2/D3,719,14,16,17,18,33,30,14,16,17,18,30,33,195,195,141.1083984375,0.190429687499993,0.190429687499993,0.190429687499993,531.6796875,0.914565246922596,99.9795739043234,5,6,1,13,4.07924258781736e-13,1,2,1
P2/D3,720,14,16,17,18,30,33,14,16,17,18,30,33,195,195,141.1083984375,0.190429687499993,0.190429687499993,0.190429687499993,531.6796875,0.914565246922596,99.9795739043234,5,6,1,13,4.07924258781736e-13,1,2,1
P2/D4,1,33,30,18,17,16,14,14,16,17,18,30,33,0.234375000000009,0.234375000000009,176.25,240,240,240,896.71875,0.899492707753379,99.9823010124821,5,6,1,14,2.52852911406071e-13,1,2,1
P2/D4,2,33,30,18,17,14,16,14,16,17,18,30,33,0.234375000000009,0.234375000000009,176.25,240,240,240,896.71875,0.899492707753379,99.9823010124821,5,6,1,14,2.52852911406071e-13,1,2,1
P2/D4,3,33,30,18,16,17,14,14,16,17,18,30,33,0.234375000000009,178.359375,0.234375000000009,240,240,240,898.828125,0.897902554085509,99.9814180065698,5,6,1,14,2.94047146390609e-13,1,2,1
P2/D4,4,33,30,18,16,14,17,14,16,17,18,30,33,0.234375000000009,178.359375,0.234375000000009,240,240,240,898.828125,0.897902554085509,99.9814180065698,5,6,1,14,2.94047146390609e-13,1,2,1
P2/D4,5,33,30,18,14,17,16,14,16,17,18,30,33,181.875,0.234375000000009,0.234375000000009,240,240,240,902.34375,0.896214339795156,99.9856073272123,5,6,1,14,3.69249964573341e-13,1,2,1
P2/D4,6,33,30,18,14,16,17,14,16,17,18,30,33,181.875,0.234375000000009,0.234375000000009,240,240,240,902.34375,0.896214339795156,99.9856073272123,5,6,1,14,3.69249964573341e-13,1,2,1
P2/D4,7,33,30,17,18,16,14,14,16,17,18,30,33,0.234375000000009,0.234375000000009,240,176.484375,240,240,896.953125,0.8991779192634,99.9793966654689,5,6,1,14,2.55653869391014e-13,1,2,1
P2/D4,8,33,30,17,18,14,16,14,16,17,18,30,33,0.234375000000009,0.234375000000009,240,176.484375,240,240,896.953125,0.8991779192634,99.9793966654689,5,6,1,14,2.55653869391014e-13,1,2,1
P2/D4,9,33,30,17,16,18,14,14,16,17,18,30,33,0.234375000000009,179.296875,240,0.234375000000009,240,240,899.765625,0.896670331286533,99.9805216903038,5,6,1,14,3.16518129715212e-13,1,2,1
P2/D4,10,33,30,17,16,14,18,14,16,17,18,30,33,0.234375000000009,179.296875,240,0.234375000000009,240,240,899.765625,0.896670331286533,99.9805216903038,5,6,1,14,3.16518129715212e-13,1,2,1
P2/D4,11,33,30,17,14,18,16,14,16,17,18,30,33,182.8125,0.234375000000009,240,0.234375000000009,240,240,903.28125,0.894969205771694,99.9854102090312,5,6,1,14,3.97440245348109e-13,1,2,1
P2/D4,12,33,30,17,14,16,18,14,16,17,18,30,33,182.8125,0.234375000000009,240,0.234375000000009,240,240,903.28125,0.894969205771694,99.9854102090312,5,6,1,14,3.97440245348109e-13,1,2,1
P2/D4,13,33,30,16,18,17,14,14,16,17,18,30,33,0.234375000000009,240,0.234375000000009,179.53125,240,240,900,0.897046036545402,99.9801440764287,5,6,1,14,3.19278884855707e-13,1,2,1
P2/D4,14,33,30,16,18,14,17,14,16,17,18,30,33,0.234375000000009,240,0.234375000000009,179.53125,240,240,900,0.897046036545402,99.9801440764287,5,6,1,14,3.19278884855707e-13,1,2,1
P2/D4,15,33,30,16,17,18,14,14,16,17,18,30,33,0.234375000000009,240,180.234375,0.234375000000009,240,240,900.703125,0.896121865712695,99.9820061573974,5,6,1,14,3.38957458362368e-13,1,2,1
P2/D4,16,33,30,16,17,14,18,14,16,17,18,30,33,0.234375000000009,240,180.234375,0.234375000000009,240,240,900.703125,0.896121865712695,99.9820061573974,5,6,1,14,3.38957458362368e-13,1,2,1
P2/D4,17,33,30,16,14,18,17,14,16,17,18,30,33,187.96875,240,0.234375000000009,0.234375000000009,240,240,908.4375,0.892740358511567,99.9794270106482,5,6,1,14,5.54620126358029e-13,1,2,1
P2/D4,18,33,30,16,14,17,18,14,16,17,18,30,33,187.96875,240,0.234375000000009,0.234375000000009,240,240,908.4375,0.892740358511567,99.9794270106482,5,6,1,14,5.54620126358029e-13,1,2,1
P2/D4,19,33,30,14,18,17,16,14,16,17,18,30,33,240,0.234375000000009,0.234375000000009,184.453125,240,240,904.921875,0.894898881740102,99.9808678970176,5,6,1,14,4.3117483345153e-13,1,2,1
P2/D4,20,33,30,14,18,16,17,14,16,17,18,30,33,240,0.234375000000009,0.234375000000009,184.453125,240,240,904.921875,0.894898881740102,99.9808678970176,5,6,1,14,4.3117483345153e-13,1,2,1
P2/D4,21,33,30,14,17,18,16,14,16,17,18,30,33,240,0.234375000000009,185.15625,0.234375000000009,240,240,905.625,0.893945812074875,99.983208208386,5,6,1,14,4.59134220325156e-13,1,2,1
P2/D4,22,33,30,14,17,16,18,14,16,17,18,30,33,240,0.234375000000009,185.15625,0.234375000000009,240,240,905.625,0.893945812074875,99.983208208386,5,6,1,14,4.59134220325156e-13,1,2,1
P2/D4,23,33,30,14,16,18,17,14,16,17,18,30,33,240,189.140625,0.234375000000009,0.234375000000009,240,240,909.609375,0.89225197570961,99.9817485354776,5,6,1,14,5.9734643899101e-13,1,2,1
P2/D4,24,33,30,14,16,17,18,14,16,17,18,30,33,240,189.140625,0.234375000000009,0.234375000000009,240,240,909.609375,0.89225197570961,99.9817485354776,5,6,1,14,5.9734643899101e-13,1,2,1
P2/D4,25,33,18,30,17,16,14,14,16,17,18,30,33,0.234375000000009,0.234375000000009,176.25,240,240,240,896.71875,0.899492707753379,99.9823010124821,5,6,1,14,2.52852911406071e-13,1,2,1
P2/D4,26,33,18,30,17,14,16,14,16,17,18,30,33,0.234375000000009,0.234375000000009,176.25,240,240,240,896.71875,0.899492707753379,99.9823010124821,5,6,1,14,2.52852911406071e-13,1,2,1
P2/D4,27,33,18,30,16,17,14,14,16,17,18,30,33,0.234375000000009,178.359375,0.234375000000009,240,240,240,898.828125,0.897902554085509,99.9814180065698,5,6,1,14,2.94047146390609e-13,1,2,1
P2/D4,28,33,18,30,16,14,17,14,16,17,18,30,33,0.234375000000009,178.359375,0.234375000000009,240,240,240,898.828125,0.897902554085509,99.9814180065698,5,6,1,14,2.94047146390609e-13,1,2,1
P2/D4,29,33,18,30,14,17,16,14,16,17,18,30,33,181.875,0.234375000000009,0.234375000000009,240,240,240,902.34375,0.896214339795156,99.9856073272123,5,6,1,14,3.69249964573341e-13,1,2,1
P2/D4,30,33,18,30,14,16,17,14,16,17,18,30,33,181.875,0.234375000000009,0.234375000000009,240,240,240,902.34375,0.896214339795156,99.9856073272123,5,6,1,14,3.69249964573341e-13,1,2,1
P2/D4,31,33,18,17,30,16,14,14,16,17,18,30,33,0.234375000000009,0.234375000000009,240,240,165.46875,240,885.9375,0.903891448455834,99.9848714042184,5,6,1,14,1.48866047388781e-13,1,2,1
P2/D4,32,33,18,17,30,14,16,14,16,17,18,30,33,0.234375000000009,0.234375000000009,240,240,165.46875,240,885.9375,0.903891448455834,99.9848714042184,5,6,1,14,1.48866047388781e-13,1,2,1
P2/D4,33,33,18,17,16,30,14,14,16,17,18,30,33,0.234375000000009,146.953125,240,240,0.234375000000009,240,867.421875,0.912479633816384,99.9848677561135,5,6,1,13,4.78885233541383e-13,1,2,1
P2/D4,34,33,18,17,16,14,30,14,16,17,18,30,33,0.234375000000009,146.953125,240,240,0.234375000000009,240,867.421875,0.912479633816384,99.9848677561135,5,6,1,13,4.78885233541383e-13,1,2,1
P2/D4,35,33,18,17,14,30,16,14,16,17,18,30,33,148.828125,0.234375000000009,240,240,0.234375000000009,240,869.296875,0.911125335950192,99.9852722201451,5,6,1,13,5.42807762152703e-13,1,2,1
P2/D4,36,33,18,17,14,16,30,14,16,17,18,30,33,148.828125,0.234375000000009,240,240,0.234375000000009,240,869.296875,0.911125335950192,99.9852722201451,5,6,1,13,5.42807762152703e-13,1,2,1
P2/D4,37,33,18,16,30,17,14,14,16,17,18,30,33,0.234375000000009,240,0.234375000000009,240,168.515625,240,888.984375,0.901587447927849,99.9810576640735,5,6,1,14,1.84006749173712e-13,1,2,1
P2/D4,38,33,18,16,30,14,17,14,16,17,18,30,33,0.234375000000009,240,0.234375000000009,240,168.515625,240,888.984375,0.901587447927849,99.9810576640735,5,6,1,14,1.84006749173712e-13,1,2,1
P2/D4,39,33,18,16,17,30,14,14,16,17,18,30,33,0.234375000000009,240,147.65625,240,0.234375000000009,240,868.125,0.911660219168836,99.9846934236545,5,6,1,13,5.05393520020442e-13,1,2,1
P2/D4,40,33,18,16,17,14,30,14,16,17,18,30,33,0.234375000000009,240,147.65625,240,0.234375000000009,240,868.125,0.911660219168836,99.9846934236545,5,6,1,13,5.05393520020442e-13,1,2,1
P2/D4,41,33,18,16,14,30,17,14,16,17,18,30,33,151.40625,240,0.234375000000009,240,0.234375000000009,240,871.875,0.908966037730316,99.9840780343969,5,6,1,13,6.56220122014698e-13,1,2,1
P2/D4,42,33,18,16,14,17,30,14,16,17,18,30,33,151.40625,240,0.234375000000009,240,0.234375000000009,240,871.875,0.908966037730316,99.9840780343969,5,6,1,13,6.56220122014698e-13,1,2,1
P2/D4,43,33,18,14,30,17,16,14,16,17,18,30,33,240,0.234375000000009,0.234375000000009,240,173.671875,240,894.140625,0.899105797893436,99.9842447919594,5,6,1,14,2.55852142960183e-13,1,2,1
P2/D4,44,33,18,14,30,16,17,14,16,17,18,30,33,240,0.234375000000009,0.234375000000009,240,173.671875,240,894.140625,0.899105797893436,99.9842447919594,5,6,1,14,2.55852142960183e-13,1,2,1
P2/D4,45,33,18,14,17,30,16,14,16,17,18,30,33,240,0.234375000000009,150.9375,240,0.234375000000009,240,871.40625,0.90949840645291,99.9868317190347,5,6,1,13,6.30218456737771e-13,1,2,1
P2/D4,46,33,18,14,17,16,30,14,16,17,18,30,33,240,0.234375000000009,150.9375,240,0.234375000000009,240,871.40625,0.90949840645291,99.9868317190347,5,6,1,13,6.30218456737771e-13,1,2,1
P2/D4,47,33,18,14,16,30,17,14,16,17,18,30,33,240,152.8125,0.234375000000009,240,0.234375000000009,240,873.28125,0.908153410941645,99.9855883123841,5,6,1,13,7.21487629393086e-13,1,2,1
P2/D4,48,33,18,14,16,17,30,14,16,17,18,30,33,240,152.8125,0.234375000000009,240,0.234375000000009,240,873.28125,0.908153410941645,99.9855883123841,5,6,1,13,7.21487629393086e-13,1,2,1
P2/D4,49,33,17,30,18,16,14,14,16,17,18,30,33,0.234375000000009,0.234375000000009,240,176.484375,240,240,896.953125,0.8991779192634,99.9793966654689,5,6,1,14,2.55653869391014e-13,1,2,1
P2/D4,50,33,17,30,18,14,16,14,16,17,18,30,33,0.234375000000009,0.234375000000009,240,176.484375,240,240,896.953125,0.8991779192634,99.9793966654689,5,6,1,14,2.55653869391014e-13,1,2,1
P2/D4,51,33,17,30,16,18,14,14,16,17,18,30,33,0.234375000000009,179.296875,240,0.234375000000009,240,240,899.765625,0.896670331286533,99.9805216903038,5,6,1,14,3.16518129715212e-13,1,2,1
P2/D4,52,33,17,30,16,14,18,14,16,17,18,30,33,0.234375000000009,179.296875,240,0.234375000000009,240,240,899.765625,0.896670331286533,99.9805216903038,5,6,1,14,3.16518129715212e-13,1,2,1
P2/D4,53,33,17,30,14,18,16,14,16,17,18,30,33,182.8125,0.234375000000009,240,0.234375000000009,240,240,903.28125,0.894969205771694,99.9854102090312,5,6,1,14,3.97440245348109e-13,1,2,1
P2/D4,54,33,17,30,14,16,18,14,16,17,18,30,33,182.8125,0.234375000000009,240,0.234375000000009,240,240,903.28125,0.894969205771694,99.9854102090312,5,6,1,14,3.97440245348109e-13,1,2,1
P2/D4,55,33,17,18,30,16,14,14,16,17,18,30,33,0.234375000000009,0.234375000000009,240,240,165.46875,240,885.9375,0.903891448455834,99.9848714042184,5,6,1,14,1.48866047388781e-13,1,2,1
P2/D4,56,33,17,18,30,14,16,14,16,17,18,30,33,0.234375000000009,0.234375000000009,240,240,165.46875,240,885.9375,0.903891448455834,99.9848714042184,5,6,1,14,1.48866047388781e-13,1,2,1
P2/D4,57,33,17,18,16,30,14,14,16,17,18,30,33,0.234375000000009,146.953125,240,240,0.234375000000009,240,867.421875,0.912479633816384,99.9848677561135,5,6,1,13,4.78885233541383e-13,1,2,1
P2/D4,58,33,17,18,16,14,30,14,16,17,18,30,33,0.234375000000009,146.953125,240,240,0.234375000000009,240,867.421875,0.912479633816384,99.9848677561135,5,6,1,13,4.78885233541383e-13,1,2,1
P2/D4,59,33,17,18,14,30,16,14,16,17,18,30,33,148.828125,0.234375000000009,240,240,0.234375000000009,240,869.296875,0.911125335950192,99.9852722201451,5,6,1,13,5.42807762152703e-13,1,2,1
P2/D4,60,33,17,18,14,16,30,14,16,17,18,30,33,148.828125,0.234375000000009,240,240,0.234375000000009,240,869.296875,0.911125335950192,99.9852722201451,5,6,1,13,5.42807762152703e-13,1,2,1
P2/D4,61,33,17,16,30,18,14,14,16,17,18,30,33,0.234375000000009,240,240,0.234375000000009,169.453125,240,889.921875,0.900302591558753,99.9835933107104,5,6,1,14,1.99758328847095e-13,1,2,1
P2/D4,62,33,17,16,30,14,18,14,16,17,18,30,33,0.234375000000009,240,240,0.234375000000009,169.453125,240,889.921875,0.900302591558753,99.9835933107104,5,6,1,14,1.99758328847095e-13,1,2,1
P2/D4,63,33,17,16,18,30,14,14,16,17,18,30,33,0.234375000000009,240,240,147.890625,0.234375000000009,240,868.359375,0.91119865418131,99.9842200849392,5,6,1,13,5.14651147034527e-13,1,2,1
P2/D4,64,33,17,16,18,14,30,14,16,17,18,30,33,0.234375000000009,240,240,147.890625,0.234375000000009,240,868.359375,0.91119865418131,99.9842200849392,5,6,1,13,5.14651147034527e-13,1,2,1
P2/D4,65,33,17,16,14,30,18,14,16,17,18,30,33,152.34375,240,240,0.234375000000009,0.234375000000009,240,872.8125,0.907740713608495,99.9831820035062,5,6,1,13,7.07044793504844e-13,1,2,1
P2/D4,66,33,17,16,14,18,30,14,16,17,18,30,33,152.34375,240,240,0.234375000000009,0.234375000000009,240,872.8125,0.907740713608495,99.9831820035062,5,6,1,13,7.07044793504844e-13,1,2,1
P2/D4,67,33,17,14,30,18,16,14,16,17,18,30,33,240,0.234375000000009,240,0.234375000000009,174.84375,240,895.3125,0.897820450638937,99.9811718477855,5,6,1,14,2.77987500082051e-13,1,2,1
P2/D4,68,33,17,14,30,16,18,14,16,17,18,30,33,240,0.234375000000009,240,0.234375000000009,174.84375,240,895.3125,0.897820450638937,99.9811718477855,5,6,1,14,2.77987500082051e-13,1,2,1
P2/D4,69,33,17,14,18,30,16,14,16,17,18,30,33,240,0.234375000000009,240,151.171875,0.234375000000009,240,871.640625,0.909053146187943,99.9860739512857,5,6,1,13,6.41508153747012e-13,1,2,1
P2/D4,70,33,17,14,18,16,30,14,16,17,18,30,33,240,0.234375000000009,240,151.171875,0.234375000000009,240,871.640625,0.909053146187943,99.9860739512857,5,6,1,13,6.41508153747012e-13,1,2,1
P2/D4,71,33,17,14,16,30,18,14,16,17,18,30,33,240,153.75,240,0.234375000000009,0.234375000000009,240,874.21875,0.906936580688534,99.9843115731338,5,6,1,13,7.76480299163304e-13,1,2,1
P2/D4,72,33,17,14,16,18,30,14,16,17,18,30,33,240,153.75,240,0.234375000000009,0.234375000000009,240,874.21875,0.906936580688534,99.9843115731338,5,6,1,13,7.76480299163304e-13,1,2,1
P2/D4,73,33,16,30,18,17,14,14,16,17,18,30,33,0.234375000000009,240,0.234375000000009,179.53125,240,240,900,0.897046036545402,99.9801440764287,5,6,1,14,3.19278884855707e-13,1,2,1
P2/D4,74,33,16,30,18,14,17,14,16,17,18,30,33,0.234375000000009,240,0.234375000000009,179.53125,240,240,900,0.897046036545402,99.9801440764287,5,6,1,14,3.19278884855707e-13,1,2,1
P2/D4,75,33,16,30,17,18,14,14,16,17,18,30,33,0.234375000000009,240,180.234375,0.234375000000009,240,240,900.703125,0.896121865712695,99.9820061573974,5,6,1,14,3.38957458362368e-13,1,2,1
P2/D4,76,33,16,30,17,14,18,14,16,17,18,30,33,0.234375000000009,240,180.234375,0.234375000000009,240,240,900.703125,0.896121865712695,99.9820061573974,5,6,1,14,3.38957458362368e-13,1,2,1
P2/D4,77,33,16,30,14,18,17,14,16,17,18,30,33,187.96875,240,0.234375000000009,0.234375000000009,240,240,908.4375,0.892740358511567,99.9794270106482,5,6,1,14,5.54620126358029e-13,1,2,1
P2/D4,78,33,16,30,14,17,18,14,16,17,18,30,33,187.96875,240,0.234375000000009,0.234375000000009,240,240,908.4375,0.892740358511567,99.9794270106482,5,6,1,14,5.54620126358029e-13,1,2,1
P2/D4,79,33,16,18,30,17,14,14,16,17,18,30,33,0.234375000000009,240,0.234375000000009,240,168.515625,240,888.984375,0.901587447927849,99.9810576640735,5,6,1,14,1.84006749173712e-13,1,2,1
P2/D4,80,33,16,18,30,14,17,14,16,17,18,30,33,0.234375000000009,240,0.234375000000009,240,168.515625,240,888.984375,0.901587447927849,99.9810576640735,5,6,1,14,1.84006749173712e-13,1,2,1
P2/D4,81,33,16,18,17,30,14,14,16,17,18,30,33,0.234375000000009,240,147.65625,240,0.234375000000009,240,868.125,0.911660219168836,99.9846934236545,5,6,1,13,5.05393520020442e-13,1,2,1
P2/D4,82,33,16,18,17,14,30,14,16,17,18,30,33,0.234375000000009,240,147.65625,240,0.234375000000009,240,868.125,0.911660219168836,99.9846934236545,5,6,1,13,5.05393520020442e-13,1,2,1
P2/D4,83,33,16,18,14,30,17,14,16,17,18,30,33,151.40625,240,0.234375000000009,240,0.234375000000009,240,871.875,0.908966037730316,99.9840780343969,5,6,1,13,6.56220122014698e-13,1,2,1
P2/D4,84,33,16,18,14,17,30,14,16,17,18,30,33,151.40625,240,0.234375000000009,240,0.234375000000009,240,871.875,0.908966037730316,99.9840780343969,5,6,1,13,6.56220122014698e-13,1,2,1
P2/D4,85,33,16,17,30,18,14,14,16,17,18,30,33,0.234375000000009,240,240,0.234375000000009,169.453125,240,889.921875,0.900302591558753,99.9835933107104,5,6,1,14,1.99758328847095e-13,1,2,1
P2/D4,86,33,16,17,30,14,18,14,16,17,18,30,33,0.234375000000009,240,240,0.234375000000009,169.453125,240,889.921875,0.900302591558753,99.9835933107104,5,6,1,14,1.99758328847095e-13,1,2,1
P2/D4,87,33,16,17,18,30,14,14,16,17,18,30,33,0.234375000000009,240,240,147.890625,0.234375000000009,240,868.359375,0.91119865418131,99.9842200849392,5,6,1,13,5.14651147034527e-13,1,2,1
P2/D4,88,33,16,17,18,14,30,14,16,17,18,30,33,0.234375000000009,240,240,147.890625,0.234375000000009,240,868.359375,0.91119865418131,99.9842200849392,5,6,1,13,5.14651147034527e-13,1,2,1
P2/D4,89,33,16,17,14,30,18,14,16,17,18,30,33,152.34375,240,240,0.234375000000009,0.234375000000009,240,872.8125,0.907740713608495,99.9831820035062,5,6,1,13,7.07044793504844e-13,1,2,1
P2/D4,90,33,16,17,14,18,30,14,16,17,18,30,33,152.34375,240,240,0.234375000000009,0.234375000000009,240,872.8125,0.907740713608495,99.9831820035062,5,6,1,13,7.07044793504844e-13,1,2,1
P2/D4,91,33,16,14,30,18,17,14,16,17,18,30,33,240,240,0.234375000000009,0.234375000000009,180.46875,240,900.9375,0.895339988117253,99.9804979052092,5,6,1,14,4.03541996462356e-13,1,2,1
P2/D4,92,33,16,14,30,17,18,14,16,17,18,30,33,240,240,0.234375000000009,0.234375000000009,180.46875,240,900.9375,0.895339988117253,99.9804979052092,5,6,1,14,4.03541996462356e-13,1,2,1
P2/D4,93,33,16,14,18,30,17,14,16,17,18,30,33,240,240,0.234375000000009,154.453125,0.234375000000009,240,874.921875,0.90695048857183,99.9854866781074,5,6,1,13,8.13608929855524e-13,1,2,1
P2/D4,94,33,16,14,18,17,30,14,16,17,18,30,33,240,240,0.234375000000009,154.453125,0.234375000000009,240,874.921875,0.90695048857183,99.9854866781074,5,6,1,13,8.13608929855524e-13,1,2,1
P2/D4,95,33,16,14,17,30,18,14,16,17,18,30,33,240,240,155.15625,0.234375000000009,0.234375000000009,240,875.625,0.906170943182006,99.9848685965587,5,6,1,13,8.60111885844082e-13,1,2,1
P2/D4,96,33,16,14,17,18,30,14,16,17,18,30,33,240,240,155.15625,0.234375000000009,0.234375000000009,240,875.625,0.906170943182006,99.9848685965587,5,6,1,13,8.60111885844082e-13,1,2,1
P2/D4,97,33,14,30,18,17,16,14,16,17,18,30,33,240,0.234375000000009,0.234375000000009,184.453125,240,240,904.921875,0.894898881740102,99.9808678970176,5,6,1,14,4.3117483345153e-13,1,2,1
P2/D4,98,33,14,30,18,16,17,14,16,17,18,30,33,240,0.234375000000009,0.234375000000009,184.453125,240,240,904.921875,0.894898881740102,99.9808678970176,5,6,1,14,4.3117483345153e-13,1,2,1
P2/D4,99,33,14,30,17,18,16,14,16,17,18,30,33,240,0.234375000000009,185.15625,0.234375000000009,240,240,905.625,0.893945812074875,99.983208208386,5,6,1,14,4.59134220325156e-13,1,2,1
P2/D4,100,33,14,30,17,16,18,14,16,17,18,30,33,240,0.234375000000009,185.15625,0.234375000000009,240,240,905.625,0.893945812074875,99.983208208386,5,6,1,14,4.59134220325156e-13,1,2,1
P2/D4,101,33,14,30,16,18,17,14,16,17,18,30,33,240,189.140625,0.234375000000009,0.234375000000009,240,240,909.609375,0.89225197570961,99.9817485354776,5,6,1,14,5.9734643899101e-13,1,2,1
P2/D4,102,33,14,30,16,17,18,14,16,17,18,30,33,240,189.140625,0.234375000000009,0.234375000000009,240,240,909.609375,0.89225197570961,99.9817485354776,5,6,1,14,5.9734643899101e-13,1,2,1
P2/D4,103,33,14,18,30,17,16,14,16,17,18,30,33,240,0.234375000000009,0.234375000000009,240,173.671875,240,894.140625,0.899105797893436,99.9842447919594,5,6,1,14,2.55852142960183e-13,1,2,1
P2/D4,104,33,14,18,30,16,17,14,16,17,18,30,33,240,0.234375000000009,0.234375000000009,240,173.671875,240,894.140625,0.899105797893436,99.9842447919594,5,6,1,14,2.55852142960183e-13,1,2,1
P2/D4,105,33,14,18,17,30,16,14,16,17,18,30,33,240,0.234375000000009,150.9375,240,0.234375000000009,240,871.40625,0.90949840645291,99.9868317190347,5,6,1,13,6.30218456737771e-13,1,2,1
P2/D4,106,33,14,18,17,16,30,14,16,17,18,30,33,240,0.234375000000009,150.9375,240,0.234375000000009,240,871.40625,0.90949840645291,99.9868317190347,5,6,1,13,6.30218456737771e-13,1,2,1
P2/D4,107,33,14,18,16,30,17,14,16,17,18,30,33,240,152.8125,0.234375000000009,240,0.234375000000009,240,873.28125,0.908153410941645,99.9855883123841,5,6,1,13,7.21487629393086e-13,1,2,1
P2/D4,108,33,14,18,16,17,30,14,16,17,18,30,33,240,152.8125,0.234375000000009,240,0.234375000000009,240,873.28125,0.908153410941645,99.9855883123841,5,6,1,13,7.21487629393086e-13,1,2,1
P2/D4,109,33,14,17,30,18,16,14,16,17,18,30,33,240,0.234375000000009,240,0.234375000000009,174.84375,240,895.3125,0.897820450638937,99.9811718477855,5,6,1,14,2.77987500082051e-13,1,2,1
P2/D4,110,33,14,17,30,16,18,14,16,17,18,30,33,240,0.234375000000009,240,0.234375000000009,174.84375,240,895.3125,0.897820450638937,99.9811718477855,5,6,1,14,2.77987500082051e-13,1,2,1
P2/D4,111,33,14,17,18,30,16,14,16,17,18,30,33,240,0.234375000000009,240,151.171875,0.234375000000009,240,871.640625,0.909053146187943,99.9860739512857,5,6,1,13,6.41508153747012e-13,1,2,1
P2/D4,112,33,14,17,18,16,30,14,16,17,18,30,33,240,0.234375000000009,240,151.171875,0.234375000000009,240,871.640625,0.909053146187943,99.9860739512857,5,6,1,13,6.41508153747012e-13,1,2,1
P2/D4,113,33,14,17,16,30,18,14,16,17,18,30,33,240,153.75,240,0.234375000000009,0.234375000000009,240,874.21875,0.906936580688534,99.9843115731338,5,6,1,13,7.76480299163304e-13,1,2,1
P2/D4,114,33,14,17,16,18,30,14,16,17,18,30,33,240,153.75,240,0.234375000000009,0.234375000000009,240,874.21875,0.906936580688534,99.9843115731338,5,6,1,13,7.76480299163304e-13,1,2,1
P2/D4,115,33,14,16,30,18,17,14,16,17,18,30,33,240,240,0.234375000000009,0.234375000000009,180.46875,240,900.9375,0.895339988117253,99.9804979052092,5,6,1,14,4.03541996462356e-13,1,2,1
P2/D4,116,33,14,16,30,17,18,14,16,17,18,30,33,240,240,0.234375000000009,0.234375000000009,180.46875,240,900.9375,0.895339988117253,99.9804979052092,5,6,1,14,4.03541996462356e-13,1,2,1
P2/D4,117,33,14,16,18,30,17,14,16,17,18,30,33,240,240,0.234375000000009,154.453125,0.234375000000009,240,874.921875,0.90695048857183,99.9854866781074,5,6,1,13,8.13608929855524e-13,1,2,1
P2/D4,118,33,14,16,18,17,30,14,16,17,18,30,33,240,240,0.234375000000009,154.453125,0.234375000000009,240,874.921875,0.90695048857183,99.9854866781074,5,6,1,13,8.13608929855524e-13,1,2,1
P2/D4,119,33,14,16,17,30,18,14,16,17,18,30,33,240,240,155.15625,0.234375000000009,0.234375000000009,240,875.625,0.906170943182006,99.9848685965587,5,6,1,13,8.60111885844082e-13,1,2,1
P2/D4,120,33,14,16,17,18,30,14,16,17,18,30,33,240,240,155.15625,0.234375000000009,0.234375000000009,240,875.625,0.906170943182006,99.9848685965587,5,6,1,13,8.60111885844082e-13,1,2,1
P2/D4,121,30,33,18,17,16,14,14,16,17,18,30,33,0.234375000000009,0.234375000000009,176.25,240,240,240,896.71875,0.899492707753379,99.9823010124821,5,6,1,14,2.52852911406071e-13,1,2,1
P2/D4,122,30,33,18,17,14,16,14,16,17,18,30,33,0.234375000000009,0.234375000000009,176.25,240,240,240,896.71875,0.899492707753379,99.9823010124821,5,6,1,14,2.52852911406071e-13,1,2,1
P2/D4,123,30,33,18,16,17,14,14,16,17,18,30,33,0.234375000000009,178.359375,0.234375000000009,240,240,240,898.828125,0.897902554085509,99.9814180065698,5,6,1,14,2.94047146390609e-13,1,2,1
P2/D4,124,30,33,18,16,14,17,14,16,17,18,30,33,0.234375000000009,178.359375,0.234375000000009,240,240,240,898.828125,0.897902554085509,99.9814180065698,5,6,1,14,2.94047146390609e-13,1,2,1
P2/D4,125,30,33,18,14,17,16,14,16,17,18,30,33,181.875,0.234375000000009,0.234375000000009,240,240,240,902.34375,0.896214339795156,99.9856073272123,5,6,1,14,3.69249964573341e-13,1,2,1
P2/D4,126,30,33,18,14,16,17,14,16,17,18,30,33,181.875,0.234375000000009,0.234375000000009,240,240,240,902.34375,0.896214339795156,99.9856073272123,5,6,1,14,3.69249964573341e-13,1,2,1
P2/D4,127,30,33,17,18,16,14,14,16,17,18,30,33,0.234375000000009,0.234375000000009,240,176.484375,240,240,896.953125,0.8991779192634,99.9793966654689,5,6,1,14,2.55653869391014e-13,1,2,1
P2/D4,128,30,33,17,18,14,16,14,16,17,18,30,33,0.234375000000009,0.234375000000009,240,176.484375,240,240,896.953125,0.8991779192634,99.9793966654689,5,6,1,14,2.55653869391014e-13,1,2,1
P2/D4,129,30,33,17,16,18,14,14,16,17,18,30,33,0.234375000000009,179.296875,240,0.234375000000009,240,240,899.765625,0.896670331286533,99.9805216903038,5,6,1,14,3.16518129715212e-13,1,2,1
P2/D4,130,30,33,17,16,14,18,14,16,17,18,30,33,0.234375000000009,179.296875,240,0.234375000000009,240,240,899.765625,0.896670331286533,99.9805216903038,5,6,1,14,3.16518129715212e-13,1,2,1
P2/D4,131,30,33,17,14,18,16,14,16,17,18,30,33,182.8125,0.234375000000009,240,0.234375000000009,240,240,903.28125,0.894969205771694,99.9854102090312,5,6,1,14,3.97440245348109e-13,1,2,1
P2/D4,132,30,33,17,14,16,18,14,16,17,18,30,33,182.8125,0.234375000000009,240,0.234375000000009,240,240,903.28125,0.894969205771694,99.9854102090312,5,6,1,14,3.97440245348109e-13,1,2,1
P2/D4,133,30,33,16,18,17,14,14,16,17,18,30,33,0.234375000000009,240,0.234375000000009,179.53125,240,240,900,0.897046036545402,99.9801440764287,5,6,1,14,3.19278884855707e-13,1,2,1
P2/D4,134,30,33,16,18,14,17,14,16,17,18,30,33,0.234375000000009,240,0.234375000000009,179.53125,240,240,900,0.897046036545402,99.9801440764287,5,6,1,14,3.19278884855707e-13,1,2,1
P2/D4,135,30,33,16,17,18,14,14,16,17,18,30,33,0.234375000000009,240,180.234375,0.234375000000009,240,240,900.703125,0.896121865712695,99.9820061573974,5,6,1,14,3.38957458362368e-13,1,2,1
P2/D4,136,30,33,16,17,14,18,14,16,17,18,30,33,0.234375000000009,240,180.234375,0.234375000000009,240,240,900.703125,0.896121865712695,99.9820061573974,5,6,1,14,3.38957458362368e-13,1,2,1
P2/D4,137,30,33,16,14,18,17,14,16,17,18,30,33,187.96875,240,0.234375000000009,0.234375000000009,240,240,908.4375,0.892740358511567,99.9794270106482,5,6,1,14,5.54620126358029e-13,1,2,1
P2/D4,138,30,33,16,14,17,18,14,16,17,18,30,33,187.96875,240,0.234375000000009,0.234375000000009,240,240,908.4375,0.892740358511567,99.9794270106482,5,6,1,14,5.54620126358029e-13,1,2,1
P2/D4,139,30,33,14,18,17,16,14,16,17,18,30,33,240,0.234375000000009,0.234375000000009,184.453125,240,240,904.921875,0.894898881740102,99.9808678970176,5,6,1,14,4.3117483345153e-13,1,2,1
P2/D4,140,30,33,14,18,16,17,14,16,17,18,30,33,240,0.234375000000009,0.234375000000009,184.453125,240,240,904.921875,0.894898881740102,99.9808678970176,5,6,1,14,4.3117483345153e-13,1,2,1
P2/D4,141,30,33,14,17,18,16,14,16,17,18,30,33,240,0.234375000000009,185.15625,0.234375000000009,240,240,905.625,0.893945812074875,99.983208208386,5,6,1,14,4.59134220325156e-13,1,2,1
P2/D4,142,30,33,14,17,16,18,14,16,17,18,30,33,240,0.234375000000009,185.15625,0.234375000000009,240,240,905.625,0.893945812074875,99.983208208386,5,6,1,14,4.59134220325156e-13,1,2,1
P2/D4,143,30,33,14,16,18,17,14,16,17,18,30,33,240,189.140625,0.234375000000009,0.234375000000009,240,240,909.609375,0.89225197570961,99.9817485354776,5,6,1,14,5.9734643899101e-13,1,2,1
P2/D4,144,30,33,14,16,17,18,14,16,17,18,30,33,240,189.140625,0.234375000000009,0.234375000000009,240,240,909.609375,0.89225197570961,99.9817485354776,5,6,1,14,5.9734643899101e-13,1,2,1
P2/D4,145,30,18,33,17,16,14,14,16,17,18,30,33,0.234375000000009,0.234375000000009,176.25,240,240,240,896.71875,0.899492707753379,99.9823010124821,5,6,1,14,2.52852911406071e-13,1,2,1
P2/D4,146,30,18,33,17,14,16,14,16,17,18,30,33,0.234375000000009,0.234375000000009,176.25,240,240,240,896.71875,0.899492707753379,99.9823010124821,5,6,1,14,2.52852911406071e-13,1,2,1
P2/D4,147,30,18,33,16,17,14,14,16,17,18,30,33,0.234375000000009,178.359375,0.234375000000009,240,240,240,898.828125,0.897902554085509,99.9814180065698,5,6,1,14,2.94047146390609e-13,1,2,1
P2/D4,148,30,18,33,16,14,17,14,16,17,18,30,33,0.234375000000009,178.359375,0.234375000000009,240,240,240,898.828125,0.897902554085509,99.9814180065698,5,6,1,14,2.94047146390609e-13,1,2,1
P2/D4,149,30,18,33,14,17,16,14,16,17,18,30,33,181.875,0.234375000000009,0.234375000000009,240,240,240,902.34375,0.896214339795156,99.9856073272123,5,6,1,14,3.69249964573341e-13,1,2,1
P2/D4,150,30,18,33,14,16,17,14,16,17,18,30,33,181.875,0.234375000000009,0.234375000000009,240,240,240,902.34375,0.896214339795156,99.9856073272123,5,6,1,14,3.69249964573341e-13,1,2,1
P2/D4,151,30,18,17,33,16,14,14,16,17,18,30,33,0.234375000000009,0.234375000000009,240,240,240,166.640625,887.109375,0.903894399131863,99.9819575917371,5,6,1,14,1.50643563412136e-13,1,2,1
P2/D4,152,30,18,17,33,14,16,14,16,17,18,30,33,0.234375000000009,0.234375000000009,240,240,240,166.640625,887.109375,0.903894399131863,99.9819575917371,5,6,1,14,1.50643563412136e-13,1,2,1
P2/D4,153,30,18,17,16,33,14,14,16,17,18,30,33,0.234375000000009,150.9375,240,240,240,0.234375000000009,871.40625,0.912715292301593,99.9827603200982,5,6,1,13,5.0108209416319e-13,1,2,1
P2/D4,154,30,18,17,16,14,33,14,16,17,18,30,33,0.234375000000009,150.9375,240,240,240,0.234375000000009,871.40625,0.912715292301593,99.9827603200982,5,6,1,13,5.0108209416319e-13,1,2,1
P2/D4,155,30,18,17,14,33,16,14,16,17,18,30,33,152.8125,0.234375000000009,240,240,240,0.234375000000009,873.28125,0.911321903108651,99.9843519085951,5,6,1,13,5.68889602923186e-13,1,2,1
P2/D4,156,30,18,17,14,16,33,14,16,17,18,30,33,152.8125,0.234375000000009,240,240,240,0.234375000000009,873.28125,0.911321903108651,99.9843519085951,5,6,1,13,5.68889602923186e-13,1,2,1
P2/D4,157,30,18,16,33,17,14,14,16,17,18,30,33,0.234375000000009,240,0.234375000000009,240,240,169.453125,889.921875,0.901587182917664,99.982970080243,5,6,1,14,1.86229582289513e-13,1,2,1
P2/D4,158,30,18,16,33,14,17,14,16,17,18,30,33,0.234375000000009,240,0.234375000000009,240,240,169.453125,889.921875,0.901587182917664,99.982970080243,5,6,1,14,1.86229582289513e-13,1,2,1
P2/D4,159,30,18,16,17,33,14,14,16,17,18,30,33,0.234375000000009,240,151.640625,240,240,0.234375000000009,872.109375,0.911934355002085,99.981551625651,5,6,1,13,5.27137886008502e-13,1,2,1
P2/D4,160,30,18,16,17,14,33,14,16,17,18,30,33,0.234375000000009,240,151.640625,240,240,0.234375000000009,872.109375,0.911934355002085,99.981551625651,5,6,1,13,5.27137886008502e-13,1,2,1
P2/D4,161,30,18,16,14,33,17,14,16,17,18,30,33,155.390625,240,0.234375000000009,240,240,0.234375000000009,875.859375,0.909163132184561,99.9831997031201,5,6,1,13,6.8529816301835e-13,1,2,1
P2/D4,162,30,18,16,14,17,33,14,16,17,18,30,33,155.390625,240,0.234375000000009,240,240,0.234375000000009,875.859375,0.909163132184561,99.9831997031201,5,6,1,13,6.8529816301835e-13,1,2,1
P2/D4,163,30,18,14,33,17,16,14,16,17,18,30,33,240,0.234375000000009,0.234375000000009,240,240,174.609375,895.078125,0.899106820087722,99.9841115877312,5,6,1,14,2.5840836267324e-13,1,2,1
P2/D4,164,30,18,14,33,16,17,14,16,17,18,30,33,240,0.234375000000009,0.234375000000009,240,240,174.609375,895.078125,0.899106820087722,99.9841115877312,5,6,1,14,2.5840836267324e-13,1,2,1
P2/D4,165,30,18,14,17,33,16,14,16,17,18,30,33,240,0.234375000000009,154.921875,240,240,0.234375000000009,875.390625,0.909775445107315,99.982873059337,5,6,1,13,6.53618304688913e-13,1,2,1
P2/D4,166,30,18,14,17,16,33,14,16,17,18,30,33,240,0.234375000000009,154.921875,240,240,0.234375000000009,875.390625,0.909775445107315,99.982873059337,5,6,1,13,6.53618304688913e-13,1,2,1
P2/D4,167,30,18,14,16,33,17,14,16,17,18,30,33,240,156.796875,0.234375000000009,240,240,0.234375000000009,877.265625,0.9083925306089,99.9826997586924,5,6,1,13,7.47670422731911e-13,1,2,1
P2/D4,168,30,18,14,16,17,33,14,16,17,18,30,33,240,156.796875,0.234375000000009,240,240,0.234375000000009,877.265625,0.9083925306089,99.9826997586924,5,6,1,13,7.47670422731911e-13,1,2,1
P2/D4,169,30,17,33,18,16,14,14,16,17,18,30,33,0.234375000000009,0.234375000000009,240,176.484375,240,240,896.953125,0.8991779192634,99.9793966654689,5,6,1,14,2.55653869391014e-13,1,2,1
P2/D4,170,30,17,33,18,14,16,14,16,17,18,30,33,0.234375000000009,0.234375000000009,240,176.484375,240,240,896.953125,0.8991779192634,99.9793966654689,5,6,1,14,2.55653869391014e-13,1,2,1
P2/D4,171,30,17,33,16,18,14,14,16,17,18,30,33,0.234375000000009,179.296875,240,0.234375000000009,240,240,899.765625,0.896670331286533,99.9805216903038,5,6,1,14,3.16518129715212e-13,1,2,1
P2/D4,172,30,17,33,16,14,18,14,16,17,18,30,33,0.234375000000009,179.296875,240,0.234375000000009,240,240,899.765625,0.896670331286533,99.9805216903038,5,6,1,14,3.16518129715212e-13,1,2,1
P2/D4,173,30,17,33,14,18,16,14,16,17,18,30,33,182.8125,0.234375000000009,240,0.234375000000009,240,240,903.28125,0.894969205771694,99.9854102090312,5,6,1,14,3.97440245348109e-13,1,2,1
P2/D4,174,30,17,33,14,16,18,14,16,17,18,30,33,182.8125,0.234375000000009,240,0.234375000000009,240,240,903.28125,0.894969205771694,99.9854102090312,5,6,1,14,3.97440245348109e-13,1,2,1
P2/D4,175,30,17,18,33,16,14,14,16,17,18,30,33,0.234375000000009,0.234375000000009,240,240,240,166.640625,887.109375,0.903894399131863,99.9819575917371,5,6,1,14,1.50643563412136e-13,1,2,1
P2/D4,176,30,17,18,33,14,16,14,16,17,18,30,33,0.234375000000009,0.234375000000009,240,240,240,166.640625,887.109375,0.903894399131863,99.9819575917371,5,6,1,14,1.50643563412136e-13,1,2,1
P2/D4,177,30,17,18,16,33,14,14,16,17,18,30,33,0.234375000000009,150.9375,240,240,240,0.234375000000009,871.40625,0.912715292301593,99.9827603200982,5,6,1,13,5.0108209416319e-13,1,2,1
P2/D4,178,30,17,18,16,14,33,14,16,17,18,30,33,0.234375000000009,150.9375,240,240,240,0.234375000000009,871.40625,0.912715292301593,99.9827603200982,5,6,1,13,5.0108209416319e-13,1,2,1
P2/D4,179,30,17,18,14,33,16,14,16,17,18,30,33,152.8125,0.234375000000009,240,240,240,0.234375000000009,873.28125,0.911321903108651,99.9843519085951,5,6,1,13,5.68889602923186e-13,1,2,1
P2/D4,180,30,17,18,14,16,33,14,16,17,18,30,33,152.8125,0.234375000000009,240,240,240,0.234375000000009,873.28125,0.911321903108651,99.9843519085951,5,6,1,13,5.68889602923186e-13,1,2,1
P2/D4,181,30,17,16,33,18,14,14,16,17,18,30,33,0.234375000000009,240,240,0.234375000000009,240,170.390625,890.859375,0.900302561247365,99.9851316564702,5,6,1,14,2.01871237023884e-13,1,2,1
P2/D4,182,30,17,16,33,14,18,14,16,17,18,30,33,0.234375000000009,240,240,0.234375000000009,240,170.390625,890.859375,0.900302561247365,99.9851316564702,5,6,1,14,2.01871237023884e-13,1,2,1
P2/D4,183,30,17,16,18,33,14,14,16,17,18,30,33,0.234375000000009,240,240,151.875,240,0.234375000000009,872.34375,0.911494054331865,99.9807233270482,5,6,1,13,5.36835852163782e-13,1,2,1
P2/D4,184,30,17,16,18,14,33,14,16,17,18,30,33,0.234375000000009,240,240,151.875,240,0.234375000000009,872.34375,0.911494054331865,99.9807233270482,5,6,1,13,5.36835852163782e-13,1,2,1
P2/D4,185,30,17,16,14,33,18,14,16,17,18,30,33,156.328125,240,240,0.234375000000009,240,0.234375000000009,876.796875,0.907938101439435,99.9823124138031,5,6,1,13,7.37902807002207e-13,1,2,1
P2/D4,186,30,17,16,14,18,33,14,16,17,18,30,33,156.328125,240,240,0.234375000000009,240,0.234375000000009,876.796875,0.907938101439435,99.9823124138031,5,6,1,13,7.37902807002207e-13,1,2,1
P2/D4,187,30,17,14,33,18,16,14,16,17,18,30,33,240,0.234375000000009,240,0.234375000000009,240,175.78125,896.25,0.897821765157731,99.9805776396319,5,6,1,14,2.80544284879792e-13,1,2,1
P2/D4,188,30,17,14,33,16,18,14,16,17,18,30,33,240,0.234375000000009,240,0.234375000000009,240,175.78125,896.25,0.897821765157731,99.9805776396319,5,6,1,14,2.80544284879792e-13,1,2,1
P2/D4,189,30,17,14,18,33,16,14,16,17,18,30,33,240,0.234375000000009,240,155.15625,240,0.234375000000009,875.625,0.909351484118755,99.981763578869,5,6,1,13,6.64790501454449e-13,1,2,1
P2/D4,190,30,17,14,18,16,33,14,16,17,18,30,33,240,0.234375000000009,240,155.15625,240,0.234375000000009,875.625,0.909351484118755,99.981763578869,5,6,1,13,6.64790501454449e-13,1,2,1
P2/D4,191,30,17,14,16,33,18,14,16,17,18,30,33,240,157.734375,240,0.234375000000009,240,0.234375000000009,878.203125,0.907176052233633,99.9814309363418,5,6,1,13,8.04660707256008e-13,1,2,1
P2/D4,192,30,17,14,16,18,33,14,16,17,18,30,33,240,157.734375,240,0.234375000000009,240,0.234375000000009,878.203125,0.907176052233633,99.9814309363418,5,6,1,13,8.04660707256008e-13,1,2,1
P2/D4,193,30,16,33,18,17,14,14,16,17,18,30,33,0.234375000000009,240,0.234375000000009,179.53125,240,240,900,0.897046036545402,99.9801440764287,5,6,1,14,3.19278884855707e-13,1,2,1
P2/D4,194,30,16,33,18,14,17,14,16,17,18,30,33,0.234375000000009,240,0.234375000000009,179.53125,240,240,900,0.897046036545402,99.9801440764287,5,6,1,14,3.19278884855707e-13,1,2,1
P2/D4,195,30,16,33,17,18,14,14,16,17,18,30,33,0.234375000000009,240,180.234375,0.234375000000009,240,240,900.703125,0.896121865712695,99.9820061573974,5,6,1,14,3.38957458362368e-13,1,2,1
P2/D4,196,30,16,33,17,14,18,14,16,17,18,30,33,0.234375000000009,240,180.234375,0.234375000000009,240,240,900.703125,0.896121865712695,99.9820061573974,5,6,1,14,3.38957458362368e-13,1,2,1
P2/D4,197,30,16,33,14,18,17,14,16,17,18,30,33,187.96875,240,0.234375000000009,0.234375000000009,240,240,908.4375,0.892740358511567,99.9794270106482,5,6,1,14,5.54620126358029e-13,1,2,1
P2/D4,198,30,16,33,14,17,18,14,16,17,18,30,33,187.96875,240,0.234375000000009,0.234375000000009,240,240,908.4375,0.892740358511567,99.9794270106482,5,6,1,14,5.54620126358029e-13,1,2,1
P2/D4,199,30,16,18,33,17,14,14,16,17,18,30,33,0.234375000000009,240,0.234375000000009,240,240,169.453125,889.921875,0.901587182917664,99.982970080243,5,6,1,14,1.86229582289513e-13,1,2,1
P2/D4,200,30,16,18,33,14,17,14,16,17,18,30,33,0.234375000000009,240,0.234375000000009,240,240,169.453125,889.921875,0.901587182917664,99.982970080243,5,6,1,14,1.86229582289513e-13,1,2,1
P2/D4,201,30,16,18,17,33,14,14,16,17,18,30,33,0.234375000000009,240,151.640625,240,240,0.234375000000009,872.109375,0.911934355002085,99.981551625651,5,6,1,13,5.27137886008502e-13,1,2,1
P2/D4,202,30,16,18,17,14,33,14,16,17,18,30,33,0.234375000000009,240,151.640625,240,240,0.234375000000009,872.109375,0.911934355002085,99.981551625651,5,6,1,13,5.27137886008502e-13,1,2,1
P2/D4,203,30,16,18,14,33,17,14,16,17,18,30,33,155.390625,240,0.234375000000009,240,240,0.234375000000009,875.859375,0.909163132184561,99.9831997031201,5,6,1,13,6.8529816301835e-13,1,2,1
P2/D4,204,30,16,18,14,17,33,14,16,17,18,30,33,155.390625,240,0.234375000000009,240,240,0.234375000000009,875.859375,0.909163132184561,99.9831997031201,5,6,1,13,6.8529816301835e-13,1,2,1
P2/D4,205,30,16,17,33,18,14,14,16,17,18,30,33,0.234375000000009,240,240,0.234375000000009,240,170.390625,890.859375,0.900302561247365,99.9851316564702,5,6,1,14,2.01871237023884e-13,1,2,1
P2/D4,206,30,16,17,33,14,18,14,16,17,18,30,33,0.234375000000009,240,240,0.234375000000009,240,170.390625,890.859375,0.900302561247365,99.9851316564702,5,6,1,14,2.01871237023884e-13,1,2,1
P2/D4,207,30,16,17,18,33,14,14,16,17,18,30,33,0.234375000000009,240,240,151.875,240,0.234375000000009,872.34375,0.911494054331865,99.9807233270482,5,6,1,13,5.36835852163782e-13,1,2,1
P2/D4,208,30,16,17,18,14,33,14,16,17,18,30,33,0.234375000000009,240,240,151.875,240,0.234375000000009,872.34375,0.911494054331865,99.9807233270482,5,6,1,13,5.36835852163782e-13,1,2,1
P2/D4,209,30,16,17,14,33,18,14,16,17,18,30,33,156.328125,240,240,0.234375000000009,240,0.234375000000009,876.796875,0.907938101439435,99.9823124138031,5,6,1,13,7.37902807002207e-13,1,2,1
P2/D4,210,30,16,17,14,18,33,14,16,17,18,30,33,156.328125,240,240,0.234375000000009,240,0.234375000000009,876.796875,0.907938101439435,99.9823124138031,5,6,1,13,7.37902807002207e-13,1,2,1
P2/D4,211,30,16,14,33,18,17,14,16,17,18,30,33,240,240,0.234375000000009,0.234375000000009,240,181.171875,901.640625,0.895338671803518,99.9837454767944,5,6,1,14,4.06771303712837e-13,1,2,1
P2/D4,212,30,16,14,33,17,18,14,16,17,18,30,33,240,240,0.234375000000009,0.234375000000009,240,181.171875,901.640625,0.895338671803518,99.9837454767944,5,6,1,14,4.06771303712837e-13,1,2,1
P2/D4,213,30,16,14,18,33,17,14,16,17,18,30,33,240,240,0.234375000000009,158.203125,240,0.234375000000009,878.671875,0.90723093696326,99.987010714494,5,6,1,13,8.38654309210614e-13,1,2,1
P2/D4,214,30,16,14,18,17,33,14,16,17,18,30,33,240,240,0.234375000000009,158.203125,240,0.234375000000009,878.671875,0.90723093696326,99.987010714494,5,6,1,13,8.38654309210614e-13,1,2,1
P2/D4,215,30,16,14,17,33,18,14,16,17,18,30,33,240,240,158.90625,0.234375000000009,240,0.234375000000009,879.375,0.906431689643069,99.9867283108076,5,6,1,13,8.86271284038468e-13,1,2,1
P2/D4,216,30,16,14,17,18,33,14,16,17,18,30,33,240,240,158.90625,0.234375000000009,240,0.234375000000009,879.375,0.906431689643069,99.9867283108076,5,6,1,13,8.86271284038468e-13,1,2,1
P2/D4,217,30,14,33,18,17,16,14,16,17,18,30,33,240,0.234375000000009,0.234375000000009,184.453125,240,240,904.921875,0.894898881740102,99.9808678970176,5,6,1,14,4.3117483345153e-13,1,2,1
P2/D4,218,30,14,33,18,16,17,14,16,17,18,30,33,240,0.234375000000009,0.234375000000009,184.453125,240,240,904.921875,0.894898881740102,99.9808678970176,5,6,1,14,4.3117483345153e-13,1,2,1
P2/D4,219,30,14,33,17,18,16,14,16,17,18,30,33,240,0.234375000000009,185.15625,0.234375000000009,240,240,905.625,0.893945812074875,99.983208208386,5,6,1,14,4.59134220325156e-13,1,2,1
P2/D4,220,30,14,33,17,16,18,14,16,17,18,30,33,240,0.234375000000009,185.15625,0.234375000000009,240,240,905.625,0.893945812074875,99.983208208386,5,6,1,14,4.59134220325156e-13,1,2,1
P2/D4,221,30,14,33,16,18,17,14,16,17,18,30,33,240,189.140625,0.234375000000009,0.234375000000009,240,240,909.609375,0.89225197570961,99.9817485354776,5,6,1,14,5.9734643899101e-13,1,2,1
P2/D4,222,30,14,33,16,17,18,14,16,17,18,30,33,240,189.140625,0.234375000000009,0.234375000000009,240,240,909.609375,0.89225197570961,99.9817485354776,5,6,1,14,5.9734643899101e-13,1,2,1
P2/D4,223,30,14,18,33,17,16,14,16,17,18,30,33,240,0.234375000000009,0.234375000000009,240,240,174.609375,895.078125,0.899106820087722,99.9841115877312,5,6,1,14,2.5840836267324e-13,1,2,1
P2/D4,224,30,14,18,33,16,17,14,16,17,18,30,33,240,0.234375000000009,0.234375000000009,240,240,174.609375,895.078125,0.899106820087722,99.9841115877312,5,6,1,14,2.5840836267324e-13,1,2,1
P2/D4,225,30,14,18,17,33,16,14,16,17,18,30,33,240,0.234375000000009,154.921875,240,240,0.234375000000009,875.390625,0.909775445107315,99.982873059337,5,6,1,13,6.53618304688913e-13,1,2,1
P2/D4,226,30,14,18,17,16,33,14,16,17,18,30,33,240,0.234375000000009,154.921875,240,240,0.234375000000009,875.390625,0.909775445107315,99.982873059337,5,6,1,13,6.53618304688913e-13,1,2,1
P2/D4,227,30,14,18,16,33,17,14,16,17,18,30,33,240,156.796875,0.234375000000009,240,240,0.234375000000009,877.265625,0.9083925306089,99.9826997586924,5,6,1,13,7.47670422731911e-13,1,2,1
P2/D4,228,30,14,18,16,17,33,14,16,17,18,30,33,240,156.796875,0.234375000000009,240,240,0.234375000000009,877.265625,0.9083925306089,99.9826997586924,5,6,1,13,7.47670422731911e-13,1,2,1
P2/D4,229,30,14,17,33,18,16,14,16,17,18,30,33,240,0.234375000000009,240,0.234375000000009,240,175.78125,896.25,0.897821765157731,99.9805776396319,5,6,1,14,2.80544284879792e-13,1,2,1
P2/D4,230,30,14,17,33,16,18,14,16,17,18,30,33,240,0.234375000000009,240,0.234375000000009,240,175.78125,896.25,0.897821765157731,99.9805776396319,5,6,1,14,2.80544284879792e-13,1,2,1
P2/D4,231,30,14,17,18,33,16,14,16,17,18,30,33,240,0.234375000000009,240,155.15625,240,0.234375000000009,875.625,0.909351484118755,99.981763578869,5,6,1,13,6.64790501454449e-13,1,2,1
P2/D4,232,30,14,17,18,16,33,14,16,17,18,30,33,240,0.234375000000009,240,155.15625,240,0.234375000000009,875.625,0.909351484118755,99.981763578869,5,6,1,13,6.64790501454449e-13,1,2,1
P2/D4,233,30,14,17,16,33,18,14,16,17,18,30,33,240,157.734375,240,0.234375000000009,240,0.234375000000009,878.203125,0.907176052233633,99.9814309363418,5,6,1,13,8.04660707256008e-13,1,2,1
P2/D4,234,30,14,17,16,18,33,14,16,17,18,30,33,240,157.734375,240,0.234375000000009,240,0.234375000000009,878.203125,0.907176052233633,99.9814309363418,5,6,1,13,8.04660707256008e-13,1,2,1
P2/D4,235,30,14,16,33,18,17,14,16,17,18,30,33,240,240,0.234375000000009,0.234375000000009,240,181.171875,901.640625,0.895338671803518,99.9837454767944,5,6,1,14,4.06771303712837e-13,1,2,1
P2/D4,236,30,14,16,33,17,18,14,16,17,18,30,33,240,240,0.234375000000009,0.234375000000009,240,181.171875,901.640625,0.895338671803518,99.9837454767944,5,6,1,14,4.06771303712837e-13,1,2,1
P2/D4,237,30,14,16,18,33,17,14,16,17,18,30,33,240,240,0.234375000000009,158.203125,240,0.234375000000009,878.671875,0.90723093696326,99.987010714494,5,6,1,13,8.38654309210614e-13,1,2,1
P2/D4,238,30,14,16,18,17,33,14,16,17,18,30,33,240,240,0.234375000000009,158.203125,240,0.234375000000009,878.671875,0.90723093696326,99.987010714494,5,6,1,13,8.38654309210614e-13,1,2,1
P2/D4,239,30,14,16,17,33,18,14,16,17,18,30,33,240,240,158.90625,0.234375000000009,240,0.234375000000009,879.375,0.906431689643069,99.9867283108076,5,6,1,13,8.86271284038468e-13,1,2,1
P2/D4,240,30,14,16,17,18,33,14,16,17,18,30,33,240,240,158.90625,0.234375000000009,240,0.234375000000009,879.375,0.906431689643069,99.9867283108076,5,6,1,13,8.86271284038468e-13,1,2,1
P2/D4,241,18,33,30,17,16,14,14,16,17,18,30,33,0.234375000000009,0.234375000000009,176.25,240,240,240,896.71875,0.899492707753379,99.9823010124821,5,6,1,14,2.52852911406071e-13,1,2,1
P2/D4,242,18,33,30,17,14,16,14,16,17,18,30,33,0.234375000000009,0.234375000000009,176.25,240,240,240,896.71875,0.899492707753379,99.9823010124821,5,6,1,14,2.52852911406071e-13,1,2,1
P2/D4,243,18,33,30,16,17,14,14,16,17,18,30,33,0.234375000000009,178.359375,0.234375000000009,240,240,240,898.828125,0.897902554085509,99.9814180065698,5,6,1,14,2.94047146390609e-13,1,2,1
P2/D4,244,18,33,30,16,14,17,14,16,17,18,30,33,0.234375000000009,178.359375,0.234375000000009,240,240,240,898.828125,0.897902554085509,99.9814180065698,5,6,1,14,2.94047146390609e-13,1,2,1
P2/D4,245,18,33,30,14,17,16,14,16,17,18,30,33,181.875,0.234375000000009,0.234375000000009,240,240,240,902.34375,0.896214339795156,99.9856073272123,5,6,1,14,3.69249964573341e-13,1,2,1
P2/D4,246,18,33,30,14,16,17,14,16,17,18,30,33,181.875,0.234375000000009,0.234375000000009,240,240,240,902.34375,0.896214339795156,99.9856073272123,5,6,1,14,3.69249964573341e-13,1,2,1
P2/D4,247,18,33,17,30,16,14,14,16,17,18,30,33,0.234375000000009,0.234375000000009,240,240,165.46875,240,885.9375,0.903891448455834,99.9848714042184,5,6,1,14,1.48866047388781e-13,1,2,1
P2/D4,248,18,33,17,30,14,16,14,16,17,18,30,33,0.234375000000009,0.234375000000009,240,240,165.46875,240,885.9375,0.903891448455834,99.9848714042184,5,6,1,14,1.48866047388781e-13,1,2,1
P2/D4,249,18,33,17,16,30,14,14,16,17,18,30,33,0.234375000000009,146.953125,240,240,0.234375000000009,240,867.421875,0.912479633816384,99.9848677561135,5,6,1,13,4.78885233541383e-13,1,2,1
P2/D4,250,18,33,17,16,14,30,14,16,17,18,30,33,0.234375000000009,146.953125,240,240,0.234375000000009,240,867.421875,0.912479633816384,99.9848677561135,5,6,1,13,4.78885233541383e-13,1,2,1
P2/D4,251,18,33,17,14,30,16,14,16,17,18,30,33,148.828125,0.234375000000009,240,240,0.234375000000009,240,869.296875,0.911125335950192,99.9852722201451,5,6,1,13,5.42807762152703e-13,1,2,1
P2/D4,252,18,33,17,14,16,30,14,16,17,18,30,33,148.828125,0.234375000000009,240,240,0.234375000000009,240,869.296875,0.911125335950192,99.9852722201451,5,6,1,13,5.42807762152703e-13,1,2,1
P2/D4,253,18,33,16,30,17,14,14,16,17,18,30,33,0.234375000000009,240,0.234375000000009,240,168.515625,240,888.984375,0.901587447927849,99.9810576640735,5,6,1,14,1.84006749173712e-13,1,2,1
P2/D4,254,18,33,16,30,14,17,14,16,17,18,30,33,0.234375000000009,240,0.234375000000009,240,168.515625,240,888.984375,0.901587447927849,99.9810576640735,5,6,1,14,1.84006749173712e-13,1,2,1
P2/D4,255,18,33,16,17,30,14,14,16,17,18,30,33,0.234375000000009,240,147.65625,240,0.234375000000009,240,868.125,0.911660219168836,99.9846934236545,5,6,1,13,5.05393520020442e-13,1,2,1
P2/D4,256,18,33,16,17,14,30,14,16,17,18,30,33,0.234375000000009,240,147.65625,240,0.234375000000009,240,868.125,0.911660219168836,99.9846934236545,5,6,1,13,5.05393520020442e-13,1,2,1
P2/D4,257,18,33,16,14,30,17,14,16,17,18,30,33,151.40625,240,0.234375000000009,240,0.234375000000009,240,871.875,0.908966037730316,99.9840780343969,5,6,1,13,6.56220122014698e-13,1,2,1
P2/D4,258,18,33,16,14,17,30,14,16,17,18,30,33,151.40625,240,0.234375000000009,240,0.234375000000009,240,871.875,0.908966037730316,99.9840780343969,5,6,1,13,6.56220122014698e-13,1,2,1
P2/D4,259,18,33,14,30,17,16,14,16,17,18,30,33,240,0.234375000000009,0.234375000000009,240,173.671875,240,894.140625,0.899105797893436,99.9842447919594,5,6,1,14,2.55852142960183e-13,1,2,1
P2/D4,260,18,33,14,30,16,17,14,16,17,18,30,33,240,0.234375000000009,0.234375000000009,240,173.671875,240,894.140625,0.899105797893436,99.9842447919594,5,6,1,14,2.55852142960183e-13,1,2,1
P2/D4,261,18,33,14,17,30,16,14,16,17,18,30,33,240,0.234375000000009,150.9375,240,0.234375000000009,240,871.40625,0.90949840645291,99.9868317190347,5,6,1,13,6.30218456737771e-13,1,2,1
P2/D4,262,18,33,14,17,16,30,14,16,17,18,30,33,240,0.234375000000009,150.9375,240,0.234375000000009,240,871.40625,0.90949840645291,99.9868317190347,5,6,1,13,6.30218456737771e-13,1,2,1
P2/D4,263,18,33,14,16,30,17,14,16,17,18,30,33,240,152.8125,0.234375000000009,240,0.234375000000009,240,873.28125,0.908153410941645,99.9855883123841,5,6,1,13,7.21487629393086e-13,1,2,1
P2/D4,264,18,33,14,16,17,30,14,16,17,18,30,33,240,152.8125,0.234375000000009,240,0.234375000000009,240,873.28125,0.908153410941645,99.9855883123841,5,6,1,13,7.21487629393086e-13,1,2,1
P2/D4,265,18,30,33,17,16,14,14,16,17,18,30,33,0.234375000000009,0.234375000000009,176.25,240,240,240,896.71875,0.899492707753379,99.9823010124821,5,6,1,14,2.52852911406071e-13,1,2,1
P2/D4,266,18,30,33,17,14,16,14,16,17,18,30,33,0.234375000000009,0.234375000000009,176.25,240,240,240,896.71875,0.899492707753379,99.9823010124821,5,6,1,14,2.52852911406071e-13,1,2,1
P2/D4,267,18,30,33,16,17,14,14,16,17,18,30,33,0.234375000000009,178.359375,0.234375000000009,240,240,240,898.828125,0.897902554085509,99.9814180065698,5,6,1,14,2.94047146390609e-13,1,2,1
P2/D4,268,18,30,33,16,14,17,14,16,17,18,30,33,0.234375000000009,178.359375,0.234375000000009,240,240,240,898.828125,0.897902554085509,99.9814180065698,5,6,1,14,2.94047146390609e-13,1,2,1
P2/D4,269,18,30,33,14,17,16,14,16,17,18,30,33,181.875,0.234375000000009,0.234375000000009,240,240,240,902.34375,0.896214339795156,99.9856073272123,5,6,1,14,3.69249964573341e-13,1,2,1
P2/D4,270,18,30,33,14,16,17,14,16,17,18,30,33,181.875,0.234375000000009,0.234375000000009,240,240,240,902.34375,0.896214339795156,99.9856073272123,5,6,1,14,3.69249964573341e-13,1,2,1
P2/D4,271,18,30,17,33,16,14,14,16,17,18,30,33,0.234375000000009,0.234375000000009,240,240,240,166.640625,887.109375,0.903894399131863,99.9819575917371,5,6,1,14,1.50643563412136e-13,1,2,1
P2/D4,272,18,30,17,33,14,16,14,16,17,18,30,33,0.234375000000009,0.234375000000009,240,240,240,166.640625,887.109375,0.903894399131863,99.9819575917371,5,6,1,14,1.50643563412136e-13,1,2,1
P2/D4,273,18,30,17,16,33,14,14,16,17,18,30,33,0.234375000000009,150.9375,240,240,240,0.234375000000009,871.40625,0.912715292301593,99.9827603200982,5,6,1,13,5.0108209416319e-13,1,2,1
P2/D4,274,18,30,17,16,14,33,14,16,17,18,30,33,0.234375000000009,150.9375,240,240,240,0.234375000000009,871.40625,0.912715292301593,99.9827603200982,5,6,1,13,5.0108209416319e-13,1,2,1
P2/D4,275,18,30,17,14,33,16,14,16,17,18,30,33,152.8125,0.234375000000009,240,240,240,0.234375000000009,873.28125,0.911321903108651,99.9843519085951,5,6,1,13,5.68889602923186e-13,1,2,1
P2/D4,276,18,30,17,14,16,33,14,16,17,18,30,33,152.8125,0.234375000000009,240,240,240,0.234375000000009,873.28125,0.911321903108651,99.9843519085951,5,6,1,13,5.68889602923186e-13,1,2,1
P2/D4,277,18,30,16,33,17,14,14,16,17,18,30,33,0.234375000000009,240,0.234375000000009,240,240,169.453125,889.921875,0.901587182917664,99.982970080243,5,6,1,14,1.86229582289513e-13,1,2,1
P2/D4,278,18,30,16,33,14,17,14,16,17,18,30,33,0.234375000000009,240,0.234375000000009,240,240,169.453125,889.921875,0.901587182917664,99.982970080243,5,6,1,14,1.86229582289513e-13,1,2,1
P2/D4,279,18,30,16,17,33,14,14,16,17,18,30,33,0.234375000000009,240,151.640625,240,240,0.234375000000009,872.109375,0.911934355002085,99.981551625651,5,6,1,13,5.27137886008502e-13,1,2,1
P2/D4,280,18,30,16,17,14,33,14,16,17,18,30,33,0.234375000000009,240,151.640625,240,240,0.234375000000009,872.109375,0.911934355002085,99.981551625651,5,6,1,13,5.27137886008502e-13,1,2,1
P2/D4,281,18,30,16,14,33,17,14,16,17,18,30,33,155.390625,240,0.234375000000009,240,240,0.234375000000009,875.859375,0.909163132184561,99.9831997031201,5,6,1,13,6.8529816301835e-13,1,2,1
P2/D4,282,18,30,16,14,17,33,14,16,17,18,30,33,155.390625,240,0.234375000000009,240,240,0.234375000000009,875.859375,0.909163132184561,99.9831997031201,5,6,1,13,6.8529816301835e-13,1,2,1
P2/D4,283,18,30,14,33,17,16,14,16,17,18,30,33,240,0.234375000000009,0.234375000000009,240,240,174.609375,895.078125,0.899106820087722,99.9841115877312,5,6,1,14,2.5840836267324e-13,1,2,1
P2/D4,284,18,30,14,33,16,17,14,16,17,18,30,33,240,0.234375000000009,0.234375000000009,240,240,174.609375,895.078125,0.899106820087722,99.9841115877312,5,6,1,14,2.5840836267324e-13,1,2,1
P2/D4,285,18,30,14,17,33,16,14,16,17,18,30,33,240,0.234375000000009,154.921875,240,240,0.234375000000009,875.390625,0.909775445107315,99.982873059337,5,6,1,13,6.53618304688913e-13,1,2,1
P2/D4,286,18,30,14,17,16,33,14,16,17,18,30,33,240,0.234375000000009,154.921875,240,240,0.234375000000009,875.390625,0.909775445107315,99.982873059337,5,6,1,13,6.53618304688913e-13,1,2,1
P2/D4,287,18,30,14,16,33,17,14,16,17,18,30,33,240,156.796875,0.234375000000009,240,240,0.234375000000009,877.265625,0.9083925306089,99.9826997586924,5,6,1,13,7.47670422731911e-13,1,2,1
P2/D4,288,18,30,14,16,17,33,14,16,17,18,30,33,240,156.796875,0.234375000000009,240,240,0.234375000000009,877.265625,0.9083925306089,99.9826997586924,5,6,1,13,7.47670422731911e-13,1,2,1
P2/D4,289,18,17,33,30,16,14,14,16,17,18,30,33,0.234375000000009,0.234375000000009,240,240,165.46875,240,885.9375,0.903891448455834,99.9848714042184,5,6,1,14,1.48866047388781e-13,1,2,1
P2/D4,290,18,17,33,30,14,16,14,16,17,18,30,33,0.234375000000009,0.234375000000009,240,240,165.46875,240,885.9375,0.903891448455834,99.9848714042184,5,6,1,14,1.48866047388781e-13,1,2,1
P2/D4,291,18,17,33,16,30,14,14,16,17,18,30,33,0.234375000000009,146.953125,240,240,0.234375000000009,240,867.421875,0.912479633816384,99.9848677561135,5,6,1,13,4.78885233541383e-13,1,2,1
P2/D4,292,18,17,33,16,14,30,14,16,17,18,30,33,0.234375000000009,146.953125,240,240,0.234375000000009,240,867.421875,0.912479633816384,99.9848677561135,5,6,1,13,4.78885233541383e-13,1,2,1
P2/D4,293,18,17,33,14,30,16,14,16,17,18,30,33,148.828125,0.234375000000009,240,240,0.234375000000009,240,869.296875,0.911125335950192,99.9852722201451,5,6,1,13,5.42807762152703e-13,1,2,1
P2/D4,294,18,17,33,14,16,30,14,16,17,18,30,33,148.828125,0.234375000000009,240,240,0.234375000000009,240,869.296875,0.911125335950192,99.9852722201451,5,6,1,13,5.42807762152703e-13,1,2,1
P2/D4,295,18,17,30,33,16,14,14,16,17,18,30,33,0.234375000000009,0.234375000000009,240,240,240,166.640625,887.109375,0.903894399131863,99.9819575917371,5,6,1,14,1.50643563412136e-13,1,2,1
P2/D4,296,18,17,30,33,14,16,14,16,17,18,30,33,0.234375000000009,0.234375000000009,240,240,240,166.640625,887.109375,0.903894399131863,99.9819575917371,5,6,1,14,1.50643563412136e-13,1,2,1
P2/D4,297,18,17,30,16,33,14,14,16,17,18,30,33,0.234375000000009,150.9375,240,240,240,0.234375000000009,871.40625,0.912715292301593,99.9827603200982,5,6,1,13,5.0108209416319e-13,1,2,1
P2/D4,298,18,17,30,16,14,33,14,16,17,18,30,33,0.234375000000009,150.9375,240,240,240,0.234375000000009,871.40625,0.912715292301593,99.9827603200982,5,6,1,13,5.0108209416319e-13,1,2,1
P2/D4,299,18,17,30,14,33,16,14,16,17,18,30,33,152.8125,0.234375000000009,240,240,240,0.234375000000009,873.28125,0.911321903108651,99.9843519085951,5,6,1,13,5.68889602923186e-13,1,2,1
P2/D4,300,18,17,30,14,16,33,14,16,17,18,30,33,152.8125,0.234375000000009,240,240,240,0.234375000000009,873.28125,0.911321903108651,99.9843519085951,5,6,1,13,5.68889602923186e-13,1,2,1
P2/D4,301,18,17,16,33,30,14,14,16,17,18,30,33,0.234375000000009,240,240,240,0.234375000000009,140.15625,860.625,0.917821166956357,99.9814392337934,5,6,1,13,2.98557178291768e-13,1,2,1
P2/D4,302,18,17,16,33,14,30,14,16,17,18,30,33,0.234375000000009,240,240,240,0.234375000000009,140.15625,860.625,0.917821166956357,99.9814392337934,5,6,1,13,2.98557178291768e-13,1,2,1
P2/D4,303,18,17,16,30,33,14,14,16,17,18,30,33,0.234375000000009,240,240,240,142.96875,0.234375000000009,863.4375,0.917823611327439,99.9816379405319,5,6,1,13,3.16211151933726e-13,1,2,1
P2/D4,304,18,17,16,30,14,33,14,16,17,18,30,33,0.234375000000009,240,240,240,142.96875,0.234375000000009,863.4375,0.917823611327439,99.9816379405319,5,6,1,13,3.16211151933726e-13,1,2,1
P2/D4,305,18,17,16,14,33,30,14,16,17,18,30,33,135.703125,240,240,240,0.234375000000009,0.234375000000009,856.171875,0.924191095188658,99.9836953986902,5,6,1,13,1.97997369288381e-13,1,2,1
P2/D4,306,18,17,16,14,30,33,14,16,17,18,30,33,135.703125,240,240,240,0.234375000000009,0.234375000000009,856.171875,0.924191095188658,99.9836953986902,5,6,1,13,1.97997369288381e-13,1,2,1
P2/D4,307,18,17,14,33,30,16,14,16,17,18,30,33,240,0.234375000000009,240,240,0.234375000000009,142.96875,863.4375,0.915493818275891,99.9825796510213,5,6,1,13,3.62712530344492e-13,1,2,1
P2/D4,308,18,17,14,33,16,30,14,16,17,18,30,33,240,0.234375000000009,240,240,0.234375000000009,142.96875,863.4375,0.915493818275891,99.9825796510213,5,6,1,13,3.62712530344492e-13,1,2,1
P2/D4,309,18,17,14,30,33,16,14,16,17,18,30,33,240,0.234375000000009,240,240,145.78125,0.234375000000009,866.25,0.915495511307326,99.9840484604482,5,6,1,13,3.8247437653785e-13,1,2,1
P2/D4,310,18,17,14,30,16,33,14,16,17,18,30,33,240,0.234375000000009,240,240,145.78125,0.234375000000009,866.25,0.915495511307326,99.9840484604482,5,6,1,13,3.8247437653785e-13,1,2,1
P2/D4,311,18,17,14,16,33,30,14,16,17,18,30,33,240,136.640625,240,240,0.234375000000009,0.234375000000009,857.109375,0.923252331532553,99.9837460988315,5,6,1,13,2.10501502536684e-13,1,2,1
P2/D4,312,18,17,14,16,30,33,14,16,17,18,30,33,240,136.640625,240,240,0.234375000000009,0.234375000000009,857.109375,0.923252331532553,99.9837460988315,5,6,1,13,2.10501502536684e-13,1,2,1
P2/D4,313,18,16,33,30,17,14,14,16,17,18,30,33,0.234375000000009,240,0.234375000000009,240,168.515625,240,888.984375,0.901587447927849,99.9810576640735,5,6,1,14,1.84006749173712e-13,1,2,1
P2/D4,314,18,16,33,30,14,17,14,16,17,18,30,33,0.234375000000009,240,0.234375000000009,240,168.515625,240,888.984375,0.901587447927849,99.9810576640735,5,6,1,14,1.84006749173712e-13,1,2,1
P2/D4,315,18,16,33,17,30,14,14,16,17,18,30,33,0.234375000000009,240,147.65625,240,0.234375000000009,240,868.125,0.911660219168836,99.9846934236545,5,6,1,13,5.05393520020442e-13,1,2,1
P2/D4,316,18,16,33,17,14,30,14,16,17,18,30,33,0.234375000000009,240,147.65625,240,0.234375000000009,240,868.125,0.911660219168836,99.9846934236545,5,6,1,13,5.05393520020442e-13,1,2,1
P2/D4,317,18,16,33,14,30,17,14,16,17,18,30,33,151.40625,240,0.234375000000009,240,0.234375000000009,240,871.875,0.908966037730316,99.9840780343969,5,6,1,13,6.56220122014698e-13,1,2,1
P2/D4,318,18,16,33,14,17,30,14,16,17,18,30,33,151.40625,240,0.234375000000009,240,0.234375000000009,240,871.875,0.908966037730316,99.9840780343969,5,6,1,13,6.56220122014698e-13,1,2,1
P2/D4,319,18,16,30,33,17,14,14,16,17,18,30,33,0.234375000000009,240,0.234375000000009,240,240,169.453125,889.921875,0.901587182917664,99.982970080243,5,6,1,14,1.86229582289513e-13,1,2,1
P2/D4,320,18,16,30,33,14,17,14,16,17,18,30,33,0.234375000000009,240,0.234375000000009,240,240,169.453125,889.921875,0.901587182917664,99.982970080243,5,6,1,14,1.86229582289513e-13,1,2,1
P2/D4,321,18,16,30,17,33,14,14,16,17,18,30,33,0.234375000000009,240,151.640625,240,240,0.234375000000009,872.109375,0.911934355002085,99.981551625651,5,6,1,13,5.27137886008502e-13,1,2,1
P2/D4,322,18,16,30,17,14,33,14,16,17,18,30,33,0.234375000000009,240,151.640625,240,240,0.234375000000009,872.109375,0.911934355002085,99.981551625651,5,6,1,13,5.27137886008502e-13,1,2,1
P2/D4,323,18,16,30,14,33,17,14,16,17,18,30,33,155.390625,240,0.234375000000009,240,240,0.234375000000009,875.859375,0.909163132184561,99.9831997031201,5,6,1,13,6.8529816301835e-13,1,2,1
P2/D4,324,18,16,30,14,17,33,14,16,17,18,30,33,155.390625,240,0.234375000000009,240,240,0.234375000000009,875.859375,0.909163132184561,99.9831997031201,5,6,1,13,6.8529816301835e-13,1,2,1
P2/D4,325,18,16,17,33,30,14,14,16,17,18,30,33,0.234375000000009,240,240,240,0.234375000000009,140.15625,860.625,0.917821166956357,99.9814392337934,5,6,1,13,2.98557178291768e-13,1,2,1
P2/D4,326,18,16,17,33,14,30,14,16,17,18,30,33,0.234375000000009,240,240,240,0.234375000000009,140.15625,860.625,0.917821166956357,99.9814392337934,5,6,1,13,2.98557178291768e-13,1,2,1
P2/D4,327,18,16,17,30,33,14,14,16,17,18,30,33,0.234375000000009,240,240,240,142.96875,0.234375000000009,863.4375,0.917823611327439,99.9816379405319,5,6,1,13,3.16211151933726e-13,1,2,1
P2/D4,328,18,16,17,30,14,33,14,16,17,18,30,33,0.234375000000009,240,240,240,142.96875,0.234375000000009,863.4375,0.917823611327439,99.9816379405319,5,6,1,13,3.16211151933726e-13,1,2,1
P2/D4,329,18,16,17,14,33,30,14,16,17,18,30,33,135.703125,240,240,240,0.234375000000009,0.234375000000009,856.171875,0.924191095188658,99.9836953986902,5,6,1,13,1.97997369288381e-13,1,2,1
P2/D4,330,18,16,17,14,30,33,14,16,17,18,30,33,135.703125,240,240,240,0.234375000000009,0.234375000000009,856.171875,0.924191095188658,99.9836953986902,5,6,1,13,1.97997369288381e-13,1,2,1
P2/D4,331,18,16,14,33,30,17,14,16,17,18,30,33,240,240,0.234375000000009,240,0.234375000000009,145.546875,866.015625,0.91322080631248,99.9846462844543,5,6,1,13,4.41923533871965e-13,1,2,1
P2/D4,332,18,16,14,33,17,30,14,16,17,18,30,33,240,240,0.234375000000009,240,0.234375000000009,145.546875,866.015625,0.91322080631248,99.9846462844543,5,6,1,13,4.41923533871965e-13,1,2,1
P2/D4,333,18,16,14,30,33,17,14,16,17,18,30,33,240,240,0.234375000000009,240,148.59375,0.234375000000009,869.0625,0.913225744897297,99.981222598446,5,6,1,13,4.65576660447046e-13,1,2,1
P2/D4,334,18,16,14,30,17,33,14,16,17,18,30,33,240,240,0.234375000000009,240,148.59375,0.234375000000009,869.0625,0.913225744897297,99.981222598446,5,6,1,13,4.65576660447046e-13,1,2,1
P2/D4,335,18,16,14,17,33,30,14,16,17,18,30,33,240,240,137.34375,240,0.234375000000009,0.234375000000009,857.8125,0.922345536847359,99.9860473879921,5,6,1,13,2.22653539378568e-13,1,2,1
P2/D4,336,18,16,14,17,30,33,14,16,17,18,30,33,240,240,137.34375,240,0.234375000000009,0.234375000000009,857.8125,0.922345536847359,99.9860473879921,5,6,1,13,2.22653539378568e-13,1,2,1
P2/D4,337,18,14,33,30,17,16,14,16,17,18,30,33,240,0.234375000000009,0.234375000000009,240,173.671875,240,894.140625,0.899105797893436,99.9842447919594,5,6,1,14,2.55852142960183e-13,1,2,1
P2/D4,338,18,14,33,30,16,17,14,16,17,18,30,33,240,0.234375000000009,0.234375000000009,240,173.671875,240,894.140625,0.899105797893436,99.9842447919594,5,6,1,14,2.55852142960183e-13,1,2,1
P2/D4,339,18,14,33,17,30,16,14,16,17,18,30,33,240,0.234375000000009,150.9375,240,0.234375000000009,240,871.40625,0.90949840645291,99.9868317190347,5,6,1,13,6.30218456737771e-13,1,2,1
P2/D4,340,18,14,33,17,16,30,14,16,17,18,30,33,240,0.234375000000009,150.9375,240,0.234375000000009,240,871.40625,0.90949840645291,99.9868317190347,5,6,1,13,6.30218456737771e-13,1,2,1
P2/D4,341,18,14,33,16,30,17,14,16,17,18,30,33,240,152.8125,0.234375000000009,240,0.234375000000009,240,873.28125,0.908153410941645,99.9855883123841,5,6,1,13,7.21487629393086e-13,1,2,1
P2/D4,342,18,14,33,16,17,30,14,16,17,18,30,33,240,152.8125,0.234375000000009,240,0.234375000000009,240,873.28125,0.908153410941645,99.9855883123841,5,6,1,13,7.21487629393086e-13,1,2,1
P2/D4,343,18,14,30,33,17,16,14,16,17,18,30,33,240,0.234375000000009,0.234375000000009,240,240,174.609375,895.078125,0.899106820087722,99.9841115877312,5,6,1,14,2.5840836267324e-13,1,2,1
P2/D4,344,18,14,30,33,16,17,14,16,17,18,30,33,240,0.234375000000009,0.234375000000009,240,240,174.609375,895.078125,0.899106820087722,99.9841115877312,5,6,1,14,2.5840836267324e-13,1,2,1
P2/D4,345,18,14,30,17,33,16,14,16,17,18,30,33,240,0.234375000000009,154.921875,240,240,0.234375000000009,875.390625,0.909775445107315,99.982873059337,5,6,1,13,6.53618304688913e-13,1,2,1
P2/D4,346,18,14,30,17,16,33,14,16,17,18,30,33,240,0.234375000000009,154.921875,240,240,0.234375000000009,875.390625,0.909775445107315,99.982873059337,5,6,1,13,6.53618304688913e-13,1,2,1
P2/D4,347,18,14,30,16,33,17,14,16,17,18,30,33,240,156.796875,0.234375000000009,240,240,0.234375000000009,877.265625,0.9083925306089,99.9826997586924,5,6,1,13,7.47670422731911e-13,1,2,1
P2/D4,348,18,14,30,16,17,33,14,16,17,18,30,33,240,156.796875,0.234375000000009,240,240,0.234375000000009,877.265625,0.9083925306089,99.9826997586924,5,6,1,13,7.47670422731911e-13,1,2,1
P2/D4,349,18,14,17,33,30,16,14,16,17,18,30,33,240,0.234375000000009,240,240,0.234375000000009,142.96875,863.4375,0.915493818275891,99.9825796510213,5,6,1,13,3.62712530344492e-13,1,2,1
P2/D4,350,18,14,17,33,16,30,14,16,17,18,30,33,240,0.234375000000009,240,240,0.234375000000009,142.96875,863.4375,0.915493818275891,99.9825796510213,5,6,1,13,3.62712530344492e-13,1,2,1
P2/D4,351,18,14,17,30,33,16,14,16,17,18,30,33,240,0.234375000000009,240,240,145.78125,0.234375000000009,866.25,0.915495511307326,99.9840484604482,5,6,1,13,3.8247437653785e-13,1,2,1
P2/D4,352,18,14,17,30,16,33,14,16,17,18,30,33,240,0.234375000000009,240,240,145.78125,0.234375000000009,866.25,0.915495511307326,99.9840484604482,5,6,1,13,3.8247437653785e-13,1,2,1
P2/D4,353,18,14,17,16,33,30,14,16,17,18,30,33,240,136.640625,240,240,0.234375000000009,0.234375000000009,857.109375,0.923252331532553,99.9837460988315,5,6,1,13,2.10501502536684e-13,1,2,1
P2/D4,354,18,14,17,16,30,33,14,16,17,18,30,33,240,136.640625,240,240,0.234375000000009,0.234375000000009,857.109375,0.923252331532553,99.9837460988315,5,6,1,13,2.10501502536684e-13,1,2,1
P2/D4,355,18,14,16,33,30,17,14,16,17,18,30,33,240,240,0.234375000000009,240,0.234375000000009,145.546875,866.015625,0.91322080631248,99.9846462844543,5,6,1,13,4.41923533871965e-13,1,2,1
P2/D4,356,18,14,16,33,17,30,14,16,17,18,30,33,240,240,0.234375000000009,240,0.234375000000009,145.546875,866.015625,0.91322080631248,99.9846462844543,5,6,1,13,4.41923533871965e-13,1,2,1
P2/D4,357,18,14,16,30,33,17,14,16,17,18,30,33,240,240,0.234375000000009,240,148.59375,0.234375000000009,869.0625,0.913225744897297,99.981222598446,5,6,1,13,4.65576660447046e-13,1,2,1
P2/D4,358,18,14,16,30,17,33,14,16,17,18,30,33,240,240,0.234375000000009,240,148.59375,0.234375000000009,869.0625,0.913225744897297,99.981222598446,5,6,1,13,4.65576660447046e-13,1,2,1
P2/D4,359,18,14,16,17,33,30,14,16,17,18,30,33,240,240,137.34375,240,0.234375000000009,0.234375000000009,857.8125,0.922345536847359,99.9860473879921,5,6,1,13,2.22653539378568e-13,1,2,1
P2/D4,360,18,14,16,17,30,33,14,16,17,18,30,33,240,240,137.34375,240,0.234375000000009,0.234375000000009,857.8125,0.922345536847359,99.9860473879921,5,6,1,13,2.22653539378568e-13,1,2,1
P2/D4,361,17,33,30,18,16,14,14,16,17,18,30,33,0.234375000000009,0.234375000000009,240,176.484375,240,240,896.953125,0.8991779192634,99.9793966654689,5,6,1,14,2.55653869391014e-13,1,2,1
P2/D4,362,17,33,30,18,14,16,14,16,17,18,30,33,0.234375000000009,0.234375000000009,240,176.484375,240,240,896.953125,0.8991779192634,99.9793966654689,5,6,1,14,2.55653869391014e-13,1,2,1
P2/D4,363,17,33,30,16,18,14,14,16,17,18,30,33,0.234375000000009,179.296875,240,0.234375000000009,240,240,899.765625,0.896670331286533,99.9805216903038,5,6,1,14,3.16518129715212e-13,1,2,1
P2/D4,364,17,33,30,16,14,18,14,16,17,18,30,33,0.234375000000009,179.296875,240,0.234375000000009,240,240,899.765625,0.896670331286533,99.9805216903038,5,6,1,14,3.16518129715212e-13,1,2,1
P2/D4,365,17,33,30,14,18,16,14,16,17,18,30,33,182.8125,0.234375000000009,240,0.234375000000009,240,240,903.28125,0.894969205771694,99.9854102090312,5,6,1,14,3.97440245348109e-13,1,2,1
P2/D4,366,17,33,30,14,16,18,14,16,17,18,30,33,182.8125,0.234375000000009,240,0.234375000000009,240,240,903.28125,0.894969205771694,99.9854102090312,5,6,1,14,3.97440245348109e-13,1,2,1
P2/D4,367,17,33,18,30,16,14,14,16,17,18,30,33,0.234375000000009,0.234375000000009,240,240,165.46875,240,885.9375,0.903891448455834,99.9848714042184,5,6,1,14,1.48866047388781e-13,1,2,1
P2/D4,368,17,33,18,30,14,16,14,16,17,18,30,33,0.234375000000009,0.234375000000009,240,240,165.46875,240,885.9375,0.903891448455834,99.9848714042184,5,6,1,14,1.48866047388781e-13,1,2,1
P2/D4,369,17,33,18,16,30,14,14,16,17,18,30,33,0.234375000000009,146.953125,240,240,0.234375000000009,240,867.421875,0.912479633816384,99.9848677561135,5,6,1,13,4.78885233541383e-13,1,2,1
P2/D4,370,17,33,18,16,14,30,14,16,17,18,30,33,0.234375000000009,146.953125,240,240,0.234375000000009,240,867.421875,0.912479633816384,99.9848677561135,5,6,1,13,4.78885233541383e-13,1,2,1
P2/D4,371,17,33,18,14,30,16,14,16,17,18,30,33,148.828125,0.234375000000009,240,240,0.234375000000009,240,869.296875,0.911125335950192,99.9852722201451,5,6,1,13,5.42807762152703e-13,1,2,1
P2/D4,372,17,33,18,14,16,30,14,16,17,18,30,33,148.828125,0.234375000000009,240,240,0.234375000000009,240,869.296875,0.911125335950192,99.9852722201451,5,6,1,13,5.42807762152703e-13,1,2,1
P2/D4,373,17,33,16,30,18,14,14,16,17,18,30,33,0.234375000000009,240,240,0.234375000000009,169.453125,240,889.921875,0.900302591558753,99.9835933107104,5,6,1,14,1.99758328847095e-13,1,2,1
P2/D4,374,17,33,16,30,14,18,14,16,17,18,30,33,0.234375000000009,240,240,0.234375000000009,169.453125,240,889.921875,0.900302591558753,99.9835933107104,5,6,1,14,1.99758328847095e-13,1,2,1
P2/D4,375,17,33,16,18,30,14,14,16,17,18,30,33,0.234375000000009,240,240,147.890625,0.234375000000009,240,868.359375,0.91119865418131,99.9842200849392,5,6,1,13,5.14651147034527e-13,1,2,1
P2/D4,376,17,33,16,18,14,30,14,16,17,18,30,33,0.234375000000009,240,240,147.890625,0.234375000000009,240,868.359375,0.91119865418131,99.9842200849392,5,6,1,13,5.14651147034527e-13,1,2,1
P2/D4,377,17,33,16,14,30,18,14,16,17,18,30,33,152.34375,240,240,0.234375000000009,0.234375000000009,240,872.8125,0.907740713608495,99.9831820035062,5,6,1,13,7.07044793504844e-13,1,2,1
P2/D4,378,17,33,16,14,18,30,14,16,17,18,30,33,152.34375,240,240,0.234375000000009,0.234375000000009,240,872.8125,0.907740713608495,99.9831820035062,5,6,1,13,7.07044793504844e-13,1,2,1
P2/D4,379,17,33,14,30,18,16,14,16,17,18,30,33,240,0.234375000000009,240,0.234375000000009,174.84375,240,895.3125,0.897820450638937,99.9811718477855,5,6,1,14,2.77987500082051e-13,1,2,1
P2/D4,380,17,33,14,30,16,18,14,16,17,18,30,33,240,0.234375000000009,240,0.234375000000009,174.84375,240,895.3125,0.897820450638937,99.9811718477855,5,6,1,14,2.77987500082051e-13,1,2,1
P2/D4,381,17,33,14,18,30,16,14,16,17,18,30,33,240,0.234375000000009,240,151.171875,0.234375000000009,240,871.640625,0.909053146187943,99.9860739512857,5,6,1,13,6.41508153747012e-13,1,2,1
P2/D4,382,17,33,14,18,16,30,14,16,17,18,30,33,240,0.234375000000009,240,151.171875,0.234375000000009,240,871.640625,0.909053146187943,99.9860739512857,5,6,1,13,6.41508153747012e-13,1,2,1
P2/D4,383,17,33,14,16,30,18,14,16,17,18,30,33,240,153.75,240,0.234375000000009,0.234375000000009,240,874.21875,0.906936580688534,99.9843115731338,5,6,1,13,7.76480299163304e-13,1,2,1
P2/D4,384,17,33,14,16,18,30,14,16,17,18,30,33,240,153.75,240,0.234375000000009,0.234375000000009,240,874.21875,0.906936580688534,99.9843115731338,5,6,1,13,7.76480299163304e-13,1,2,1
P2/D4,385,17,30,33,18,16,14,14,16,17,18,30,33,0.234375000000009,0.234375000000009,240,176.484375,240,240,896.953125,0.8991779192634,99.9793966654689,5,6,1,14,2.55653869391014e-13,1,2,1
P2/D4,386,17,30,33,18,14,16,14,16,17,18,30,33,0.234375000000009,0.234375000000009,240,176.484375,240,240,896.953125,0.8991779192634,99.9793966654689,5,6,1,14,2.55653869391014e-13,1,2,1
P2/D4,387,17,30,33,16,18,14,14,16,17,18,30,33,0.234375000000009,179.296875,240,0.234375000000009,240,240,899.765625,0.896670331286533,99.9805216903038,5,6,1,14,3.16518129715212e-13,1,2,1
P2/D4,388,17,30,33,16,14,18,14,16,17,18,30,33,0.234375000000009,179.296875,240,0.234375000000009,240,240,899.765625,0.896670331286533,99.9805216903038,5,6,1,14,3.16518129715212e-13,1,2,1
P2/D4,389,17,30,33,14,18,16,14,16,17,18,30,33,182.8125,0.234375000000009,240,0.234375000000009,240,240,903.28125,0.894969205771694,99.9854102090312,5,6,1,14,3.97440245348109e-13,1,2,1
P2/D4,390,17,30,33,14,16,18,14,16,17,18,30,33,182.8125,0.234375000000009,240,0.234375000000009,240,240,903.28125,0.894969205771694,99.9854102090312,5,6,1,14,3.97440245348109e-13,1,2,1
P2/D4,391,17,30,18,33,16,14,14,16,17,18,30,33,0.234375000000009,0.234375000000009,240,240,240,166.640625,887.109375,0.903894399131863,99.9819575917371,5,6,1,14,1.50643563412136e-13,1,2,1
P2/D4,392,17,30,18,33,14,16,14,16,17,18,30,33,0.234375000000009,0.234375000000009,240,240,240,166.640625,887.109375,0.903894399131863,99.9819575917371,5,6,1,14,1.50643563412136e-13,1,2,1
P2/D4,393,17,30,18,16,33,14,14,16,17,18,30,33,0.234375000000009,150.9375,240,240,240,0.234375000000009,871.40625,0.912715292301593,99.9827603200982,5,6,1,13,5.0108209416319e-13,1,2,1
P2/D4,394,17,30,18,16,14,33,14,16,17,18,30,33,0.234375000000009,150.9375,240,240,240,0.234375000000009,871.40625,0.912715292301593,99.9827603200982,5,6,1,13,5.0108209416319e-13,1,2,1
P2/D4,395,17,30,18,14,33,16,14,16,17,18,30,33,152.8125,0.234375000000009,240,240,240,0.234375000000009,873.28125,0.911321903108651,99.9843519085951,5,6,1,13,5.68889602923186e-13,1,2,1
P2/D4,396,17,30,18,14,16,33,14,16,17,18,30,33,152.8125,0.234375000000009,240,240,240,0.234375000000009,873.28125,0.911321903108651,99.9843519085951,5,6,1,13,5.68889602923186e-13,1,2,1
P2/D4,397,17,30,16,33,18,14,14,16,17,18,30,33,0.234375000000009,240,240,0.234375000000009,240,170.390625,890.859375,0.900302561247365,99.9851316564702,5,6,1,14,2.01871237023884e-13,1,2,1
P2/D4,398,17,30,16,33,14,18,14,16,17,18,30,33,0.234375000000009,240,240,0.234375000000009,240,170.390625,890.859375,0.900302561247365,99.9851316564702,5,6,1,14,2.01871237023884e-13,1,2,1
P2/D4,399,17,30,16,18,33,14,14,16,17,18,30,33,0.234375000000009,240,240,151.875,240,0.234375000000009,872.34375,0.911494054331865,99.9807233270482,5,6,1,13,5.36835852163782e-13,1,2,1
P2/D4,400,17,30,16,18,14,33,14,16,17,18,30,33,0.234375000000009,240,240,151.875,240,0.234375000000009,872.34375,0.911494054331865,99.9807233270482,5,6,1,13,5.36835852163782e-13,1,2,1
P2/D4,401,17,30,16,14,33,18,14,16,17,18,30,33,156.328125,240,240,0.234375000000009,240,0.234375000000009,876.796875,0.907938101439435,99.9823124138031,5,6,1,13,7.37902807002207e-13,1,2,1
P2/D4,402,17,30,16,14,18,33,14,16,17,18,30,33,156.328125,240,240,0.234375000000009,240,0.234375000000009,876.796875,0.907938101439435,99.9823124138031,5,6,1,13,7.37902807002207e-13,1,2,1
P2/D4,403,17,30,14,33,18,16,14,16,17,18,30,33,240,0.234375000000009,240,0.234375000000009,240,175.78125,896.25,0.897821765157731,99.9805776396319,5,6,1,14,2.80544284879792e-13,1,2,1
P2/D4,404,17,30,14,33,16,18,14,16,17,18,30,33,240,0.234375000000009,240,0.234375000000009,240,175.78125,896.25,0.897821765157731,99.9805776396319,5,6,1,14,2.80544284879792e-13,1,2,1
P2/D4,405,17,30,14,18,33,16,14,16,17,18,30,33,240,0.234375000000009,240,155.15625,240,0.234375000000009,875.625,0.909351484118755,99.981763578869,5,6,1,13,6.64790501454449e-13,1,2,1
P2/D4,406,17,30,14,18,16,33,14,16,17,18,30,33,240,0.234375000000009,240,155.15625,240,0.234375000000009,875.625,0.909351484118755,99.981763578869,5,6,1,13,6.64790501454449e-13,1,2,1
P2/D4,407,17,30,14,16,33,18,14,16,17,18,30,33,240,157.734375,240,0.234375000000009,240,0.234375000000009,878.203125,0.907176052233633,99.9814309363418,5,6,1,13,8.04660707256008e-13,1,2,1
P2/D4,408,17,30,14,16,18,33,14,16,17,18,30,33,240,157.734375,240,0.234375000000009,240,0.234375000000009,878.203125,0.907176052233633,99.9814309363418,5,6,1,13,8.04660707256008e-13,1,2,1
P2/D4,409,17,18,33,30,16,14,14,16,17,18,30,33,0.234375000000009,0.234375000000009,240,240,165.46875,240,885.9375,0.903891448455834,99.9848714042184,5,6,1,14,1.48866047388781e-13,1,2,1
P2/D4,410,17,18,33,30,14,16,14,16,17,18,30,33,0.234375000000009,0.234375000000009,240,240,165.46875,240,885.9375,0.903891448455834,99.9848714042184,5,6,1,14,1.48866047388781e-13,1,2,1
P2/D4,411,17,18,33,16,30,14,14,16,17,18,30,33,0.234375000000009,146.953125,240,240,0.234375000000009,240,867.421875,0.912479633816384,99.9848677561135,5,6,1,13,4.78885233541383e-13,1,2,1
P2/D4,412,17,18,33,16,14,30,14,16,17,18,30,33,0.234375000000009,146.953125,240,240,0.234375000000009,240,867.421875,0.912479633816384,99.9848677561135,5,6,1,13,4.78885233541383e-13,1,2,1
P2/D4,413,17,18,33,14,30,16,14,16,17,18,30,33,148.828125,0.234375000000009,240,240,0.234375000000009,240,869.296875,0.911125335950192,99.9852722201451,5,6,1,13,5.42807762152703e-13,1,2,1
P2/D4,414,17,18,33,14,16,30,14,16,17,18,30,33,148.828125,0.234375000000009,240,240,0.234375000000009,240,869.296875,0.911125335950192,99.9852722201451,5,6,1,13,5.42807762152703e-13,1,2,1
P2/D4,415,17,18,30,33,16,14,14,16,17,18,30,33,0.234375000000009,0.234375000000009,240,240,240,166.640625,887.109375,0.903894399131863,99.9819575917371,5,6,1,14,1.50643563412136e-13,1,2,1
P2/D4,416,17,18,30,33,14,16,14,16,17,18,30,33,0.234375000000009,0.234375000000009,240,240,240,166.640625,887.109375,0.903894399131863,99.9819575917371,5,6,1,14,1.50643563412136e-13,1,2,1
P2/D4,417,17,18,30,16,33,14,14,16,17,18,30,33,0.234375000000009,150.9375,240,240,240,0.234375000000009,871.40625,0.912715292301593,99.9827603200982,5,6,1,13,5.0108209416319e-13,1,2,1
P2/D4,418,17,18,30,16,14,33,14,16,17,18,30,33,0.234375000000009,150.9375,240,240,240,0.234375000000009,871.40625,0.912715292301593,99.9827603200982,5,6,1,13,5.0108209416319e-13,1,2,1
P2/D4,419,17,18,30,14,33,16,14,16,17,18,30,33,152.8125,0.234375000000009,240,240,240,0.234375000000009,873.28125,0.911321903108651,99.9843519085951,5,6,1,13,5.68889602923186e-13,1,2,1
P2/D4,420,17,18,30,14,16,33,14,16,17,18,30,33,152.8125,0.234375000000009,240,240,240,0.234375000000009,873.28125,0.911321903108651,99.9843519085951,5,6,1,13,5.68889602923186e-13,1,2,1
P2/D4,421,17,18,16,33,30,14,14,16,17,18,30,33,0.234375000000009,240,240,240,0.234375000000009,140.15625,860.625,0.917821166956357,99.9814392337934,5,6,1,13,2.98557178291768e-13,1,2,1
P2/D4,422,17,18,16,33,14,30,14,16,17,18,30,33,0.234375000000009,240,240,240,0.234375000000009,140.15625,860.625,0.917821166956357,99.9814392337934,5,6,1,13,2.98557178291768e-13,1,2,1
P2/D4,423,17,18,16,30,33,14,14,16,17,18,30,33,0.234375000000009,240,240,240,142.96875,0.234375000000009,863.4375,0.917823611327439,99.9816379405319,5,6,1,13,3.16211151933726e-13,1,2,1
P2/D4,424,17,18,16,30,14,33,14,16,17,18,30,33,0.234375000000009,240,240,240,142.96875,0.234375000000009,863.4375,0.917823611327439,99.9816379405319,5,6,1,13,3.16211151933726e-13,1,2,1
P2/D4,425,17,18,16,14,33,30,14,16,17,18,30,33,135.703125,240,240,240,0.234375000000009,0.234375000000009,856.171875,0.924191095188658,99.9836953986902,5,6,1,13,1.97997369288381e-13,1,2,1
P2/D4,426,17,18,16,14,30,33,14,16,17,18,30,33,135.703125,240,240,240,0.234375000000009,0.234375000000009,856.171875,0.924191095188658,99.9836953986902,5,6,1,13,1.97997369288381e-13,1,2,1
P2/D4,427,17,18,14,33,30,16,14,16,17,18,30,33,240,0.234375000000009,240,240,0.234375000000009,142.96875,863.4375,0.915493818275891,99.9825796510213,5,6,1,13,3.62712530344492e-13,1,2,1
P2/D4,428,17,18,14,33,16,30,14,16,17,18,30,33,240,0.234375000000009,240,240,0.234375000000009,142.96875,863.4375,0.915493818275891,99.9825796510213,5,6,1,13,3.62712530344492e-13,1,2,1
P2/D4,429,17,18,14,30,33,16,14,16,17,18,30,33,240,0.234375000000009,240,240,145.78125,0.234375000000009,866.25,0.915495511307326,99.9840484604482,5,6,1,13,3.8247437653785e-13,1,2,1
P2/D4,430,17,18,14,30,16,33,14,16,17,18,30,33,240,0.234375000000009,240,240,145.78125,0.234375000000009,866.25,0.915495511307326,99.9840484604482,5,6,1,13,3.8247437653785e-13,1,2,1
P2/D4,431,17,18,14,16,33,30,14,16,17,18,30,33,240,136.640625,240,240,0.234375000000009,0.234375000000009,857.109375,0.923252331532553,99.9837460988315,5,6,1,13,2.10501502536684e-13,1,2,1
P2/D4,432,17,18,14,16,30,33,14,16,17,18,30,33,240,136.640625,240,240,0.234375000000009,0.234375000000009,857.109375,0.923252331532553,99.9837460988315,5,6,1,13,2.10501502536684e-13,1,2,1
P2/D4,433,17,16,33,30,18,14,14,16,17,18,30,33,0.234375000000009,240,240,0.234375000000009,169.453125,240,889.921875,0.900302591558753,99.9835933107104,5,6,1,14,1.99758328847095e-13,1,2,1
P2/D4,434,17,16,33,30,14,18,14,16,17,18,30,33,0.234375000000009,240,240,0.234375000000009,169.453125,240,889.921875,0.900302591558753,99.9835933107104,5,6,1,14,1.99758328847095e-13,1,2,1
P2/D4,435,17,16,33,18,30,14,14,16,17,18,30,33,0.234375000000009,240,240,147.890625,0.234375000000009,240,868.359375,0.91119865418131,99.9842200849392,5,6,1,13,5.14651147034527e-13,1,2,1
P2/D4,436,17,16,33,18,14,30,14,16,17,18,30,33,0.234375000000009,240,240,147.890625,0.234375000000009,240,868.359375,0.91119865418131,99.9842200849392,5,6,1,13,5.14651147034527e-13,1,2,1
P2/D4,437,17,16,33,14,30,18,14,16,17,18,30,33,152.34375,240,240,0.234375000000009,0.234375000000009,240,872.8125,0.907740713608495,99.9831820035062,5,6,1,13,7.07044793504844e-13,1,2,1
P2/D4,438,17,16,33,14,18,30,14,16,17,18,30,33,152.34375,240,240,0.234375000000009,0.234375000000009,240,872.8125,0.907740713608495,99.9831820035062,5,6,1,13,7.07044793504844e-13,1,2,1
P2/D4,439,17,16,30,33,18,14,14,16,17,18,30,33,0.234375000000009,240,240,0.234375000000009,240,170.390625,890.859375,0.900302561247365,99.9851316564702,5,6,1,14,2.01871237023884e-13,1,2,1
P2/D4,440,17,16,30,33,14,18,14,16,17,18,30,33,0.234375000000009,240,240,0.234375000000009,240,170.390625,890.859375,0.900302561247365,99.9851316564702,5,6,1,14,2.01871237023884e-13,1,2,1
P2/D4,441,17,16,30,18,33,14,14,16,17,18,30,33,0.234375000000009,240,240,151.875,240,0.234375000000009,872.34375,0.911494054331865,99.9807233270482,5,6,1,13,5.36835852163782e-13,1,2,1
P2/D4,442,17,16,30,18,14,33,14,16,17,18,30,33,0.234375000000009,240,240,151.875,240,0.234375000000009,872.34375,0.911494054331865,99.9807233270482,5,6,1,13,5.36835852163782e-13,1,2,1
P2/D4,443,17,16,30,14,33,18,14,16,17,18,30,33,156.328125,240,240,0.234375000000009,240,0.234375000000009,876.796875,0.907938101439435,99.9823124138031,5,6,1,13,7.37902807002207e-13,1,2,1
P2/D4,444,17,16,30,14,18,33,14,16,17,18,30,33,156.328125,240,240,0.234375000000009,240,0.234375000000009,876.796875,0.907938101439435,99.9823124138031,5,6,1,13,7.37902807002207e-13,1,2,1
P2/D4,445,17,16,18,33,30,14,14,16,17,18,30,33,0.234375000000009,240,240,240,0.234375000000009,140.15625,860.625,0.917821166956357,99.9814392337934,5,6,1,13,2.98557178291768e-13,1,2,1
P2/D4,446,17,16,18,33,14,30,14,16,17,18,30,33,0.234375000000009,240,240,240,0.234375000000009,140.15625,860.625,0.917821166956357,99.9814392337934,5,6,1,13,2.98557178291768e-13,1,2,1
P2/D4,447,17,16,18,30,33,14,14,16,17,18,30,33,0.234375000000009,240,240,240,142.96875,0.234375000000009,863.4375,0.917823611327439,99.9816379405319,5,6,1,13,3.16211151933726e-13,1,2,1
P2/D4,448,17,16,18,30,14,33,14,16,17,18,30,33,0.234375000000009,240,240,240,142.96875,0.234375000000009,863.4375,0.917823611327439,99.9816379405319,5,6,1,13,3.16211151933726e-13,1,2,1
P2/D4,449,17,16,18,14,33,30,14,16,17,18,30,33,135.703125,240,240,240,0.234375000000009,0.234375000000009,856.171875,0.924191095188658,99.9836953986902,5,6,1,13,1.97997369288381e-13,1,2,1
P2/D4,450,17,16,18,14,30,33,14,16,17,18,30,33,135.703125,240,240,240,0.234375000000009,0.234375000000009,856.171875,0.924191095188658,99.9836953986902,5,6,1,13,1.97997369288381e-13,1,2,1
P2/D4,451,17,16,14,33,30,18,14,16,17,18,30,33,240,240,240,0.234375000000009,0.234375000000009,146.484375,866.953125,0.911956105546882,99.9849249144239,5,6,1,13,4.78591562587827e-13,1,2,1
P2/D4,452,17,16,14,33,18,30,14,16,17,18,30,33,240,240,240,0.234375000000009,0.234375000000009,146.484375,866.953125,0.911956105546882,99.9849249144239,5,6,1,13,4.78591562587827e-13,1,2,1
P2/D4,453,17,16,14,30,33,18,14,16,17,18,30,33,240,240,240,0.234375000000009,149.53125,0.234375000000009,870,0.911960800684281,99.9819205696208,5,6,1,13,5.03692131938461e-13,1,2,1
P2/D4,454,17,16,14,30,18,33,14,16,17,18,30,33,240,240,240,0.234375000000009,149.53125,0.234375000000009,870,0.911960800684281,99.9819205696208,5,6,1,13,5.03692131938461e-13,1,2,1
P2/D4,455,17,16,14,18,33,30,14,16,17,18,30,33,240,240,240,137.578125,0.234375000000009,0.234375000000009,858.046875,0.92183559323242,99.9864243738834,5,6,1,13,2.27631696227541e-13,1,2,1
P2/D4,456,17,16,14,18,30,33,14,16,17,18,30,33,240,240,240,137.578125,0.234375000000009,0.234375000000009,858.046875,0.92183559323242,99.9864243738834,5,6,1,13,2.27631696227541e-13,1,2,1
P2/D4,457,17,14,33,30,18,16,14,16,17,18,30,33,240,0.234375000000009,240,0.234375000000009,174.84375,240,895.3125,0.897820450638937,99.9811718477855,5,6,1,14,2.77987500082051e-13,1,2,1
P2/D4,458,17,14,33,30,16,18,14,16,17,18,30,33,240,0.234375000000009,240,0.234375000000009,174.84375,240,895.3125,0.897820450638937,99.9811718477855,5,6,1,14,2.77987500082051e-13,1,2,1
P2/D4,459,17,14,33,18,30,16,14,16,17,18,30,33,240,0.234375000000009,240,151.171875,0.234375000000009,240,871.640625,0.909053146187943,99.9860739512857,5,6,1,13,6.41508153747012e-13,1,2,1
P2/D4,460,17,14,33,18,16,30,14,16,17,18,30,33,240,0.234375000000009,240,151.171875,0.234375000000009,240,871.640625,0.909053146187943,99.9860739512857,5,6,1,13,6.41508153747012e-13,1,2,1
P2/D4,461,17,14,33,16,30,18,14,16,17,18,30,33,240,153.75,240,0.234375000000009,0.234375000000009,240,874.21875,0.906936580688534,99.9843115731338,5,6,1,13,7.76480299163304e-13,1,2,1
P2/D4,462,17,14,33,16,18,30,14,16,17,18,30,33,240,153.75,240,0.234375000000009,0.234375000000009,240,874.21875,0.906936580688534,99.9843115731338,5,6,1,13,7.76480299163304e-13,1,2,1
P2/D4,463,17,14,30,33,18,16,14,16,17,18,30,33,240,0.234375000000009,240,0.234375000000009,240,175.78125,896.25,0.897821765157731,99.9805776396319,5,6,1,14,2.80544284879792e-13,1,2,1
P2/D4,464,17,14,30,33,16,18,14,16,17,18,30,33,240,0.234375000000009,240,0.234375000000009,240,175.78125,896.25,0.897821765157731,99.9805776396319,5,6,1,14,2.80544284879792e-13,1,2,1
P2/D4,465,17,14,30,18,33,16,14,16,17,18,30,33,240,0.234375000000009,240,155.15625,240,0.234375000000009,875.625,0.909351484118755,99.981763578869,5,6,1,13,6.64790501454449e-13,1,2,1
P2/D4,466,17,14,30,18,16,33,14,16,17,18,30,33,240,0.234375000000009,240,155.15625,240,0.234375000000009,875.625,0.909351484118755,99.981763578869,5,6,1,13,6.64790501454449e-13,1,2,1
P2/D4,467,17,14,30,16,33,18,14,16,17,18,30,33,240,157.734375,240,0.234375000000009,240,0.234375000000009,878.203125,0.907176052233633,99.9814309363418,5,6,1,13,8.04660707256008e-13,1,2,1
P2/D4,468,17,14,30,16,18,33,14,16,17,18,30,33,240,157.734375,240,0.234375000000009,240,0.234375000000009,878.203125,0.907176052233633,99.9814309363418,5,6,1,13,8.04660707256008e-13,1,2,1
P2/D4,469,17,14,18,33,30,16,14,16,17,18,30,33,240,0.234375000000009,240,240,0.234375000000009,142.96875,863.4375,0.915493818275891,99.9825796510213,5,6,1,13,3.62712530344492e-13,1,2,1
P2/D4,470,17,14,18,33,16,30,14,16,17,18,30,33,240,0.234375000000009,240,240,0.234375000000009,142.96875,863.4375,0.915493818275891,99.9825796510213,5,6,1,13,3.62712530344492e-13,1,2,1
P2/D4,471,17,14,18,30,33,16,14,16,17,18,30,33,240,0.234375000000009,240,240,145.78125,0.234375000000009,866.25,0.915495511307326,99.9840484604482,5,6,1,13,3.8247437653785e-13,1,2,1
P2/D4,472,17,14,18,30,16,33,14,16,17,18,30,33,240,0.234375000000009,240,240,145.78125,0.234375000000009,866.25,0.915495511307326,99.9840484604482,5,6,1,13,3.8247437653785e-13,1,2,1
P2/D4,473,17,14,18,16,33,30,14,16,17,18,30,33,240,136.640625,240,240,0.234375000000009,0.234375000000009,857.109375,0.923252331532553,99.9837460988315,5,6,1,13,2.10501502536684e-13,1,2,1
P2/D4,474,17,14,18,16,30,33,14,16,17,18,30,33,240,136.640625,240,240,0.234375000000009,0.234375000000009,857.109375,0.923252331532553,99.9837460988315,5,6,1,13,2.10501502536684e-13,1,2,1
P2/D4,475,17,14,16,33,30,18,14,16,17,18,30,33,240,240,240,0.234375000000009,0.234375000000009,146.484375,866.953125,0.911956105546882,99.9849249144239,5,6,1,13,4.78591562587827e-13,1,2,1
P2/D4,476,17,14,16,33,18,30,14,16,17,18,30,33,240,240,240,0.234375000000009,0.234375000000009,146.484375,866.953125,0.911956105546882,99.9849249144239,5,6,1,13,4.78591562587827e-13,1,2,1
P2/D4,477,17,14,16,30,33,18,14,16,17,18,30,33,240,240,240,0.234375000000009,149.53125,0.234375000000009,870,0.911960800684281,99.9819205696208,5,6,1,13,5.03692131938461e-13,1,2,1
P2/D4,478,17,14,16,30,18,33,14,16,17,18,30,33,240,240,240,0.234375000000009,149.53125,0.234375000000009,870,0.911960800684281,99.9819205696208,5,6,1,13,5.03692131938461e-13,1,2,1
P2/D4,479,17,14,16,18,33,30,14,16,17,18,30,33,240,240,240,137.578125,0.234375000000009,0.234375000000009,858.046875,0.92183559323242,99.9864243738834,5,6,1,13,2.27631696227541e-13,1,2,1
P2/D4,480,17,14,16,18,30,33,14,16,17,18,30,33,240,240,240,137.578125,0.234375000000009,0.234375000000009,858.046875,0.92183559323242,99.9864243738834,5,6,1,13,2.27631696227541e-13,1,2,1
P2/D4,481,16,33,30,18,17,14,14,16,17,18,30,33,0.234375000000009,240,0.234375000000009,179.53125,240,240,900,0.897046036545402,99.9801440764287,5,6,1,14,3.19278884855707e-13,1,2,1
P2/D4,482,16,33,30,18,14,17,14,16,17,18,30,33,0.234375000000009,240,0.234375000000009,179.53125,240,240,900,0.897046036545402,99.9801440764287,5,6,1,14,3.19278884855707e-13,1,2,1
P2/D4,483,16,33,30,17,18,14,14,16,17,18,30,33,0.234375000000009,240,180.234375,0.234375000000009,240,240,900.703125,0.896121865712695,99.9820061573974,5,6,1,14,3.38957458362368e-13,1,2,1
P2/D4,484,16,33,30,17,14,18,14,16,17,18,30,33,0.234375000000009,240,180.234375,0.234375000000009,240,240,900.703125,0.896121865712695,99.9820061573974,5,6,1,14,3.38957458362368e-13,1,2,1
P2/D4,485,16,33,30,14,18,17,14,16,17,18,30,33,187.96875,240,0.234375000000009,0.234375000000009,240,240,908.4375,0.892740358511567,99.9794270106482,5,6,1,14,5.54620126358029e-13,1,2,1
P2/D4,486,16,33,30,14,17,18,14,16,17,18,30,33,187.96875,240,0.234375000000009,0.234375000000009,240,240,908.4375,0.892740358511567,99.9794270106482,5,6,1,14,5.54620126358029e-13,1,2,1
P2/D4,487,16,33,18,30,17,14,14,16,17,18,30,33,0.234375000000009,240,0.234375000000009,240,168.515625,240,888.984375,0.901587447927849,99.9810576640735,5,6,1,14,1.84006749173712e-13,1,2,1
P2/D4,488,16,33,18,30,14,17,14,16,17,18,30,33,0.234375000000009,240,0.234375000000009,240,168.515625,240,888.984375,0.901587447927849,99.9810576640735,5,6,1,14,1.84006749173712e-13,1,2,1
P2/D4,489,16,33,18,17,30,14,14,16,17,18,30,33,0.234375000000009,240,147.65625,240,0.234375000000009,240,868.125,0.911660219168836,99.9846934236545,5,6,1,13,5.05393520020442e-13,1,2,1
P2/D4,490,16,33,18,17,14,30,14,16,17,18,30,33,0.234375000000009,240,147.65625,240,0.234375000000009,240,868.125,0.911660219168836,99.9846934236545,5,6,1,13,5.05393520020442e-13,1,2,1
P2/D4,491,16,33,18,14,30,17,14,16,17,18,30,33,151.40625,240,0.234375000000009,240,0.234375000000009,240,871.875,0.908966037730316,99.9840780343969,5,6,1,13,6.56220122014698e-13,1,2,1
P2/D4,492,16,33,18,14,17,30,14,16,17,18,30,33,151.40625,240,0.234375000000009,240,0.234375000000009,240,871.875,0.908966037730316,99.9840780343969,5,6,1,13,6.56220122014698e-13,1,2,1
P2/D4,493,16,33,17,30,18,14,14,16,17,18,30,33,0.234375000000009,240,240,0.234375000000009,169.453125,240,889.921875,0.900302591558753,99.9835933107104,5,6,1,14,1.99758328847095e-13,1,2,1
P2/D4,494,16,33,17,30,14,18,14,16,17,18,30,33,0.234375000000009,240,240,0.234375000000009,169.453125,240,889.921875,0.900302591558753,99.9835933107104,5,6,1,14,1.99758328847095e-13,1,2,1
P2/D4,495,16,33,17,18,30,14,14,16,17,18,30,33,0.234375000000009,240,240,147.890625,0.234375000000009,240,868.359375,0.91119865418131,99.9842200849392,5,6,1,13,5.14651147034527e-13,1,2,1
P2/D4,496,16,33,17,18,14,30,14,16,17,18,30,33,0.234375000000009,240,240,147.890625,0.234375000000009,240,868.359375,0.91119865418131,99.9842200849392,5,6,1,13,5.14651147034527e-13,1,2,1
P2/D4,497,16,33,17,14,30,18,14,16,17,18,30,33,152.34375,240,240,0.234375000000009,0.234375000000009,240,872.8125,0.907740713608495,99.9831820035062,5,6,1,13,7.07044793504844e-13,1,2,1
P2/D4,498,16,33,17,14,18,30,14,16,17,18,30,33,152.34375,240,240,0.234375000000009,0.234375000000009,240,872.8125,0.907740713608495,99.9831820035062,5,6,1,13,7.07044793504844e-13,1,2,1
P2/D4,499,16,33,14,30,18,17,14,16,17,18,30,33,240,240,0.234375000000009,0.234375000000009,180.46875,240,900.9375,0.895339988117253,99.9804979052092,5,6,1,14,4.03541996462356e-13,1,2,1
P2/D4,500,16,33,14,30,17,18,14,16,17,18,30,33,240,240,0.234375000000009,0.234375000000009,180.46875,240,900.9375,0.895339988117253,99.9804979052092,5,6,1,14,4.03541996462356e-13,1,2,1
P2/D4,501,16,33,14,18,30,17,14,16,17,18,30,33,240,240,0.234375000000009,154.453125,0.234375000000009,240,874.921875,0.90695048857183,99.9854866781074,5,6,1,13,8.13608929855524e-13,1,2,1
P2/D4,502,16,33,14,18,17,30,14,16,17,18,30,33,240,240,0.234375000000009,154.453125,0.234375000000009,240,874.921875,0.90695048857183,99.9854866781074,5,6,1,13,8.13608929855524e-13,1,2,1
P2/D4,503,16,33,14,17,30,18,14,16,17,18,30,33,240,240,155.15625,0.234375000000009,0.234375000000009,240,875.625,0.906170943182006,99.9848685965587,5,6,1,13,8.60111885844082e-13,1,2,1
P2/D4,504,16,33,14,17,18,30,14,16,17,18,30,33,240,240,155.15625,0.234375000000009,0.234375000000009,240,875.625,0.906170943182006,99.9848685965587,5,6,1,13,8.60111885844082e-13,1,2,1
P2/D4,505,16,30,33,18,17,14,14,16,17,18,30,33,0.234375000000009,240,0.234375000000009,179.53125,240,240,900,0.897046036545402,99.9801440764287,5,6,1,14,3.19278884855707e-13,1,2,1
P2/D4,506,16,30,33,18,14,17,14,16,17,18,30,33,0.234375000000009,240,0.234375000000009,179.53125,240,240,900,0.897046036545402,99.9801440764287,5,6,1,14,3.19278884855707e-13,1,2,1
P2/D4,507,16,30,33,17,18,14,14,16,17,18,30,33,0.234375000000009,240,180.234375,0.234375000000009,240,240,900.703125,0.896121865712695,99.9820061573974,5,6,1,14,3.38957458362368e-13,1,2,1
P2/D4,508,16,30,33,17,14,18,14,16,17,18,30,33,0.234375000000009,240,180.234375,0.234375000000009,240,240,900.703125,0.896121865712695,99.9820061573974,5,6,1,14,3.38957458362368e-13,1,2,1
P2/D4,509,16,30,33,14,18,17,14,16,17,18,30,33,187.96875,240,0.234375000000009,0.234375000000009,240,240,908.4375,0.892740358511567,99.9794270106482,5,6,1,14,5.54620126358029e-13,1,2,1
P2/D4,510,16,30,33,14,17,18,14,16,17,18,30,33,187.96875,240,0.234375000000009,0.234375000000009,240,240,908.4375,0.892740358511567,99.9794270106482,5,6,1,14,5.54620126358029e-13,1,2,1
P2/D4,511,16,30,18,33,17,14,14,16,17,18,30,33,0.234375000000009,240,0.234375000000009,240,240,169.453125,889.921875,0.901587182917664,99.982970080243,5,6,1,14,1.86229582289513e-13,1,2,1
P2/D4,512,16,30,18,33,14,17,14,16,17,18,30,33,0.234375000000009,240,0.234375000000009,240,240,169.453125,889.921875,0.901587182917664,99.982970080243,5,6,1,14,1.86229582289513e-13,1,2,1
P2/D4,513,16,30,18,17,33,14,14,16,17,18,30,33,0.234375000000009,240,151.640625,240,240,0.234375000000009,872.109375,0.911934355002085,99.981551625651,5,6,1,13,5.27137886008502e-13,1,2,1
P2/D4,514,16,30,18,17,14,33,14,16,17,18,30,33,0.234375000000009,240,151.640625,240,240,0.234375000000009,872.109375,0.911934355002085,99.981551625651,5,6,1,13,5.27137886008502e-13,1,2,1
P2/D4,515,16,30,18,14,33,17,14,16,17,18,30,33,155.390625,240,0.234375000000009,240,240,0.234375000000009,875.859375,0.909163132184561,99.9831997031201,5,6,1,13,6.8529816301835e-13,1,2,1
P2/D4,516,16,30,18,14,17,33,14,16,17,18,30,33,155.390625,240,0.234375000000009,240,240,0.234375000000009,875.859375,0.909163132184561,99.9831997031201,5,6,1,13,6.8529816301835e-13,1,2,1
P2/D4,517,16,30,17,33,18,14,14,16,17,18,30,33,0.234375000000009,240,240,0.234375000000009,240,170.390625,890.859375,0.900302561247365,99.9851316564702,5,6,1,14,2.01871237023884e-13,1,2,1
P2/D4,518,16,30,17,33,14,18,14,16,17,18,30,33,0.234375000000009,240,240,0.234375000000009,240,170.390625,890.859375,0.900302561247365,99.9851316564702,5,6,1,14,2.01871237023884e-13,1,2,1
P2/D4,519,16,30,17,18,33,14,14,16,17,18,30,33,0.234375000000009,240,240,151.875,240,0.234375000000009,872.34375,0.911494054331865,99.9807233270482,5,6,1,13,5.36835852163782e-13,1,2,1
P2/D4,520,16,30,17,18,14,33,14,16,17,18,30,33,0.234375000000009,240,240,151.875,240,0.234375000000009,872.34375,0.911494054331865,99.9807233270482,5,6,1,13,5.36835852163782e-13,1,2,1
P2/D4,521,16,30,17,14,33,18,14,16,17,18,30,33,156.328125,240,240,0.234375000000009,240,0.234375000000009,876.796875,0.907938101439435,99.9823124138031,5,6,1,13,7.37902807002207e-13,1,2,1
P2/D4,522,16,30,17,14,18,33,14,16,17,18,30,33,156.328125,240,240,0.234375000000009,240,0.234375000000009,876.796875,0.907938101439435,99.9823124138031,5,6,1,13,7.37902807002207e-13,1,2,1
P2/D4,523,16,30,14,33,18,17,14,16,17,18,30,33,240,240,0.234375000000009,0.234375000000009,240,181.171875,901.640625,0.895338671803518,99.9837454767944,5,6,1,14,4.06771303712837e-13,1,2,1
P2/D4,524,16,30,14,33,17,18,14,16,17,18,30,33,240,240,0.234375000000009,0.234375000000009,240,181.171875,901.640625,0.895338671803518,99.9837454767944,5,6,1,14,4.06771303712837e-13,1,2,1
P2/D4,525,16,30,14,18,33,17,14,16,17,18,30,33,240,240,0.234375000000009,158.203125,240,0.234375000000009,878.671875,0.90723093696326,99.987010714494,5,6,1,13,8.38654309210614e-13,1,2,1
P2/D4,526,16,30,14,18,17,33,14,16,17,18,30,33,240,240,0.234375000000009,158.203125,240,0.234375000000009,878.671875,0.90723093696326,99.987010714494,5,6,1,13,8.38654309210614e-13,1,2,1
P2/D4,527,16,30,14,17,33,18,14,16,17,18,30,33,240,240,158.90625,0.234375000000009,240,0.234375000000009,879.375,0.906431689643069,99.9867283108076,5,6,1,13,8.86271284038468e-13,1,2,1
P2/D4,528,16,30,14,17,18,33,14,16,17,18,30,33,240,240,158.90625,0.234375000000009,240,0.234375000000009,879.375,0.906431689643069,99.9867283108076,5,6,1,13,8.86271284038468e-13,1,2,1
P2/D4,529,16,18,33,30,17,14,14,16,17,18,30,33,0.234375000000009,240,0.234375000000009,240,168.515625,240,888.984375,0.901587447927849,99.9810576640735,5,6,1,14,1.84006749173712e-13,1,2,1
P2/D4,530,16,18,33,30,14,17,14,16,17,18,30,33,0.234375000000009,240,0.234375000000009,240,168.515625,240,888.984375,0.901587447927849,99.9810576640735,5,6,1,14,1.84006749173712e-13,1,2,1
P2/D4,531,16,18,33,17,30,14,14,16,17,18,30,33,0.234375000000009,240,147.65625,240,0.234375000000009,240,868.125,0.911660219168836,99.9846934236545,5,6,1,13,5.05393520020442e-13,1,2,1
P2/D4,532,16,18,33,17,14,30,14,16,17,18,30,33,0.234375000000009,240,147.65625,240,0.234375000000009,240,868.125,0.911660219168836,99.9846934236545,5,6,1,13,5.05393520020442e-13,1,2,1
P2/D4,533,16,18,33,14,30,17,14,16,17,18,30,33,151.40625,240,0.234375000000009,240,0.234375000000009,240,871.875,0.908966037730316,99.9840780343969,5,6,1,13,6.56220122014698e-13,1,2,1
P2/D4,534,16,18,33,14,17,30,14,16,17,18,30,33,151.40625,240,0.234375000000009,240,0.234375000000009,240,871.875,0.908966037730316,99.9840780343969,5,6,1,13,6.56220122014698e-13,1,2,1
P2/D4,535,16,18,30,33,17,14,14,16,17,18,30,33,0.234375000000009,240,0.234375000000009,240,240,169.453125,889.921875,0.901587182917664,99.982970080243,5,6,1,14,1.86229582289513e-13,1,2,1
P2/D4,536,16,18,30,33,14,17,14,16,17,18,30,33,0.234375000000009,240,0.234375000000009,240,240,169.453125,889.921875,0.901587182917664,99.982970080243,5,6,1,14,1.86229582289513e-13,1,2,1
P2/D4,537,16,18,30,17,33,14,14,16,17,18,30,33,0.234375000000009,240,151.640625,240,240,0.234375000000009,872.109375,0.911934355002085,99.981551625651,5,6,1,13,5.27137886008502e-13,1,2,1
P2/D4,538,16,18,30,17,14,33,14,16,17,18,30,33,0.234375000000009,240,151.640625,240,240,0.234375000000009,872.109375,0.911934355002085,99.981551625651,5,6,1,13,5.27137886008502e-13,1,2,1
P2/D4,539,16,18,30,14,33,17,14,16,17,18,30,33,155.390625,240,0.234375000000009,240,240,0.234375000000009,875.859375,0.909163132184561,99.9831997031201,5,6,1,13,6.8529816301835e-13,1,2,1
P2/D4,540,16,18,30,14,17,33,14,16,17,18,30,33,155.390625,240,0.234375000000009,240,240,0.234375000000009,875.859375,0.909163132184561,99.9831997031201,5,6,1,13,6.8529816301835e-13,1,2,1
P2/D4,541,16,18,17,33,30,14,14,16,17,18,30,33,0.234375000000009,240,240,240,0.234375000000009,140.15625,860.625,0.917821166956357,99.9814392337934,5,6,1,13,2.98557178291768e-13,1,2,1
P2/D4,542,16,18,17,33,14,30,14,16,17,18,30,33,0.234375000000009,240,240,240,0.234375000000009,140.15625,860.625,0.917821166956357,99.9814392337934,5,6,1,13,2.98557178291768e-13,1,2,1
P2/D4,543,16,18,17,30,33,14,14,16,17,18,30,33,0.234375000000009,240,240,240,142.96875,0.234375000000009,863.4375,0.917823611327439,99.9816379405319,5,6,1,13,3.16211151933726e-13,1,2,1
P2/D4,544,16,18,17,30,14,33,14,16,17,18,30,33,0.234375000000009,240,240,240,142.96875,0.234375000000009,863.4375,0.917823611327439,99.9816379405319,5,6,1,13,3.16211151933726e-13,1,2,1
P2/D4,545,16,18,17,14,33,30,14,16,17,18,30,33,135.703125,240,240,240,0.234375000000009,0.234375000000009,856.171875,0.924191095188658,99.9836953986902,5,6,1,13,1.97997369288381e-13,1,2,1
P2/D4,546,16,18,17,14,30,33,14,16,17,18,30,33,135.703125,240,240,240,0.234375000000009,0.234375000000009,856.171875,0.924191095188658,99.9836953986902,5,6,1,13,1.97997369288381e-13,1,2,1
P2/D4,547,16,18,14,33,30,17,14,16,17,18,30,33,240,240,0.234375000000009,240,0.234375000000009,145.546875,866.015625,0.91322080631248,99.9846462844543,5,6,1,13,4.41923533871965e-13,1,2,1
P2/D4,548,16,18,14,33,17,30,14,16,17,18,30,33,240,240,0.234375000000009,240,0.234375000000009,145.546875,866.015625,0.91322080631248,99.9846462844543,5,6,1,13,4.41923533871965e-13,1,2,1
P2/D4,549,16,18,14,30,33,17,14,16,17,18,30,33,240,240,0.234375000000009,240,148.59375,0.234375000000009,869.0625,0.913225744897297,99.981222598446,5,6,1,13,4.65576660447046e-13,1,2,1
P2/D4,550,16,18,14,30,17,33,14,16,17,18,30,33,240,240,0.234375000000009,240,148.59375,0.234375000000009,869.0625,0.913225744897297,99.981222598446,5,6,1,13,4.65576660447046e-13,1,2,1
P2/D4,551,16,18,14,17,33,30,14,16,17,18,30,33,240,240,137.34375,240,0.234375000000009,0.234375000000009,857.8125,0.922345536847359,99.9860473879921,5,6,1,13,2.22653539378568e-13,1,2,1
P2/D4,552,16,18,14,17,30,33,14,16,17,18,30,33,240,240,137.34375,240,0.234375000000009,0.234375000000009,857.8125,0.922345536847359,99.9860473879921,5,6,1,13,2.22653539378568e-13,1,2,1
P2/D4,553,16,17,33,30,18,14,14,16,17,18,30,33,0.234375000000009,240,240,0.234375000000009,169.453125,240,889.921875,0.900302591558753,99.9835933107104,5,6,1,14,1.99758328847095e-13,1,2,1
P2/D4,554,16,17,33,30,14,18,14,16,17,18,30,33,0.234375000000009,240,240,0.234375000000009,169.453125,240,889.921875,0.900302591558753,99.9835933107104,5,6,1,14,1.99758328847095e-13,1,2,1
P2/D4,555,16,17,33,18,30,14,14,16,17,18,30,33,0.234375000000009,240,240,147.890625,0.234375000000009,240,868.359375,0.91119865418131,99.9842200849392,5,6,1,13,5.14651147034527e-13,1,2,1
P2/D4,556,16,17,33,18,14,30,14,16,17,18,30,33,0.234375000000009,240,240,147.890625,0.234375000000009,240,868.359375,0.91119865418131,99.9842200849392,5,6,1,13,5.14651147034527e-13,1,2,1
P2/D4,557,16,17,33,14,30,18,14,16,17,18,30,33,152.34375,240,240,0.234375000000009,0.234375000000009,240,872.8125,0.907740713608495,99.9831820035062,5,6,1,13,7.07044793504844e-13,1,2,1
P2/D4,558,16,17,33,14,18,30,14,16,17,18,30,33,152.34375,240,240,0.234375000000009,0.234375000000009,240,872.8125,0.907740713608495,99.9831820035062,5,6,1,13,7.07044793504844e-13,1,2,1
P2/D4,559,16,17,30,33,18,14,14,16,17,18,30,33,0.234375000000009,240,240,0.234375000000009,240,170.390625,890.859375,0.900302561247365,99.9851316564702,5,6,1,14,2.01871237023884e-13,1,2,1
P2/D4,560,16,17,30,33,14,18,14,16,17,18,30,33,0.234375000000009,240,240,0.234375000000009,240,170.390625,890.859375,0.900302561247365,99.9851316564702,5,6,1,14,2.01871237023884e-13,1,2,1
P2/D4,561,16,17,30,18,33,14,14,16,17,18,30,33,0.234375000000009,240,240,151.875,240,0.234375000000009,872.34375,0.911494054331865,99.9807233270482,5,6,1,13,5.36835852163782e-13,1,2,1
P2/D4,562,16,17,30,18,14,33,14,16,17,18,30,33,0.234375000000009,240,240,151.875,240,0.234375000000009,872.34375,0.911494054331865,99.9807233270482,5,6,1,13,5.36835852163782e-13,1,2,1
P2/D4,563,16,17,30,14,33,18,14,16,17,18,30,33,156.328125,240,240,0.234375000000009,240,0.234375000000009,876.796875,0.907938101439435,99.9823124138031,5,6,1,13,7.37902807002207e-13,1,2,1
P2/D4,564,16,17,30,14,18,33,14,16,17,18,30,33,156.328125,240,240,0.234375000000009,240,0.234375000000009,876.796875,0.907938101439435,99.9823124138031,5,6,1,13,7.37902807002207e-13,1,2,1
P2/D4,565,16,17,18,33,30,14,14,16,17,18,30,33,0.234375000000009,240,240,240,0.234375000000009,140.15625,860.625,0.917821166956357,99.9814392337934,5,6,1,13,2.98557178291768e-13,1,2,1
P2/D4,566,16,17,18,33,14,30,14,16,17,18,30,33,0.234375000000009,240,240,240,0.234375000000009,140.15625,860.625,0.917821166956357,99.9814392337934,5,6,1,13,2.98557178291768e-13,1,2,1
P2/D4,567,16,17,18,30,33,14,14,16,17,18,30,33,0.234375000000009,240,240,240,142.96875,0.234375000000009,863.4375,0.917823611327439,99.9816379405319,5,6,1,13,3.16211151933726e-13,1,2,1
P2/D4,568,16,17,18,30,14,33,14,16,17,18,30,33,0.234375000000009,240,240,240,142.96875,0.234375000000009,863.4375,0.917823611327439,99.9816379405319,5,6,1,13,3.16211151933726e-13,1,2,1
P2/D4,569,16,17,18,14,33,30,14,16,17,18,30,33,135.703125,240,240,240,0.234375000000009,0.234375000000009,856.171875,0.924191095188658,99.9836953986902,5,6,1,13,1.97997369288381e-13,1,2,1
P2/D4,570,16,17,18,14,30,33,14,16,17,18,30,33,135.703125,240,240,240,0.234375000000009,0.234375000000009,856.171875,0.924191095188658,99.9836953986902,5,6,1,13,1.97997369288381e-13,1,2,1
P2/D4,571,16,17,14,33,30,18,14,16,17,18,30,33,240,240,240,0.234375000000009,0.234375000000009,146.484375,866.953125,0.911956105546882,99.9849249144239,5,6,1,13,4.78591562587827e-13,1,2,1
P2/D4,572,16,17,14,33,18,30,14,16,17,18,30,33,240,240,240,0.234375000000009,0.234375000000009,146.484375,866.953125,0.911956105546882,99.9849249144239,5,6,1,13,4.78591562587827e-13,1,2,1
P2/D4,573,16,17,14,30,33,18,14,16,17,18,30,33,240,240,240,0.234375000000009,149.53125,0.234375000000009,870,0.911960800684281,99.9819205696208,5,6,1,13,5.03692131938461e-13,1,2,1
P2/D4,574,16,17,14,30,18,33,14,16,17,18,30,33,240,240,240,0.234375000000009,149.53125,0.234375000000009,870,0.911960800684281,99.9819205696208,5,6,1,13,5.03692131938461e-13,1,2,1
P2/D4,575,16,17,14,18,33,30,14,16,17,18,30,33,240,240,240,137.578125,0.234375000000009,0.234375000000009,858.046875,0.92183559323242,99.9864243738834,5,6,1,13,2.27631696227541e-13,1,2,1
P2/D4,576,16,17,14,18,30,33,14,16,17,18,30,33,240,240,240,137.578125,0.234375000000009,0.234375000000009,858.046875,0.92183559323242,99.9864243738834,5,6,1,13,2.27631696227541e-13,1,2,1
P2/D4,577,16,14,33,30,18,17,14,16,17,18,30,33,240,240,0.234375000000009,0.234375000000009,180.46875,240,900.9375,0.895339988117253,99.9804979052092,5,6,1,14,4.03541996462356e-13,1,2,1
P2/D4,578,16,14,33,30,17,18,14,16,17,18,30,33,240,240,0.234375000000009,0.234375000000009,180.46875,240,900.9375,0.895339988117253,99.9804979052092,5,6,1,14,4.03541996462356e-13,1,2,1
P2/D4,579,16,14,33,18,30,17,14,16,17,18,30,33,240,240,0.234375000000009,154.453125,0.234375000000009,240,874.921875,0.90695048857183,99.9854866781074,5,6,1,13,8.13608929855524e-13,1,2,1
P2/D4,580,16,14,33,18,17,30,14,16,17,18,30,33,240,240,0.234375000000009,154.453125,0.234375000000009,240,874.921875,0.90695048857183,99.9854866781074,5,6,1,13,8.13608929855524e-13,1,2,1
P2/D4,581,16,14,33,17,30,18,14,16,17,18,30,33,240,240,155.15625,0.234375000000009,0.234375000000009,240,875.625,0.906170943182006,99.9848685965587,5,6,1,13,8.60111885844082e-13,1,2,1
P2/D4,582,16,14,33,17,18,30,14,16,17,18,30,33,240,240,155.15625,0.234375000000009,0.234375000000009,240,875.625,0.906170943182006,99.9848685965587,5,6,1,13,8.60111885844082e-13,1,2,1
P2/D4,583,16,14,30,33,18,17,14,16,17,18,30,33,240,240,0.234375000000009,0.234375000000009,240,181.171875,901.640625,0.895338671803518,99.9837454767944,5,6,1,14,4.06771303712837e-13,1,2,1
P2/D4,584,16,14,30,33,17,18,14,16,17,18,30,33,240,240,0.234375000000009,0.234375000000009,240,181.171875,901.640625,0.895338671803518,99.9837454767944,5,6,1,14,4.06771303712837e-13,1,2,1
P2/D4,585,16,14,30,18,33,17,14,16,17,18,30,33,240,240,0.234375000000009,158.203125,240,0.234375000000009,878.671875,0.90723093696326,99.987010714494,5,6,1,13,8.38654309210614e-13,1,2,1
P2/D4,586,16,14,30,18,17,33,14,16,17,18,30,33,240,240,0.234375000000009,158.203125,240,0.234375000000009,878.671875,0.90723093696326,99.987010714494,5,6,1,13,8.38654309210614e-13,1,2,1
P2/D4,587,16,14,30,17,33,18,14,16,17,18,30,33,240,240,158.90625,0.234375000000009,240,0.234375000000009,879.375,0.906431689643069,99.9867283108076,5,6,1,13,8.86271284038468e-13,1,2,1
P2/D4,588,16,14,30,17,18,33,14,16,17,18,30,33,240,240,158.90625,0.234375000000009,240,0.234375000000009,879.375,0.906431689643069,99.9867283108076,5,6,1,13,8.86271284038468e-13,1,2,1
P2/D4,589,16,14,18,33,30,17,14,16,17,18,30,33,240,240,0.234375000000009,240,0.234375000000009,145.546875,866.015625,0.91322080631248,99.9846462844543,5,6,1,13,4.41923533871965e-13,1,2,1
P2/D4,590,16,14,18,33,17,30,14,16,17,18,30,33,240,240,0.234375000000009,240,0.234375000000009,145.546875,866.015625,0.91322080631248,99.9846462844543,5,6,1,13,4.41923533871965e-13,1,2,1
P2/D4,591,16,14,18,30,33,17,14,16,17,18,30,33,240,240,0.234375000000009,240,148.59375,0.234375000000009,869.0625,0.913225744897297,99.981222598446,5,6,1,13,4.65576660447046e-13,1,2,1
P2/D4,592,16,14,18,30,17,33,14,16,17,18,30,33,240,240,0.234375000000009,240,148.59375,0.234375000000009,869.0625,0.913225744897297,99.981222598446,5,6,1,13,4.65576660447046e-13,1,2,1
P2/D4,593,16,14,18,17,33,30,14,16,17,18,30,33,240,240,137.34375,240,0.234375000000009,0.234375000000009,857.8125,0.922345536847359,99.9860473879921,5,6,1,13,2.22653539378568e-13,1,2,1
P2/D4,594,16,14,18,17,30,33,14,16,17,18,30,33,240,240,137.34375,240,0.234375000000009,0.234375000000009,857.8125,0.922345536847359,99.9860473879921,5,6,1,13,2.22653539378568e-13,1,2,1
P2/D4,595,16,14,17,33,30,18,14,16,17,18,30,33,240,240,240,0.234375000000009,0.234375000000009,146.484375,866.953125,0.911956105546882,99.9849249144239,5,6,1,13,4.78591562587827e-13,1,2,1
P2/D4,596,16,14,17,33,18,30,14,16,17,18,30,33,240,240,240,0.234375000000009,0.234375000000009,146.484375,866.953125,0.911956105546882,99.9849249144239,5,6,1,13,4.78591562587827e-13,1,2,1
P2/D4,597,16,14,17,30,33,18,14,16,17,18,30,33,240,240,240,0.234375000000009,149.53125,0.234375000000009,870,0.911960800684281,99.9819205696208,5,6,1,13,5.03692131938461e-13,1,2,1
P2/D4,598,16,14,17,30,18,33,14,16,17,18,30,33,240,240,240,0.234375000000009,149.53125,0.234375000000009,870,0.911960800684281,99.9819205696208,5,6,1,13,5.03692131938461e-13,1,2,1
P2/D4,599,16,14,17,18,33,30,14,16,17,18,30,33,240,240,240,137.578125,0.234375000000009,0.234375000000009,858.046875,0.92183559323242,99.9864243738834,5,6,1,13,2.27631696227541e-13,1,2,1
P2/D4,600,16,14,17,18,30,33,14,16,17,18,30,33,240,240,240,137.578125,0.234375000000009,0.234375000000009,858.046875,0.92183559323242,99.9864243738834,5,6,1,13,2.27631696227541e-13,1,2,1
P2/D4,601,14,33,30,18,17,16,14,16,17,18,30,33,240,0.234375000000009,0.234375000000009,184.453125,240,240,904.921875,0.894898881740102,99.9808678970176,5,6,1,14,4.3117483345153e-13,1,2,1
P2/D4,602,14,33,30,18,16,17,14,16,17,18,30,33,240,0.234375000000009,0.234375000000009,184.453125,240,240,904.921875,0.894898881740102,99.9808678970176,5,6,1,14,4.3117483345153e-13,1,2,1
P2/D4,603,14,33,30,17,18,16,14,16,17,18,30,33,240,0.234375000000009,185.15625,0.234375000000009,240,240,905.625,0.893945812074875,99.983208208386,5,6,1,14,4.59134220325156e-13,1,2,1
P2/D4,604,14,33,30,17,16,18,14,16,17,18,30,33,240,0.234375000000009,185.15625,0.234375000000009,240,240,905.625,0.893945812074875,99.983208208386,5,6,1,14,4.59134220325156e-13,1,2,1
P2/D4,605,14,33,30,16,18,17,14,16,17,18,30,33,240,189.140625,0.234375000000009,0.234375000000009,240,240,909.609375,0.89225197570961,99.9817485354776,5,6,1,14,5.9734643899101e-13,1,2,1
P2/D4,606,14,33,30,16,17,18,14,16,17,18,30,33,240,189.140625,0.234375000000009,0.234375000000009,240,240,909.609375,0.89225197570961,99.9817485354776,5,6,1,14,5.9734643899101e-13,1,2,1
P2/D4,607,14,33,18,30,17,16,14,16,17,18,30,33,240,0.234375000000009,0.234375000000009,240,173.671875,240,894.140625,0.899105797893436,99.9842447919594,5,6,1,14,2.55852142960183e-13,1,2,1
P2/D4,608,14,33,18,30,16,17,14,16,17,18,30,33,240,0.234375000000009,0.234375000000009,240,173.671875,240,894.140625,0.899105797893436,99.9842447919594,5,6,1,14,2.55852142960183e-13,1,2,1
P2/D4,609,14,33,18,17,30,16,14,16,17,18,30,33,240,0.234375000000009,150.9375,240,0.234375000000009,240,871.40625,0.90949840645291,99.9868317190347,5,6,1,13,6.30218456737771e-13,1,2,1
P2/D4,610,14,33,18,17,16,30,14,16,17,18,30,33,240,0.234375000000009,150.9375,240,0.234375000000009,240,871.40625,0.90949840645291,99.9868317190347,5,6,1,13,6.30218456737771e-13,1,2,1
P2/D4,611,14,33,18,16,30,17,14,16,17,18,30,33,240,152.8125,0.234375000000009,240,0.234375000000009,240,873.28125,0.908153410941645,99.9855883123841,5,6,1,13,7.21487629393086e-13,1,2,1
P2/D4,612,14,33,18,16,17,30,14,16,17,18,30,33,240,152.8125,0.234375000000009,240,0.234375000000009,240,873.28125,0.908153410941645,99.9855883123841,5,6,1,13,7.21487629393086e-13,1,2,1
P2/D4,613,14,33,17,30,18,16,14,16,17,18,30,33,240,0.234375000000009,240,0.234375000000009,174.84375,240,895.3125,0.897820450638937,99.9811718477855,5,6,1,14,2.77987500082051e-13,1,2,1
P2/D4,614,14,33,17,30,16,18,14,16,17,18,30,33,240,0.234375000000009,240,0.234375000000009,174.84375,240,895.3125,0.897820450638937,99.9811718477855,5,6,1,14,2.77987500082051e-13,1,2,1
P2/D4,615,14,33,17,18,30,16,14,16,17,18,30,33,240,0.234375000000009,240,151.171875,0.234375000000009,240,871.640625,0.909053146187943,99.9860739512857,5,6,1,13,6.41508153747012e-13,1,2,1
P2/D4,616,14,33,17,18,16,30,14,16,17,18,30,33,240,0.234375000000009,240,151.171875,0.234375000000009,240,871.640625,0.909053146187943,99.9860739512857,5,6,1,13,6.41508153747012e-13,1,2,1
P2/D4,617,14,33,17,16,30,18,14,16,17,18,30,33,240,153.75,240,0.234375000000009,0.234375000000009,240,874.21875,0.906936580688534,99.9843115731338,5,6,1,13,7.76480299163304e-13,1,2,1
P2/D4,618,14,33,17,16,18,30,14,16,17,18,30,33,240,153.75,240,0.234375000000009,0.234375000000009,240,874.21875,0.906936580688534,99.9843115731338,5,6,1,13,7.76480299163304e-13,1,2,1
P2/D4,619,14,33,16,30,18,17,14,16,17,18,30,33,240,240,0.234375000000009,0.234375000000009,180.46875,240,900.9375,0.895339988117253,99.9804979052092,5,6,1,14,4.03541996462356e-13,1,2,1
P2/D4,620,14,33,16,30,17,18,14,16,17,18,30,33,240,240,0.234375000000009,0.234375000000009,180.46875,240,900.9375,0.895339988117253,99.9804979052092,5,6,1,14,4.03541996462356e-13,1,2,1
P2/D4,621,14,33,16,18,30,17,14,16,17,18,30,33,240,240,0.234375000000009,154.453125,0.234375000000009,240,874.921875,0.90695048857183,99.9854866781074,5,6,1,13,8.13608929855524e-13,1,2,1
P2/D4,622,14,33,16,18,17,30,14,16,17,18,30,33,240,240,0.234375000000009,154.453125,0.234375000000009,240,874.921875,0.90695048857183,99.9854866781074,5,6,1,13,8.13608929855524e-13,1,2,1
P2/D4,623,14,33,16,17,30,18,14,16,17,18,30,33,240,240,155.15625,0.234375000000009,0.234375000000009,240,875.625,0.906170943182006,99.9848685965587,5,6,1,13,8.60111885844082e-13,1,2,1
P2/D4,624,14,33,16,17,18,30,14,16,17,18,30,33,240,240,155.15625,0.234375000000009,0.234375000000009,240,875.625,0.906170943182006,99.9848685965587,5,6,1,13,8.60111885844082e-13,1,2,1
P2/D4,625,14,30,33,18,17,16,14,16,17,18,30,33,240,0.234375000000009,0.234375000000009,184.453125,240,240,904.921875,0.894898881740102,99.9808678970176,5,6,1,14,4.3117483345153e-13,1,2,1
P2/D4,626,14,30,33,18,16,17,14,16,17,18,30,33,240,0.234375000000009,0.234375000000009,184.453125,240,240,904.921875,0.894898881740102,99.9808678970176,5,6,1,14,4.3117483345153e-13,1,2,1
P2/D4,627,14,30,33,17,18,16,14,16,17,18,30,33,240,0.234375000000009,185.15625,0.234375000000009,240,240,905.625,0.893945812074875,99.983208208386,5,6,1,14,4.59134220325156e-13,1,2,1
P2/D4,628,14,30,33,17,16,18,14,16,17,18,30,33,240,0.234375000000009,185.15625,0.234375000000009,240,240,905.625,0.893945812074875,99.983208208386,5,6,1,14,4.59134220325156e-13,1,2,1
P2/D4,629,14,30,33,16,18,17,14,16,17,18,30,33,240,189.140625,0.234375000000009,0.234375000000009,240,240,909.609375,0.89225197570961,99.9817485354776,5,6,1,14,5.9734643899101e-13,1,2,1
P2/D4,630,14,30,33,16,17,18,14,16,17,18,30,33,240,189.140625,0.234375000000009,0.234375000000009,240,240,909.609375,0.89225197570961,99.9817485354776,5,6,1,14,5.9734643899101e-13,1,2,1
P2/D4,631,14,30,18,33,17,16,14,16,17,18,30,33,240,0.234375000000009,0.234375000000009,240,240,174.609375,895.078125,0.899106820087722,99.9841115877312,5,6,1,14,2.5840836267324e-13,1,2,1
P2/D4,632,14,30,18,33,16,17,14,16,17,18,30,33,240,0.234375000000009,0.234375000000009,240,240,174.609375,895.078125,0.899106820087722,99.9841115877312,5,6,1,14,2.5840836267324e-13,1,2,1
P2/D4,633,14,30,18,17,33,16,14,16,17,18,30,33,240,0.234375000000009,154.921875,240,240,0.234375000000009,875.390625,0.909775445107315,99.982873059337,5,6,1,13,6.53618304688913e-13,1,2,1
P2/D4,634,14,30,18,17,16,33,14,16,17,18,30,33,240,0.234375000000009,154.921875,240,240,0.234375000000009,875.390625,0.909775445107315,99.982873059337,5,6,1,13,6.53618304688913e-13,1,2,1
P2/D4,635,14,30,18,16,33,17,14,16,17,18,30,33,240,156.796875,0.234375000000009,240,240,0.234375000000009,877.265625,0.9083925306089,99.9826997586924,5,6,1,13,7.47670422731911e-13,1,2,1
P2/D4,636,14,30,18,16,17,33,14,16,17,18,30,33,240,156.796875,0.234375000000009,240,240,0.234375000000009,877.265625,0.9083925306089,99.9826997586924,5,6,1,13,7.47670422731911e-13,1,2,1
P2/D4,637,14,30,17,33,18,16,14,16,17,18,30,33,240,0.234375000000009,240,0.234375000000009,240,175.78125,896.25,0.897821765157731,99.9805776396319,5,6,1,14,2.80544284879792e-13,1,2,1
P2/D4,638,14,30,17,33,16,18,14,16,17,18,30,33,240,0.234375000000009,240,0.234375000000009,240,175.78125,896.25,0.897821765157731,99.9805776396319,5,6,1,14,2.80544284879792e-13,1,2,1
P2/D4,639,14,30,17,18,33,16,14,16,17,18,30,33,240,0.234375000000009,240,155.15625,240,0.234375000000009,875.625,0.909351484118755,99.981763578869,5,6,1,13,6.64790501454449e-13,1,2,1
P2/D4,640,14,30,17,18,16,33,14,16,17,18,30,33,240,0.234375000000009,240,155.15625,240,0.234375000000009,875.625,0.909351484118755,99.981763578869,5,6,1,13,6.64790501454449e-13,1,2,1
P2/D4,641,14,30,17,16,33,18,14,16,17,18,30,33,240,157.734375,240,0.234375000000009,240,0.234375000000009,878.203125,0.907176052233633,99.9814309363418,5,6,1,13,8.04660707256008e-13,1,2,1
P2/D4,642,14,30,17,16,18,33,14,16,17,18,30,33,240,157.734375,240,0.234375000000009,240,0.234375000000009,878.203125,0.907176052233633,99.9814309363418,5,6,1,13,8.04660707256008e-13,1,2,1
P2/D4,643,14,30,16,33,18,17,14,16,17,18,30,33,240,240,0.234375000000009,0.234375000000009,240,181.171875,901.640625,0.895338671803518,99.9837454767944,5,6,1,14,4.06771303712837e-13,1,2,1
P2/D4,644,14,30,16,33,17,18,14,16,17,18,30,33,240,240,0.234375000000009,0.234375000000009,240,181.171875,901.640625,0.895338671803518,99.9837454767944,5,6,1,14,4.06771303712837e-13,1,2,1
P2/D4,645,14,30,16,18,33,17,14,16,17,18,30,33,240,240,0.234375000000009,158.203125,240,0.234375000000009,878.671875,0.90723093696326,99.987010714494,5,6,1,13,8.38654309210614e-13,1,2,1
P2/D4,646,14,30,16,18,17,33,14,16,17,18,30,33,240,240,0.234375000000009,158.203125,240,0.234375000000009,878.671875,0.90723093696326,99.987010714494,5,6,1,13,8.38654309210614e-13,1,2,1
P2/D4,647,14,30,16,17,33,18,14,16,17,18,30,33,240,240,158.90625,0.234375000000009,240,0.234375000000009,879.375,0.906431689643069,99.9867283108076,5,6,1,13,8.86271284038468e-13,1,2,1
P2/D4,648,14,30,16,17,18,33,14,16,17,18,30,33,240,240,158.90625,0.234375000000009,240,0.234375000000009,879.375,0.906431689643069,99.9867283108076,5,6,1,13,8.86271284038468e-13,1,2,1
P2/D4,649,14,18,33,30,17,16,14,16,17,18,30,33,240,0.234375000000009,0.234375000000009,240,173.671875,240,894.140625,0.899105797893436,99.9842447919594,5,6,1,14,2.55852142960183e-13,1,2,1
P2/D4,650,14,18,33,30,16,17,14,16,17,18,30,33,240,0.234375000000009,0.234375000000009,240,173.671875,240,894.140625,0.899105797893436,99.9842447919594,5,6,1,14,2.55852142960183e-13,1,2,1
P2/D4,651,14,18,33,17,30,16,14,16,17,18,30,33,240,0.234375000000009,150.9375,240,0.234375000000009,240,871.40625,0.90949840645291,99.9868317190347,5,6,1,13,6.30218456737771e-13,1,2,1
P2/D4,652,14,18,33,17,16,30,14,16,17,18,30,33,240,0.234375000000009,150.9375,240,0.234375000000009,240,871.40625,0.90949840645291,99.9868317190347,5,6,1,13,6.30218456737771e-13,1,2,1
P2/D4,653,14,18,33,16,30,17,14,16,17,18,30,33,240,152.8125,0.234375000000009,240,0.234375000000009,240,873.28125,0.908153410941645,99.9855883123841,5,6,1,13,7.21487629393086e-13,1,2,1
P2/D4,654,14,18,33,16,17,30,14,16,17,18,30,33,240,152.8125,0.234375000000009,240,0.234375000000009,240,873.28125,0.908153410941645,99.9855883123841,5,6,1,13,7.21487629393086e-13,1,2,1
P2/D4,655,14,18,30,33,17,16,14,16,17,18,30,33,240,0.234375000000009,0.234375000000009,240,240,174.609375,895.078125,0.899106820087722,99.9841115877312,5,6,1,14,2.5840836267324e-13,1,2,1
P2/D4,656,14,18,30,33,16,17,14,16,17,18,30,33,240,0.234375000000009,0.234375000000009,240,240,174.609375,895.078125,0.899106820087722,99.9841115877312,5,6,1,14,2.5840836267324e-13,1,2,1
P2/D4,657,14,18,30,17,33,16,14,16,17,18,30,33,240,0.234375000000009,154.921875,240,240,0.234375000000009,875.390625,0.909775445107315,99.982873059337,5,6,1,13,6.53618304688913e-13,1,2,1
P2/D4,658,14,18,30,17,16,33,14,16,17,18,30,33,240,0.234375000000009,154.921875,240,240,0.234375000000009,875.390625,0.909775445107315,99.982873059337,5,6,1,13,6.53618304688913e-13,1,2,1
P2/D4,659,14,18,30,16,33,17,14,16,17,18,30,33,240,156.796875,0.234375000000009,240,240,0.234375000000009,877.265625,0.9083925306089,99.9826997586924,5,6,1,13,7.47670422731911e-13,1,2,1
P2/D4,660,14,18,30,16,17,33,14,16,17,18,30,33,240,156.796875,0.234375000000009,240,240,0.234375000000009,877.265625,0.9083925306089,99.9826997586924,5,6,1,13,7.47670422731911e-13,1,2,1
P2/D4,661,14,18,17,33,30,16,14,16,17,18,30,33,240,0.234375000000009,240,240,0.234375000000009,142.96875,863.4375,0.915493818275891,99.9825796510213,5,6,1,13,3.62712530344492e-13,1,2,1
P2/D4,662,14,18,17,33,16,30,14,16,17,18,30,33,240,0.234375000000009,240,240,0.234375000000009,142.96875,863.4375,0.915493818275891,99.9825796510213,5,6,1,13,3.62712530344492e-13,1,2,1
P2/D4,663,14,18,17,30,33,16,14,16,17,18,30,33,240,0.234375000000009,240,240,145.78125,0.234375000000009,866.25,0.915495511307326,99.9840484604482,5,6,1,13,3.8247437653785e-13,1,2,1
P2/D4,664,14,18,17,30,16,33,14,16,17,18,30,33,240,0.234375000000009,240,240,145.78125,0.234375000000009,866.25,0.915495511307326,99.9840484604482,5,6,1,13,3.8247437653785e-13,1,2,1
P2/D4,665,14,18,17,16,33,30,14,16,17,18,30,33,240,136.640625,240,240,0.234375000000009,0.234375000000009,857.109375,0.923252331532553,99.9837460988315,5,6,1,13,2.10501502536684e-13,1,2,1
P2/D4,666,14,18,17,16,30,33,14,16,17,18,30,33,240,136.640625,240,240,0.234375000000009,0.234375000000009,857.109375,0.923252331532553,99.9837460988315,5,6,1,13,2.10501502536684e-13,1,2,1
P2/D4,667,14,18,16,33,30,17,14,16,17,18,30,33,240,240,0.234375000000009,240,0.234375000000009,145.546875,866.015625,0.91322080631248,99.9846462844543,5,6,1,13,4.41923533871965e-13,1,2,1
P2/D4,668,14,18,16,33,17,30,14,16,17,18,30,33,240,240,0.234375000000009,240,0.234375000000009,145.546875,866.015625,0.91322080631248,99.9846462844543,5,6,1,13,4.41923533871965e-13,1,2,1
P2/D4,669,14,18,16,30,33,17,14,16,17,18,30,33,240,240,0.234375000000009,240,148.59375,0.234375000000009,869.0625,0.913225744897297,99.981222598446,5,6,1,13,4.65576660447046e-13,1,2,1
P2/D4,670,14,18,16,30,17,33,14,16,17,18,30,33,240,240,0.234375000000009,240,148.59375,0.234375000000009,869.0625,0.913225744897297,99.981222598446,5,6,1,13,4.65576660447046e-13,1,2,1
P2/D4,671,14,18,16,17,33,30,14,16,17,18,30,33,240,240,137.34375,240,0.234375000000009,0.234375000000009,857.8125,0.922345536847359,99.9860473879921,5,6,1,13,2.22653539378568e-13,1,2,1
P2/D4,672,14,18,16,17,30,33,14,16,17,18,30,33,240,240,137.34375,240,0.234375000000009,0.234375000000009,857.8125,0.922345536847359,99.9860473879921,5,6,1,13,2.22653539378568e-13,1,2,1
P2/D4,673,14,17,33,30,18,16,14,16,17,18,30,33,240,0.234375000000009,240,0.234375000000009,174.84375,240,895.3125,0.897820450638937,99.9811718477855,5,6,1,14,2.77987500082051e-13,1,2,1
P2/D4,674,14,17,33,30,16,18,14,16,17,18,30,33,240,0.234375000000009,240,0.234375000000009,174.84375,240,895.3125,0.897820450638937,99.9811718477855,5,6,1,14,2.77987500082051e-13,1,2,1
P2/D4,675,14,17,33,18,30,16,14,16,17,18,30,33,240,0.234375000000009,240,151.171875,0.234375000000009,240,871.640625,0.909053146187943,99.9860739512857,5,6,1,13,6.41508153747012e-13,1,2,1
P2/D4,676,14,17,33,18,16,30,14,16,17,18,30,33,240,0.234375000000009,240,151.171875,0.234375000000009,240,871.640625,0.909053146187943,99.9860739512857,5,6,1,13,6.41508153747012e-13,1,2,1
P2/D4,677,14,17,33,16,30,18,14,16,17,18,30,33,240,153.75,240,0.234375000000009,0.234375000000009,240,874.21875,0.906936580688534,99.9843115731338,5,6,1,13,7.76480299163304e-13,1,2,1
P2/D4,678,14,17,33,16,18,30,14,16,17,18,30,33,240,153.75,240,0.234375000000009,0.234375000000009,240,874.21875,0.906936580688534,99.9843115731338,5,6,1,13,7.76480299163304e-13,1,2,1
P2/D4,679,14,17,30,33,18,16,14,16,17,18,30,33,240,0.234375000000009,240,0.234375000000009,240,175.78125,896.25,0.897821765157731,99.9805776396319,5,6,1,14,2.80544284879792e-13,1,2,1
P2/D4,680,14,17,30,33,16,18,14,16,17,18,30,33,240,0.234375000000009,240,0.234375000000009,240,175.78125,896.25,0.897821765157731,99.9805776396319,5,6,1,14,2.80544284879792e-13,1,2,1
P2/D4,681,14,17,30,18,33,16,14,16,17,18,30,33,240,0.234375000000009,240,155.15625,240,0.234375000000009,875.625,0.909351484118755,99.981763578869,5,6,1,13,6.64790501454449e-13,1,2,1
P2/D4,682,14,17,30,18,16,33,14,16,17,18,30,33,240,0.234375000000009,240,155.15625,240,0.234375000000009,875.625,0.909351484118755,99.981763578869,5,6,1,13,6.64790501454449e-13,1,2,1
P2/D4,683,14,17,30,16,33,18,14,16,17,18,30,33,240,157.734375,240,0.234375000000009,240,0.234375000000009,878.203125,0.907176052233633,99.9814309363418,5,6,1,13,8.04660707256008e-13,1,2,1
P2/D4,684,14,17,30,16,18,33,14,16,17,18,30,33,240,157.734375,240,0.234375000000009,240,0.234375000000009,878.203125,0.907176052233633,99.9814309363418,5,6,1,13,8.04660707256008e-13,1,2,1
P2/D4,685,14,17,18,33,30,16,14,16,17,18,30,33,240,0.234375000000009,240,240,0.234375000000009,142.96875,863.4375,0.915493818275891,99.9825796510213,5,6,1,13,3.62712530344492e-13,1,2,1
P2/D4,686,14,17,18,33,16,30,14,16,17,18,30,33,240,0.234375000000009,240,240,0.234375000000009,142.96875,863.4375,0.915493818275891,99.9825796510213,5,6,1,13,3.62712530344492e-13,1,2,1
P2/D4,687,14,17,18,30,33,16,14,16,17,18,30,33,240,0.234375000000009,240,240,145.78125,0.234375000000009,866.25,0.915495511307326,99.9840484604482,5,6,1,13,3.8247437653785e-13,1,2,1
P2/D4,688,14,17,18,30,16,33,14,16,17,18,30,33,240,0.234375000000009,240,240,145.78125,0.234375000000009,866.25,0.915495511307326,99.9840484604482,5,6,1,13,3.8247437653785e-13,1,2,1
P2/D4,689,14,17,18,16,33,30,14,16,17,18,30,33,240,136.640625,240,240,0.234375000000009,0.234375000000009,857.109375,0.923252331532553,99.9837460988315,5,6,1,13,2.10501502536684e-13,1,2,1
P2/D4,690,14,17,18,16,30,33,14,16,17,18,30,33,240,136.640625,240,240,0.234375000000009,0.234375000000009,857.109375,0.923252331532553,99.9837460988315,5,6,1,13,2.10501502536684e-13,1,2,1
P2/D4,691,14,17,16,33,30,18,14,16,17,18,30,33,240,240,240,0.234375000000009,0.234375000000009,146.484375,866.953125,0.911956105546882,99.9849249144239,5,6,1,13,4.78591562587827e-13,1,2,1
P2/D4,692,14,17,16,33,18,30,14,16,17,18,30,33,240,240,240,0.234375000000009,0.234375000000009,146.484375,866.953125,0.911956105546882,99.9849249144239,5,6,1,13,4.78591562587827e-13,1,2,1
P2/D4,693,14,17,16,30,33,18,14,16,17,18,30,33,240,240,240,0.234375000000009,149.53125,0.234375000000009,870,0.911960800684281,99.9819205696208,5,6,1,13,5.03692131938461e-13,1,2,1
P2/D4,694,14,17,16,30,18,33,14,16,17,18,30,33,240,240,240,0.234375000000009,149.53125,0.234375000000009,870,0.911960800684281,99.9819205696208,5,6,1,13,5.03692131938461e-13,1,2,1
P2/D4,695,14,17,16,18,33,30,14,16,17,18,30,33,240,240,240,137.578125,0.234375000000009,0.234375000000009,858.046875,0.92183559323242,99.9864243738834,5,6,1,13,2.27631696227541e-13,1,2,1
P2/D4,696,14,17,16,18,30,33,14,16,17,18,30,33,240,240,240,137.578125,0.234375000000009,0.234375000000009,858.046875,0.92183559323242,99.9864243738834,5,6,1,13,2.27631696227541e-13,1,2,1
P2/D4,697,14,16,33,30,18,17,14,16,17,18,30,33,240,240,0.234375000000009,0.234375000000009,180.46875,240,900.9375,0.895339988117253,99.9804979052092,5,6,1,14,4.03541996462356e-13,1,2,1
P2/D4,698,14,16,33,30,17,18,14,16,17,18,30,33,240,240,0.234375000000009,0.234375000000009,180.46875,240,900.9375,0.895339988117253,99.9804979052092,5,6,1,14,4.03541996462356e-13,1,2,1
P2/D4,699,14,16,33,18,30,17,14,16,17,18,30,33,240,240,0.234375000000009,154.453125,0.234375000000009,240,874.921875,0.90695048857183,99.9854866781074,5,6,1,13,8.13608929855524e-13,1,2,1
P2/D4,700,14,16,33,18,17,30,14,16,17,18,30,33,240,240,0.234375000000009,154.453125,0.234375000000009,240,874.921875,0.90695048857183,99.9854866781074,5,6,1,13,8.13608929855524e-13,1,2,1
P2/D4,701,14,16,33,17,30,18,14,16,17,18,30,33,240,240,155.15625,0.234375000000009,0.234375000000009,240,875.625,0.906170943182006,99.9848685965587,5,6,1,13,8.60111885844082e-13,1,2,1
P2/D4,702,14,16,33,17,18,30,14,16,17,18,30,33,240,240,155.15625,0.234375000000009,0.234375000000009,240,875.625,0.906170943182006,99.9848685965587,5,6,1,13,8.60111885844082e-13,1,2,1
P2/D4,703,14,16,30,33,18,17,14,16,17,18,30,33,240,240,0.234375000000009,0.234375000000009,240,181.171875,901.640625,0.895338671803518,99.9837454767944,5,6,1,14,4.06771303712837e-13,1,2,1
P2/D4,704,14,16,30,33,17,18,14,16,17,18,30,33,240,240,0.234375000000009,0.234375000000009,240,181.171875,901.640625,0.895338671803518,99.9837454767944,5,6,1,14,4.06771303712837e-13,1,2,1
P2/D4,705,14,16,30,18,33,17,14,16,17,18,30,33,240,240,0.234375000000009,158.203125,240,0.234375000000009,878.671875,0.90723093696326,99.987010714494,5,6,1,13,8.38654309210614e-13,1,2,1
P2/D4,706,14,16,30,18,17,33,14,16,17,18,30,33,240,240,0.234375000000009,158.203125,240,0.234375000000009,878.671875,0.90723093696326,99.987010714494,5,6,1,13,8.38654309210614e-13,1,2,1
P2/D4,707,14,16,30,17,33,18,14,16,17,18,30,33,240,240,158.90625,0.234375000000009,240,0.234375000000009,879.375,0.906431689643069,99.9867283108076,5,6,1,13,8.86271284038468e-13,1,2,1
P2/D4,708,14,16,30,17,18,33,14,16,17,18,30,33,240,240,158.90625,0.234375000000009,240,0.234375000000009,879.375,0.906431689643069,99.9867283108076,5,6,1,13,8.86271284038468e-13,1,2,1
P2/D4,709,14,16,18,33,30,17,14,16,17,18,30,33,240,240,0.234375000000009,240,0.234375000000009,145.546875,866.015625,0.91322080631248,99.9846462844543,5,6,1,13,4.41923533871965e-13,1,2,1
P2/D4,710,14,16,18,33,17,30,14,16,17,18,30,33,240,240,0.234375000000009,240,0.234375000000009,145.546875,866.015625,0.91322080631248,99.9846462844543,5,6,1,13,4.41923533871965e-13,1,2,1
P2/D4,711,14,16,18,30,33,17,14,16,17,18,30,33,240,240,0.234375000000009,240,148.59375,0.234375000000009,869.0625,0.913225744897297,99.981222598446,5,6,1,13,4.65576660447046e-13,1,2,1
P2/D4,712,14,16,18,30,17,33,14,16,17,18,30,33,240,240,0.234375000000009,240,148.59375,0.234375000000009,869.0625,0.913225744897297,99.981222598446,5,6,1,13,4.65576660447046e-13,1,2,1
P2/D4,713,14,16,18,17,33,30,14,16,17,18,30,33,240,240,137.34375,240,0.234375000000009,0.234375000000009,857.8125,0.922345536847359,99.9860473879921,5,6,1,13,2.22653539378568e-13,1,2,1
P2/D4,714,14,16,18,17,30,33,14,16,17,18,30,33,240,240,137.34375,240,0.234375000000009,0.234375000000009,857.8125,0.922345536847359,99.9860473879921,5,6,1,13,2.22653539378568e-13,1,2,1
P2/D4,715,14,16,17,33,30,18,14,16,17,18,30,33,240,240,240,0.234375000000009,0.234375000000009,146.484375,866.953125,0.911956105546882,99.9849249144239,5,6,1,13,4.78591562587827e-13,1,2,1
P2/D4,716,14,16,17,33,18,30,14,16,17,18,30,33,240,240,240,0.234375000000009,0.234375000000009,146.484375,866.953125,0.911956105546882,99.9849249144239,5,6,1,13,4.78591562587827e-13,1,2,1
P2/D4,717,14,16,17,30,33,18,14,16,17,18,30,33,240,240,240,0.234375000000009,149.53125,0.234375000000009,870,0.911960800684281,99.9819205696208,5,6,1,13,5.03692131938461e-13,1,2,1
P2/D4,718,14,16,17,30,18,33,14,16,17,18,30,33,240,240,240,0.234375000000009,149.53125,0.234375000000009,870,0.911960800684281,99.9819205696208,5,6,1,13,5.03692131938461e-13,1,2,1
P2/D4,719,14,16,17,18,33,30,14,16,17,18,30,33,240,240,240,137.578125,0.234375000000009,0.234375000000009,858.046875,0.92183559323242,99.9864243738834,5,6,1,13,2.27631696227541e-13,1,2,1
P2/D4,720,14,16,17,18,30,33,14,16,17,18,30,33,240,240,240,137.578125,0.234375000000009,0.234375000000009,858.046875,0.92183559323242,99.9864243738834,5,6,1,13,2.27631696227541e-13,1,2,1
